txn_id,event_ts,amount,currency,merchant_id,merchant_category,channel,country,customer_id,customer_tenure_days,txns_30d,avg_amount_30d,prior_declines_30d,hour,is_new_device,payment_method,device_fingerprint,ops_review_code,rules_engine_decline,is_fraud
TXN-000790,19/08/2026 22:38,9.42,NGN,M-2017,,ios,NGA,C-10165,548.0,11,9.5,0,1,1,momo,DEV-45366,CNF,Y,1
TXN-002393,2026-08-09T11:21:00,32.23,GHS,M-2048,restaurants,ios,gh,C-10578,1.0,11,18.7,0,11,0,momo,DEV-27711,CLR,N,0
TXN-000145,03/09/2026 23:54,34.02,USD,M-2073,electronics,android,Kenya,C-10623,1442.0,8,49.68,1,1,0,card,DEV-14008,CLR,N,0
TXN-001134,05/09/2026 05:33,67.43,GHS,M-2041,,android,ng,C-10283,720.0,34,88.69,0,12,0,card,DEV-83974,CLR,N,0
TXN-000464,17/08/2026 14:38,8.67,GHS,M-2016,RESTAURANTS,web,Ghana,C-10564,448.0,0,12.06,5,11,0,card,DEV-59655,CLR,Y,0
TXN-000292,2026-08-04T05:03:00,6.90,GHS,M-2089,crypto,ios,Ghana,C-10442,1334.0,9,4.87,0,16,0,momo,DEV-80486,CNF,Y,1
TXN-000558,2026-08-14T09:29:00,16.19,GHS,M-2007,Telecom,ussd,ng,C-10653,6.0,18,21.2,6,14,0,card,DEV-88568,CLR,Y,0
TXN-001761,2026-09-03 14:15:00,8.74,NGN,M-2073,electronics,android,GHA,C-10262,264.0,6,5.54,0,,0,momo,DEV-18945,CLR,N,0
TXN-002041,2026-08-03T15:50:00,189.01,GHS,M-2030,telecom,ios,ke,C-10614,11.0,11,156.74,0,7,0,momo,DEV-78882,CLR,N,0
TXN-002722,2026-08-31T15:09:00,42.30,USD,M-2024,,android,Ghana,C-10498,37.0,32,65.18,7,16,0,card,DEV-34897,CLR,Y,0
TXN-001374,2026-09-03T01:05:00,24.73,GHS,M-2019,RESTAURANTS,web,ke,C-10004,269.0,38,22.34,2,13,1,momo,DEV-36168,CLR,Y,0
TXN-000355,01/09/2026 14:56,61.15,NGN,M-2064,Restaurants,android,gh,C-10707,1176.0,37,81.34,0,11,1,momo,DEV-71532,CLR,Y,0
TXN-001747,2026-07-30 22:36:00,17.57,GHS,M-2005,other,pos,NGA,C-10356,946.0,27,20.96,0,5,0,momo,DEV-15297,CLR,N,0
TXN-001794,2026-08-09 06:24:00,,NGN,M-2094,ELECTRONICS,ios,GH,C-10629,259.0,1,34.49,0,8,0,bank,DEV-94652,CLR,N,0
TXN-000135,23/07/2026 18:55,102.88,GHS,M-2010,travel,web,Ghana,C-10069,1338.0,3,46.65,0,4,0,card,DEV-72551,CLR,N,0
TXN-002632,2026-09-08T15:33:00,79.11,USD,M-2080,restaurants,ios,NGA,C-10154,189.0,0,80.89,0,11,0,card,DEV-51570,ESC,N,1
TXN-000888,2026-08-24T23:42:00,25.10,GHS,M-2049,grocery,pos,ng,C-10558,1138.0,16,35.26,0,3,1,card,DEV-10335,CLR,Y,0
TXN-001914,2026-08-14 05:58:00,88.57,USD,M-2003,telecom,ios,gh,C-10456,115.0,20,102.53,0,12,0,momo,DEV-46742,CLR,N,0
TXN-002020,2026-08-12T07:44:00,88.15,GHS,M-2010,travel,android,gh,C-10657,264.0,14,134.51,0,15,0,momo,DEV-98753,CLR,N,0
TXN-000077,2026-07-26 02:11:00,98.51,GHS,M-2068,grocery,android,NGA,C-10469,1575.0,36,83.29,0,1,1,momo,DEV-66902,CLR,Y,0
TXN-003069,2026-08-02 05:59:00,5.56,GHS,M-2047,electronics,pos,GHA,C-10087,1045.0,20,5.78,0,2,0,bank,DEV-81335,CLR,N,0
TXN-002377,2026-09-05T07:05:00,6.92,GHS,M-2076,unk,ios,Ghana,C-10613,1497.0,5,9.05,0,3,1,momo,DEV-61113,CNF,Y,1
TXN-000031,08-31-2026,180.14,NGN,M-2032,electronics,ussd,Ghana,C-10017,169.0,14,204.19,0,19,0,card,DEV-90722,CLR,N,0
TXN-002223,28/08/2026 16:52,$221.34,GHS,M-2064,restaurants,ios,gh,C-10532,818.0,39,253.64,5,9,0,bank,DEV-71895,CLR,Y,0
TXN-001638,2026-09-07T21:55:00,12.66,GHS,M-2022,OTHER,android,GHA,C-10630,1025.0,19,14.9,0,,0,card,DEV-94002,ESC,N,0
TXN-003050,2026-07-29T03:58:00,28.08,NGN,M-2083,GROCERY,android,Kenya,C-10617,749.0,18,40.04,0,9,0,bank,DEV-29068,CNF,N,0
TXN-001367,21/08/2026 06:38,7.58,NGN,M-2080,restaurants,ios,NGA,C-10183,1533.0,30,6.56,0,4,0,momo,DEV-59441,CLR,N,0
TXN-002458,30/07/2026 17:37,11.80,GHS,M-2061,crypto,ussd,ng,C-10059,1627.0,22,12.92,0,,0,momo,DEV-88086,ESC,Y,1
TXN-000153,2026-08-18T06:19:00,24.43,GHS,M-2091, telecom ,ussd,GH,C-10403,734.0,21,19.2,0,12,1,card,DEV-22188,CLR,Y,0
TXN-001602,29/08/2026 12:48,15.37,GHS,M-2044,FUEL,web,Ghana,C-10125,334.0,5,7.1,0,10,0,momo,DEV-31570,CLR,N,0
TXN-000258,22/07/2026 02:56,NA,GHS,M-2006,telecom,ussd,GH,C-10667,,21,48.14,0,15,0,card,DEV-94715,CLR,N,0
TXN-000280,2026-07-20T23:34:00,67.57 GHS,GHS,M-2022, other ,ios,NG,C-10682,556.0,21,33.21,0,10,0,card,DEV-96799,ESC,N,0
TXN-002928,10/09/2026 01:36,13.62,GHS,M-2074, grocery ,ios,gh,C-10449,1715.0,27,12.42,5,10,1,card,DEV-64935,ESC,Y,0
TXN-000411,2026-08-31T10:55:00,8.13,GHS,M-2061,crypto,ios,NGA,C-10290,256.0,7,12.56,4,9,0,momo,DEV-56870,CLR,Y,0
TXN-000486,2026-08-20T09:13:00,28.51,NGN,M-2079,telecom,android,gh,C-10554,1579.0,24,40.8,0,23,1,momo,DEV-57278,CLR,Y,0
TXN-000325,2026-08-24T20:48:00,49.35,GHS,M-2092,Gambling,web,NG,C-10274,282.0,8,45.0,4,19,0,card,DEV-31105,CNF,Y,1
TXN-001887,2026-08-13T02:32:00,13.81,GHS,M-2044,fuel,android,Nigeria,C-10520,515.0,7,11.4,0,8,0,card,DEV-18238,CLR,N,0
TXN-003100,2026-07-31 15:41:00,25.34,GHS,M-2095,,web,gh,C-10143,199.0,18,28.47,3,6,0,momo,DEV-79476,CLR,Y,0
TXN-001289,07/08/2026 20:50,16.50,GHS,M-2087,gambling,ios,ke,C-10457,3.0,21,7.78,6,8,0,card,DEV-67669,CLR,Y,0
TXN-000943,13/08/2026 21:35,208.07,USD,M-2012,restaurants,android,GH,C-10326,7.0,22,98.57,2,14,0,momo,DEV-88022,CLR,Y,0
TXN-002985,24/08/2026 23:55,41.05,GHS,M-2079,telecom,web,NG,C-10342,1165.0,22,61.46,0,7,0,bank,DEV-94915,CLR,N,0
TXN-000766,2026-07-29T11:22:00,63.57,GHS,M-2013,fuel,pos,NGA,C-10236,65.0,29,61.91,0,18,0,momo,DEV-91398,CLR,N,0
TXN-002781,2026-08-29 15:30:00,16.72,GHS,M-2009,gambling,web,GHA,C-10002,1291.0,9,10.16,5,22,0,momo,DEV-44204,CNF,Y,1
TXN-002846,2026-08-05T11:58:00,13.31,GHS,M-2085,Grocery,android,NG,C-10434,1378.0,36,13.79,0,1,0,momo,DEV-53524,CLR,N,0
TXN-000018,19/07/2026 07:03,153.88,GHS,M-2062,restaurants,web,gh,C-10095,841.0,16,143.57,0,7,0,card,DEV-28040,CLR,N,0
TXN-000569,2026-08-16T05:59:00,39.50,GHS,M-2013,FUEL,ussd,GHA,C-10292,1470.0,19,29.24,0,21,0,bank,DEV-88664,CNF,N,1
TXN-000322,2026-07-20T18:32:00,21.97,GHS,M-2021,TRAVEL,web,KE,C-10688,1167.0,7,20.85,7,23,0,momo,DEV-79973,CLR,Y,0
TXN-000204,07-24-2026,57.41,GHS,M-2064,restaurants,web,Ghana,C-10262,264.0,31,26.36,0,4,0,momo,DEV-66761,CLR,N,0
TXN-000622,2026-07-24T15:23:00,$4.90,GHS,M-2049,grocery,web,Ghana,C-10445,975.0,10,4.91,0,15,0,momo,DEV-48261,CLR,N,0
TXN-001133,2026-08-25 03:41:00,24.74,GHS,M-2047,electronics,android,gh,C-10327,505.0,14,27.96,0,8,0,momo,DEV-45942,CLR,N,0
TXN-001988,08-08-2026,11.88,GHS,M-2058,Grocery,android,Nigeria,C-10544,811.0,19,6.57,0,21,0,momo,DEV-13059,CLR,N,0
TXN-002621,06/08/2026 15:31,25.73,GHS,M-2032,electronics,android,Ghana,C-10734,667.0,22,34.65,0,5,0,momo,DEV-53591,CLR,N,0
TXN-000777,2026-08-16 08:34:00,22.06,NGN,M-2048,restaurants,pos,GH,C-10022,288.0,10,27.32,0,10,0,card,DEV-92563,CLR,N,0
TXN-000507,12/08/2026 01:06,,GHS,M-2067,electronics,ussd,GHA,C-10298,1491.0,21,12.94,0,19,0,card,DEV-58973,CLR,N,0
TXN-001629,09-01-2026,115.84,GHS,M-2044, fuel ,ios,Ghana,C-10445,975.0,16,170.52,0,17,1,momo,DEV-25747,CLR,Y,0
TXN-000496,2026-08-08T11:10:00,39.02,GHS,M-2013,fuel,pos,GHA,C-10454,553.0,14,24.94,0,7,1,bank,DEV-16885,CLR,Y,0
TXN-001537,2026-08-16T18:14:00,263.68,GHS,M-2042,telecom,android,gh,C-10252,650.0,19,137.8,5,21,0,card,DEV-59814,CLR,Y,0
TXN-002459,2026-08-16T21:15:00,15.20,GHS,M-2044,fuel,ios,Ghana,C-10736,835.0,7,23.51,4,3,0,momo,DEV-77038,CLR,Y,0
TXN-000140,2026-09-07T16:14:00,11.50,GHS,M-2024,,pos,gh,C-10400,724.0,7,8.22,0,,0,card,DEV-81728,CNF,N,1
TXN-001160,2026-08-01 07:52:00,14.51,GHS,M-2050,,ussd,gh,C-10644,,10,19.79,0,21,1,card,DEV-29792,CLR,Y,0
TXN-000508,27/07/2026 08:26,,GHS,M-2020,telecom,web,GHA,C-10043,1581.0,27,8.0,0,12,0,card,DEV-44257,ESC,N,0
TXN-001546,2026-08-29T09:43:00,272.92,GHS,M-2055,telecom,android,GH,C-10332,,7,403.88,0,9,0,momo,DEV-45681,CLR,N,0
TXN-000033,2026-08-23 00:27:00,106.48,GHS,M-2015,electronics,android,GHA,C-10385,1329.0,36,55.48,1,16,0,bank,DEV-72047,CLR,N,0
TXN-002047,2026-08-30T14:33:00,32.56,GHS,M-2026,GAMBLING,pos,Ghana,C-10655,302.0,3,23.24,2,7,0,card,DEV-18815,ESC,Y,0
TXN-000415,2026-07-22T05:38:00,37.14,GHS,M-2068,grocery,web,ng,C-10556,521.0,5,44.57,0,11,0,bank,DEV-76034,CLR,N,0
TXN-001345,22/07/2026 16:08,56.00,GHS,M-2059,,web,GH,C-10103,235.0,21,76.12,0,14,0,card,DEV-19341,CLR,N,0
TXN-002431,2026-08-05T04:17:00,23.68,GHS,M-2000,telecom,android,ng,C-10512,1140.0,3,28.66,0,23,0,card,DEV-96209,CLR,N,0
TXN-000933,15/08/2026 16:19,193.13,GHS,M-2049,grocery,web,ng,C-10054,1709.0,24,213.89,0,0,0,card,DEV-34353,CLR,N,0
TXN-000257,24/08/2026 05:26,31.23,GHS,M-2070,grocery,android,Kenya,C-10534,4.0,39,21.5,0,3,0,momo,DEV-52278,ESC,N,0
TXN-002357,25/08/2026 18:44,32.08 GHS,GHS,M-2030,,web,ng,C-10405,6.0,0,48.28,0,5,0,bank,DEV-22504,CLR,N,0
TXN-003042,2026-08-25 23:10:00,115.52,NGN,M-2062,Restaurants,web,Kenya,C-10506,1127.0,24,92.41,0,16,0,card,DEV-16718,CLR,N,0
TXN-000103,2026-08-17 16:31:00,29.10,GHS,M-2078,restaurants,web,GH,C-10619,10.0,24,41.89,6,11,0,momo,DEV-23539,CLR,Y,0
TXN-000290,2026-07-21T08:35:00,30.07,GHS,M-2051,GROCERY,ios,NGA,C-10452,1341.0,36,45.37,0,17,0,momo,DEV-32259,CLR,N,0
TXN-002038,2026-07-27T03:45:00,101.79,GHS,M-2005,OTHER,pos,GHA,C-10296,1510.0,11,79.33,2,18,0,momo,DEV-42195,CLR,Y,0
TXN-000696,27/08/2026 11:38,233.49,NGN,M-2003,telecom,web,Ghana,C-10373,1785.0,14,189.46,0,4,0,momo,DEV-68593,CLR,N,0
TXN-002581,2026-08-02T01:23:00,52.53,NGN,M-2093,travel,web,GH,C-10060,1259.0,18,33.54,0,6,0,momo,DEV-53750,CNF,N,0
TXN-000431,2026-08-02T04:19:00,14.94,GHS,M-2031,other,web,GHA,C-10564,448.0,22,16.29,0,7,0,momo,DEV-57001,CLR,N,0
TXN-001229,2026-07-21T06:46:00,5.49,GHS,M-2028,,ios,GHA,C-10670,982.0,11,8.16,0,12,0,momo,DEV-97550,CLR,N,0
TXN-000680,2026-08-25T04:07:00, 13.89 ,NGN,M-2060,restaurants,web,NG,C-10728,11.0,35,17.54,0,5,0,card,DEV-25998,CLR,N,0
TXN-000193,07-29-2026,37,USD,M-2059,grocery,web,gh,C-10161,129.0,29,20.56,0,1,1,card,DEV-52953,CLR,Y,0
TXN-003061,2026-08-06 07:33:00,56.18,NGN,M-2086,telecom,pos,gh,C-10459,1757.0,25,51.38,2,3,0,card,DEV-23588,CLR,Y,0
TXN-001045,2026-08-15T22:29:00,22.10,GHS,M-2000,telecom,pos,Nigeria,C-10732,,36,19.04,0,7,0,card,DEV-88646,CLR,N,0
TXN-000556,01/09/2026 15:46,191.12,GHS,M-2078,Restaurants,ios,NGA,C-10268,295.0,16,282.47,0,22,0,momo,DEV-71813,ESC,N,0
TXN-001799,2026-08-19T11:19:00,60.90,NGN,M-2027,grocery,ios,Ghana,C-10397,,10,49.95,0,13,0,card,DEV-37628,CLR,N,0
TXN-002874,2026-08-26T02:00:00, 30.01 ,GHS,M-2070,grocery,ios,gh,C-10410,584.0,6,40.78,0,23,0,momo,DEV-43056,CLR,N,0
TXN-000310,01/08/2026 04:53,18.24,GHS,M-2086,TELECOM,web,ng,C-10337,1138.0,16,25.32,0,4,0,card,DEV-11038,CLR,N,0
TXN-000094,26/07/2026 03:05,26.22,NGN,M-2092,gambling,ios,GH,C-10403,734.0,14,26.01,0,16,0,momo,DEV-24507,CLR,Y,0
TXN-001622,03/09/2026 10:30,15.72,NGN,M-2071,travel,android,Ghana,C-10098,,37,21.98,0,1,0,momo,DEV-94823,CLR,N,0
TXN-002204,2026-08-15T05:39:00,20.97,GHS,M-2066,restaurants,web,ke,C-10004,269.0,27,28.87,0,9,0,card,DEV-16649,CLR,N,0
TXN-002031,2026-08-12T08:52:00,54.68,GHS,M-2056,gambling,android,NGA,C-10588,,25,36.38,0,1,0,momo,DEV-59346,CLR,Y,0
TXN-002348,2026-08-19T21:13:00,13.66,GHS,M-2032,electronics,ios,NG,C-10519,737.0,15,20.47,2,16,0,card,DEV-75827,CLR,Y,0
TXN-000255,2026-07-24T12:59:00,27.35,GHS,M-2017,grocery,web,GHA,C-10169,,27,39.77,0,8,0,card,DEV-62627,CLR,N,0
TXN-000171,05/08/2026 00:45,42.04,GHS,M-2013,fuel,web,ke,C-10289,1779.0,14,51.54,0,18,0,card,DEV-65684,CLR,N,0
TXN-003047,27/07/2026 21:26,,USD,M-2093,,pos,ke,C-10077,1294.0,30,11.39,0,13,0,card,DEV-10429,CLR,N,0
TXN-001092,2026-07-23T09:21:00,102.68,NGN,M-2020,,android,Ghana,C-10390,269.0,15,131.68,0,1,0,card,DEV-43831,CLR,N,0
TXN-003018,2026-09-06T10:34:00,24.98,NGN,M-2070,GROCERY,ussd,gh,C-10532,818.0,16,33.32,0,21,0,bank,DEV-17419,CLR,N,0
TXN-003130,2026-09-08T03:40:00,39.51,NGN,M-2044,fuel,pos,GHA,C-10493,1662.0,10,58.08,0,22,0,momo,DEV-84406,CLR,N,0
TXN-001504,23/07/2026 11:54,11.07,GHS,M-2059,grocery,android,GHA,C-10041,2.0,35,5.31,0,,0,card,DEV-67717,CLR,N,0
TXN-000806,2026-08-27T05:18:00,,GHS,M-2018,fuel,ios,GH,C-10251,782.0,4,21.99,2,10,0,momo,DEV-83949,CLR,Y,0
TXN-000443,2026-08-25T03:44:00,12.44,GHS,M-2092,Gambling,web,GH,C-10454,553.0,34,8.86,0,4,1,card,DEV-19035,ESC,Y,0
TXN-001972,2026-07-21T04:11:00,3.00,GHS,M-2023,fuel,web,KE,C-10245,883.0,12,1.91,0,13,0,momo,DEV-50475,CLR,N,0
TXN-002482,2026-09-07T08:55:00,16.66,USD,M-2074,grocery,android,Ghana,C-10212,10.0,1,9.89,3,6,0,momo,DEV-54825,CLR,Y,0
TXN-002355,2026-08-29 06:25:00,89.62,GHS,M-2083,,web,Ghana,C-10167,995.0,1,48.87,7,19,1,momo,DEV-10936,CNF,Y,0
TXN-003045,2026-09-07T06:37:00,,GHS,M-2031,other,android,GHA,C-10235,290.0,39,6.91,0,2,0,momo,DEV-92919,CLR,N,0
TXN-000230,2026-08-03T05:51:00,12.39,GHS,M-2083,,ios,Nigeria,C-10083,574.0,34,17.99,0,,0,momo,DEV-86425,CLR,N,0
TXN-001475,05/08/2026 18:52,,USD,M-2054,unk,web,GHA,C-10137,11.0,9,55.8,0,7,0,momo,DEV-19073,CLR,N,0
TXN-002571,08-17-2026,24.96,GHS,M-2083,grocery,ios,GH,C-10312,1147.0,16,27.31,5,5,0,momo,DEV-29222,CLR,Y,0
TXN-001607,11/09/2026 17:31,34.68,GHS,M-2049,GROCERY,android,GHA,C-10596,212.0,16,38.37,0,4,0,momo,DEV-33293,CLR,N,0
TXN-002793,2026-07-26 00:29:00,37.75,NGN,M-2001, gambling ,ios,GHA,C-10134,15.0,1,45.69,0,8,0,momo,DEV-12905,CLR,Y,0
TXN-001612,2026-08-30T09:50:00,47.39,GHS,M-2019,restaurants,android,GHA,C-10364,,28,61.96,0,21,0,card,DEV-78452,CLR,N,0
TXN-002491,2026-08-23 04:15:00,3.26,GHS,M-2077,restaurants,web,Nigeria,C-10329,111.0,21,1.84,0,11,1,momo,DEV-73333,ESC,Y,0
TXN-001973,2026-07-26T19:45:00,14.54,USD,M-2051,grocery,ios,ng,C-10154,189.0,22,18.88,3,6,0,momo,DEV-21471,CLR,Y,0
TXN-000845,24/07/2026 01:49,57,GHS,M-2056, gambling ,ios,GHA,C-10156,1105.0,30,28.1,1,15,0,card,DEV-81628,CLR,Y,0
TXN-002980,2026-08-12T06:10:00,19.54,NGN,M-2092,GAMBLING,web,gh,C-10095,,6,15.67,0,16,1,card,DEV-13659,CLR,Y,0
TXN-000347,08-07-2026,38.09,USD,M-2063,TELECOM,ios,NG,C-10552,721.0,26,31.25,0,11,0,card,DEV-16939,CLR,N,0
TXN-000412,07/09/2026 13:24,24.59,GHS,M-2003,telecom,web,gh,C-10532,818.0,23,34.32,0,5,1,momo,DEV-35365,CLR,Y,0
TXN-000264,2026-07-18T16:14:00,21.90,GHS,M-2006,,ussd,GHA,C-10608,1373.0,4,13.58,0,7,0,momo,DEV-63262,CLR,N,0
TXN-000818,2026-08-14T13:03:00,23.27,GHS,M-2031,other,android,gh,C-10091,1083.0,17,14.13,0,21,0,card,DEV-33984,CLR,N,0
TXN-000808,2026-07-19 02:45:00,71.04 GHS,GHS,M-2067,electronics,ios,GHA,C-10327,505.0,3,82.25,2,17,0,momo,DEV-16635,CLR,Y,0
TXN-001666,08-20-2026,,GHS,M-2063,,android,Ghana,C-10036,438.0,29,22.77,0,8,0,momo,DEV-87001,CLR,N,0
TXN-002786,08/08/2026 15:08,31.78,GHS,M-2084,GROCERY,pos,NGA,C-10025,268.0,31,20.05,0,8,1,bank,DEV-95609,CLR,Y,0
TXN-003111,2026-07-30T22:39:00,18.34,NGN,M-2034,Gambling,web,KE,C-10065,6.0,33,23.03,0,7,0,momo,DEV-20069,CLR,Y,0
TXN-001346,06/08/2026 07:19,40.79,GHS,M-2001,gambling,web,Nigeria,C-10155,,31,59.04,0,20,0,card,DEV-31984,CLR,Y,0
TXN-002712,2026-08-27T05:03:00,11.18,GHS,M-2019,restaurants,ussd,NGA,C-10592,190.0,16,14.57,0,21,0,momo,DEV-99421,CLR,N,0
TXN-002044,01/08/2026 05:27,,GHS,M-2012,RESTAURANTS,android,Ghana,C-10215,744.0,36,2.07,0,,0,momo,DEV-49763,CLR,N,0
TXN-001272,2026-08-11T14:51:00,36.84,GHS,M-2013,fuel,ios,Ghana,C-10538,1259.0,17,26.51,0,,0,momo,DEV-44300,CLR,N,0
TXN-003048,2026-08-18T08:12:00,115.26,NGN,M-2063,Telecom,ios,Ghana,C-10307,1430.0,35,122.61,5,15,0,card,DEV-35655,CLR,Y,0
TXN-000174,2026-08-11T13:47:00,88.75,GHS,M-2081,travel,android,NGA,C-10535,1510.0,0,51.37,0,20,1,bank,DEV-20116,CNF,Y,0
TXN-000841,22/07/2026 15:51,12.61,GHS,M-2030,telecom,ios,KE,C-10245,883.0,32,9.01,0,11,0,card,DEV-93403,CLR,N,0
TXN-002330,2026-08-10T12:46:00,3782.44,GHS,M-2064, restaurants ,ios,GHA,C-10625,884.0,31,4044.58,0,18,0,momo,DEV-57105,ESC,Y,0
TXN-002710,21/07/2026 13:05,35.44,NGN,M-2039,,android,NG,C-10132,230.0,23,33.32,0,14,1,momo,DEV-51207,CLR,Y,0
TXN-001430,2026-08-08T05:24:00,NA,NGN,M-2083,,android,gh,C-10002,1291.0,14,11.85,0,,0,card,DEV-65250,CLR,N,0
TXN-000300,2026-08-22T02:30:00,36.80,NGN,M-2037,crypto,ussd,Nigeria,C-10530,70.0,7,55.04,0,15,1,card,DEV-11638,CLR,Y,0
TXN-002567,2026-07-28T15:11:00,18.15,NGN,M-2014,gambling,android,Ghana,C-10689,1352.0,0,25.85,2,23,0,card,DEV-95923,CLR,Y,0
TXN-002243,26/08/2026 08:28,21.57,GHS,M-2067,electronics,web,Kenya,C-10502,419.0,32,29.87,0,22,1,momo,DEV-52292,CLR,Y,0
TXN-002085,2026-09-04T23:55:00,82.01,GHS,M-2055,telecom,pos,ng,C-10111,1718.0,22,60.66,0,6,0,card,DEV-24585,CLR,N,0
TXN-000326,2026-08-05T22:06:00, 19.47 ,GHS,M-2067,Electronics,android,ng,C-10443,,39,10.67,3,8,1,card,DEV-87499,CNF,Y,1
TXN-000860,2026-07-21T17:39:00,13.40,NGN,M-2000,telecom,ios,ng,C-10543,,19,13.7,3,1,0,momo,DEV-26500,CLR,Y,0
TXN-001766,2026-08-24T01:23:00,11.56,GHS,M-2053,restaurants,ios,gh,C-10227,610.0,12,12.19,0,6,0,momo,DEV-15826,CLR,N,0
TXN-000901,2026-08-26T08:58:00,24,NGN,M-2013,fuel,ussd,gh,C-10566,857.0,30,35.14,0,16,0,bank,DEV-40814,CLR,N,0
TXN-002422,2026-07-22T16:05:00,20.96,GHS,M-2047,electronics,android,gh,C-10179,455.0,0,30.48,0,5,0,card,DEV-25079,CLR,N,0
TXN-002255,2026-08-22T13:50:00, 21.78 ,GHS,M-2066,RESTAURANTS,android,GH,C-10439,1214.0,24,24.33,0,17,0,momo,DEV-68074,CLR,N,0
TXN-002251,2026-09-05 21:06:00,24.38,USD,M-2075,electronics,android,ng,C-10543,,6,28.28,0,11,1,card,DEV-22895,CLR,Y,0
TXN-002408,2026-08-15T18:29:00,$8.71,GHS,M-2049,,ios,NG,C-10101,709.0,0,4.81,0,11,0,card,DEV-10497,CLR,N,0
TXN-001442,2026-08-27T18:59:00,5.22,NGN,M-2087,Gambling,ussd,Ghana,C-10729,1019.0,8,4.04,0,3,0,card,DEV-95113,CNF,Y,1
TXN-001843,2026-09-07T07:37:00,51.11,GHS,M-2002,fuel,ios,GHA,C-10730,1342.0,10,45.1,0,2,0,momo,DEV-46027,CLR,N,0
TXN-002081,08-03-2026,29.87,GHS,M-2008,Grocery,web,ke,C-10627,1607.0,3,41.65,0,2,0,bank,DEV-24420,CLR,N,0
TXN-002015,11/08/2026 22:02,30.00,GHS,M-2008,grocery,android,Nigeria,C-10618,710.0,8,31.32,0,23,0,momo,DEV-11829,CLR,N,0
TXN-000195,2026-08-20T18:36:00,27.23,USD,M-2000,telecom,ios,GHA,C-10381,6.0,39,40.79,0,6,1,card,DEV-33133,CLR,Y,0
TXN-001024,14/08/2026 20:40,19.07,GHS,M-2061,crypto,pos,gh,C-10698,79.0,30,9.64,0,3,0,card,DEV-44613,CLR,Y,0
TXN-000240,2026-08-10T02:26:00,15.10,GHS,M-2022,other,android,Ghana,C-10240,,19,20.43,0,17,0,card,DEV-74657,CLR,N,0
TXN-000185,03/09/2026 02:40,12.42,GHS,M-2024,telecom,android,Ghana,C-10026,647.0,2,9.98,0,17,0,card,DEV-47124,ESC,N,0
TXN-000015,30/07/2026 23:04,42.25,USD,M-2076,electronics,ios,Nigeria,C-10273,214.0,21,46.84,0,22,0,bank,DEV-98776,CLR,N,0
TXN-000299,07/08/2026 07:52,2888.78,GHS,M-2088,grocery,web,Ghana,C-10351,1079.0,29,3219.24,0,12,0,momo,DEV-95986,CLR,Y,0
TXN-001823,2026-08-17T06:33:00,36.39,NGN,M-2026,gambling,web,ke,C-10571,5.0,2,36.08,0,2,0,momo,DEV-68031,CLR,Y,0
TXN-002636,2026-07-21T17:45:00,23.85,GHS,M-2048,restaurants,web,GHA,C-10397,,34,33.08,0,,0,momo,DEV-30746,CLR,N,0
TXN-002058,2026-08-09T20:09:00,$97.60,NGN,M-2006, telecom ,web,GH,C-10258,,14,47.84,0,12,0,card,DEV-26237,CLR,N,0
TXN-000045,09/08/2026 15:54,,GHS,M-2009,gambling,ios,KE,C-10457,,17,22.47,0,15,0,bank,DEV-43093,CLR,Y,0
TXN-003081,19/08/2026 19:38,37.00,GHS,M-2044,FUEL,ios,NG,C-10119,1585.0,19,28.82,1,1,0,card,DEV-90776,CLR,N,0
TXN-000433,2026-08-29T10:42:00,13.98,USD,M-2006,telecom,ussd,KE,C-10688,1167.0,18,20.6,0,19,1,momo,DEV-90206,CLR,Y,0
TXN-002109,2026-07-25 10:58:00,29.95,GHS,M-2022,other,android,GH,C-10440,1645.0,13,32.72,4,9,0,card,DEV-68568,CLR,Y,0
TXN-000706,2026-08-07T10:19:00,20.57,GHS,M-2052, telecom ,android,Ghana,C-10572,1279.0,21,15.92,0,7,0,momo,DEV-88117,CLR,N,0
TXN-002549,2026-08-08T23:12:00,77.40,USD,M-2054,Telecom,android,KE,C-10200,1086.0,7,100.95,0,5,0,card,DEV-35817,CLR,N,0
TXN-002652,2026-08-23T10:08:00,12.39,GHS,M-2030,telecom,android,ke,C-10289,1779.0,14,18.69,3,22,1,momo,DEV-28713,CLR,Y,0
TXN-003044,2026-08-03T12:15:00,13.69,USD,M-2034,,android,gh,C-10158,638.0,32,9.63,0,17,0,bank,DEV-26314,CLR,Y,1
TXN-001386,2026-07-24T16:27:00,24.51,GHS,M-2074,grocery,ussd,gh,C-10632,4.0,11,31.61,0,17,0,card,DEV-44809,CLR,N,0
TXN-002403,2026-07-29T07:35:00,30.05,GHS,M-2050,,ios,ke,C-10323,4.0,33,33.37,0,22,0,card,DEV-51418,CLR,N,0
TXN-001254,22/08/2026 02:17,53.29 GHS,GHS,M-2001,Gambling,ios,Ghana,C-10135,866.0,31,72.0,0,20,0,momo,DEV-99263,CLR,Y,0
TXN-000683,25/07/2026 04:01,60.04,GHS,M-2003,,web,NGA,C-10607,1210.0,25,54.34,6,2,0,bank,DEV-70655,CLR,Y,0
TXN-001890,2026-08-13T20:55:00,162.90,GHS,M-2021,,android,GHA,C-10511,1160.0,10,125.34,0,13,0,momo,DEV-71387,CLR,N,0
TXN-000694,07-29-2026,13.20,GHS,M-2013,fuel,ios,Ghana,C-10497,1760.0,17,18.93,0,3,0,momo,DEV-50583,CLR,N,0
TXN-003014,2026-07-31T13:26:00,68.74,USD,M-2047,electronics,ios,NGA,C-10434,1378.0,4,65.93,1,11,0,momo,DEV-39479,CLR,N,0
TXN-000241,2026-08-26T10:54:00,19.00,GHS,M-2057,Restaurants,pos,NG,C-10570,814.0,3,24.92,2,18,0,momo,DEV-70253,CLR,Y,0
TXN-001317,2026-08-27T04:38:00,26.53,GHS,M-2091,,android,GH,C-10625,884.0,18,23.16,5,19,1,bank,DEV-14004,CLR,Y,0
TXN-002444,2026-07-23T23:17:00,10.70,GHS,M-2050,grocery,android,NGA,C-10085,1095.0,18,11.16,7,13,0,card,DEV-27062,CLR,Y,0
TXN-002483,2026-08-13T06:42:00, 62.20 ,GHS,M-2012,RESTAURANTS,android,Nigeria,C-10618,710.0,33,38.43,0,16,0,momo,DEV-48185,CLR,N,0
TXN-001750,31/07/2026 07:00,51.75,GHS,M-2029,restaurants,ios,gh,C-10681,836.0,26,30.35,0,16,1,card,DEV-46143,ESC,Y,0
TXN-000332,2026-07-31 03:12:00,30.34,USD,M-2055,telecom,ios,gh,C-10033,1546.0,5,31.63,0,0,0,card,DEV-21639,CNF,N,1
TXN-002839,10/09/2026 22:01,32.95,GHS,M-2071,travel,android,GH,C-10388,1609.0,26,38.13,0,10,0,card,DEV-32525,CLR,N,0
TXN-000315,08-08-2026,18.25,GHS,M-2037,crypto,pos,NGA,C-10466,970.0,9,21.45,2,10,0,momo,DEV-39656,CLR,Y,0
TXN-001511,2026-08-08T11:13:00,34,NGN,M-2040,gambling,android,gh,C-10253,237.0,32,20.32,0,9,0,card,DEV-60509,CLR,Y,0
TXN-000928,2026-09-03T02:38:00,41.41,GHS,M-2004,grocery,android,gh,C-10456,115.0,19,25.07,0,7,0,momo,DEV-83707,CLR,N,0
TXN-000830,2026-07-22 09:29:00,43.23,GHS,M-2028,grocery,web,GH,C-10718,818.0,32,38.24,0,17,0,momo,DEV-19656,CLR,N,0
TXN-003031,2026-08-26T15:51:00,22.80,GHS,M-2032,,pos,GHA,C-10695,317.0,32,33.56,0,4,0,card,DEV-24179,CLR,N,0
TXN-000930,08-16-2026,122.09,GHS,M-2078,restaurants,ios,GHA,C-10414,1319.0,4,188.68,0,5,0,card,DEV-31012,CLR,N,0
TXN-002108,2026-09-10 06:17:00,53.92,USD,M-2000,telecom,pos,Ghana,C-10226,1344.0,16,72.61,3,19,0,card,DEV-52581,CLR,Y,0
TXN-002091,2026-09-03T08:47:00,13.31,GHS,M-2006,TELECOM,web,gh,C-10564,448.0,1,12.52,3,16,0,card,DEV-89559,ESC,Y,0
TXN-000737,2026-08-17 20:27:00,48.15,USD,M-2057,restaurants,ios,GH,C-10647,1394.0,7,28.24,0,11,0,momo,DEV-60496,CLR,N,0
TXN-001566,22/07/2026 22:28,24.40,NGN,M-2014,gambling,pos,ng,C-10201,1694.0,34,13.81,0,16,1,momo,DEV-29260,CLR,Y,0
TXN-002554,2026-07-22T13:37:00,NA,GHS,M-2032,electronics,ios,GHA,C-10278,1647.0,4,35.83,0,8,0,card,DEV-28046,CLR,N,0
TXN-002346,08-14-2026,8.83,NGN,M-2058,grocery,android,GH,C-10188,1331.0,24,11.63,1,9,0,momo,DEV-51407,ESC,N,0
TXN-000053,2026-09-11T09:03:00,45.73,GHS,M-2030, telecom ,web,GHA,C-10158,638.0,10,26.98,0,8,0,card,DEV-39862,CLR,N,0
TXN-001062,2026-09-02T03:05:00,57.41,GHS,M-2048, restaurants ,pos,GHA,C-10694,607.0,39,42.02,2,14,1,card,DEV-99651,ESC,Y,0
TXN-001899,2026-08-13T10:05:00,22.44,USD,M-2024,Telecom,android,Ghana,C-10216,,11,33.47,0,3,1,card,DEV-25966,CLR,Y,1
TXN-000052,2026-07-29T23:43:00,32.68,GHS,M-2032,electronics,ios,GHA,C-10689,1352.0,31,15.28,0,13,1,card,DEV-45872,CLR,Y,0
TXN-002895,2026-08-21T11:16:00,4.93,NGN,M-2014,gambling,android,NGA,C-10398,341.0,39,5.63,0,10,0,card,DEV-23424,CLR,Y,0
TXN-000898,2026-08-24 21:15:00,3534.42,GHS,M-2013,fuel,pos,NGA,C-10652,,9,2451.03,0,12,0,momo,DEV-45213,CLR,Y,0
TXN-000064,08-05-2026,7.47,NGN,M-2024,telecom,ios,gh,C-10147,6.0,22,9.87,0,20,0,card,DEV-79481,CLR,N,0
TXN-003138,2026-08-31 22:34:00,67.70 GHS,GHS,M-2011,Other,pos,ke,C-10291,1472.0,22,88.4,6,,1,card,DEV-48892,CLR,Y,0
TXN-001892,2026-08-25T06:42:00, 16.41 ,GHS,M-2055, telecom ,web,KE,C-10366,1778.0,27,9.42,0,1,0,card,DEV-70053,CLR,N,0
TXN-000882,2026-07-23T06:26:00,39.59,NGN,M-2013,fuel,ios,ng,C-10311,1351.0,10,61.05,0,21,0,card,DEV-59796,CLR,N,0
TXN-000502,2026-08-17T14:52:00,12.98,GHS,M-2058,,android,NG,C-10552,721.0,28,14.33,0,17,0,bank,DEV-25227,CLR,N,0
TXN-002780,07-17-2026,70.61,GHS,M-2090,grocery,web,gh,C-10665,1474.0,5,87.9,0,4,0,bank,DEV-90847,CLR,N,0
TXN-002859,2026-08-03T15:17:00,NA,GHS,M-2041,fuel,ios,GHA,C-10733,11.0,29,9.03,0,,0,momo,DEV-52395,CLR,N,0
TXN-002917,2026-08-08T09:24:00,32.63,GHS,M-2015,electronics,ussd,ke,C-10502,419.0,8,33.69,0,23,0,momo,DEV-76133,CLR,N,0
TXN-000450,08-28-2026,11.54,GHS,M-2006,telecom,web,gh,C-10265,997.0,14,17.45,0,16,1,momo,DEV-28045,CLR,Y,0
TXN-001832,2026-08-21T00:03:00,,GHS,M-2036,grocery,pos,GH,C-10090,18.0,12,9.22,0,16,0,card,DEV-28121,ESC,N,0
TXN-000175,2026-09-08T17:07:00,27.03,GHS,M-2082,Fuel,web,GH,C-10057,188.0,8,12.8,5,12,0,bank,DEV-55749,CLR,Y,0
TXN-000582,08-20-2026,27.75,NGN,M-2022,OTHER,android,Nigeria,C-10548,1702.0,37,40.22,0,22,1,card,DEV-18255,CLR,Y,0
TXN-000121,31/07/2026 14:51,28,GHS,M-2079, telecom ,pos,NG,C-10329,111.0,7,25.42,3,16,0,card,DEV-24950,CLR,Y,0
TXN-001227,2026-08-24T19:09:00,5.67,USD,M-2049,grocery,ios,GHA,C-10717,1571.0,31,8.78,0,11,0,card,DEV-10954,CLR,N,0
TXN-001955,20/07/2026 03:28,87.66,GHS,M-2052,TELECOM,web,ng,C-10565,487.0,7,111.76,0,0,0,card,DEV-13941,CLR,N,0
TXN-000586,2026-07-19 10:25:00,26.62,GHS,M-2035,grocery,android,GH,C-10546,515.0,5,16.44,0,10,0,momo,DEV-24565,ESC,N,0
TXN-000424,2026-07-28T09:29:00, 89.73 ,GHS,M-2028,grocery,web,gh,C-10518,652.0,35,89.4,0,4,0,card,DEV-59766,CLR,N,0
TXN-002898,20/08/2026 13:43,78.78,GHS,M-2014,gambling,web,ng,C-10335,274.0,37,51.0,4,23,1,momo,DEV-37101,CLR,Y,0
TXN-000071,2026-07-18T09:39:00,31.45,NGN,M-2078,restaurants,android,NG,C-10059,1627.0,0,23.26,0,11,0,momo,DEV-69718,CNF,N,1
TXN-001589,2026-07-22T16:20:00, 65.27 ,GHS,M-2016, restaurants ,web,GHA,C-10373,1785.0,30,53.0,0,22,0,momo,DEV-19899,CLR,N,0
TXN-001296,2026-08-08 20:50:00,38.46,GHS,M-2071,travel,ussd,GH,C-10476,1525.0,28,19.56,0,14,0,bank,DEV-32986,CLR,N,0
TXN-000444,2026-08-02T23:37:00,43.08,GHS,M-2090,grocery,android,GH,C-10326,7.0,22,31.27,4,10,1,card,DEV-57864,CLR,Y,0
TXN-002252,08-03-2026,37.81,GHS,M-2063,telecom,ios,Ghana,C-10665,1474.0,12,24.75,0,23,0,card,DEV-62185,CNF,N,1
TXN-001826,10/09/2026 21:48,$62.96,GHS,M-2081,travel,android,GHA,C-10214,1171.0,24,71.2,5,11,0,card,DEV-71113,CLR,Y,0
TXN-002141,2026-09-06T11:02:00,23.78,GHS,M-2025,grocery,pos,GHA,C-10504,189.0,28,17.36,1,15,0,card,DEV-34732,CLR,N,0
TXN-000333,2026-07-23T17:10:00,13.56,GHS,M-2031,other,ios,NGA,C-10545,1797.0,14,14.23,0,13,1,momo,DEV-63298,CLR,Y,0
TXN-000179,2026-07-23T00:01:00,37.33,GHS,M-2036,Grocery,web,GH,C-10330,10.0,27,34.43,0,3,0,momo,DEV-18438,CLR,N,0
TXN-002224,01/08/2026 18:12,59.22,GHS,M-2017,Grocery,android,Ghana,C-10140,1212.0,39,70.81,0,23,0,card,DEV-46484,CLR,N,0
TXN-002756,08-29-2026,,GHS,M-2001,,ios,GHA,C-10299,1657.0,4,15.08,0,14,0,card,DEV-31372,CNF,Y,1
TXN-003032,23/08/2026 21:01,45,GHS,M-2065,restaurants,web,Nigeria,C-10343,574.0,13,51.64,0,5,0,momo,DEV-79072,ESC,N,0
TXN-002097,26/07/2026 10:16,36.58,GHS,M-2095,restaurants,ios,GH,C-10553,1115.0,27,46.7,0,0,0,momo,DEV-31574,CLR,N,0
TXN-000215,2026-07-24T10:40:00, 20.06 ,GHS,M-2061,,android,Ghana,C-10397,754.0,9,24.24,0,2,0,momo,DEV-84755,CNF,Y,1
TXN-000323,2026-07-31T08:41:00,,GHS,M-2018,unk,ios,NGA,C-10710,1652.0,17,15.31,0,11,0,momo,DEV-10841,CLR,N,0
TXN-001468,2026-07-23 18:45:00,,GHS,M-2088,Grocery,ios,GHA,C-10638,505.0,14,13.34,0,13,0,card,DEV-82063,CLR,N,0
TXN-001776,2026-08-01T13:47:00,57.45,GHS,M-2077,restaurants,android,Nigeria,C-10437,510.0,4,64.11,0,5,1,momo,DEV-51949,CLR,Y,0
TXN-000656,31/08/2026 05:41,33.38,GHS,M-2033,TRAVEL,android,gh,C-10387,,30,26.72,0,23,1,momo,DEV-48865,CLR,Y,0
TXN-002824,2026-09-05 21:49:00,28.90,GHS,M-2066,restaurants,web,Nigeria,C-10394,1305.0,23,37.74,3,4,0,momo,DEV-38215,CLR,Y,0
TXN-001456,2026-08-27T19:37:00,25.88,GHS,M-2093,travel,ios,ng,C-10720,1110.0,4,11.77,0,16,1,momo,DEV-39857,CLR,Y,0
TXN-000555,12/08/2026 01:09,57.14,GHS,M-2001,GAMBLING,android,gh,C-10422,,12,70.13,0,20,0,card,DEV-84575,CLR,Y,0
TXN-000747,2026-08-01 06:46:00,21.65,GHS,M-2059,grocery,android,ng,C-10653,6.0,27,28.23,0,3,0,card,DEV-58706,CLR,N,0
TXN-000545,2026-07-29T23:54:00,55.99,GHS,M-2075,Electronics,android,ke,C-10571,5.0,32,79.55,4,16,1,card,DEV-26113,ESC,Y,1
TXN-002935,2026-07-30T07:36:00,132.03,GHS,M-2036,grocery,android,NGA,C-10540,1088.0,21,156.55,0,8,0,momo,DEV-87136,CLR,N,0
TXN-002090,2026-08-03 10:46:00,160.15,GHS,M-2020,telecom,ios,GH,C-10218,333.0,28,139.69,2,1,0,momo,DEV-56719,CNF,Y,0
TXN-003185,2026-07-29 22:58:00,7,USD,M-2062,restaurants,android,GHA,C-10416,549.0,9,8.39,0,20,0,card,DEV-17283,CNF,N,0
TXN-003106,18/07/2026 22:04,53.53,USD,M-2071,travel,web,ng,C-10477,1537.0,33,32.21,0,12,0,momo,DEV-24215,CLR,N,0
TXN-001054,2026-08-07 14:48:00,70.29,GHS,M-2037,CRYPTO,android,gh,C-10238,133.0,34,104.91,1,9,0,momo,DEV-70548,CLR,Y,0
TXN-001358,2026-08-26T17:43:00,12.31,GHS,M-2027,grocery,android,GHA,C-10226,1344.0,28,6.04,0,18,1,momo,DEV-89152,CLR,Y,0
TXN-003040,2026-08-20T06:39:00,170.18,GHS,M-2070,grocery,web,gh,C-10725,520.0,21,213.44,0,15,0,momo,DEV-67220,CLR,N,0
TXN-001214,12/08/2026 02:19,46.09,NGN,M-2093,TRAVEL,web,GH,C-10450,1048.0,8,37.67,7,7,1,momo,DEV-28474,CLR,Y,0
TXN-000046,2026-07-28T22:58:00,55.09,GHS,M-2071,travel,android,GH,C-10100,652.0,20,42.78,0,11,0,momo,DEV-96142,CLR,N,0
TXN-001941,2026-09-06T21:25:00,111.58,GHS,M-2049,grocery,android,GHA,C-10736,835.0,39,156.84,0,21,1,card,DEV-15734,CLR,Y,0
TXN-000440,05/08/2026 04:52,22.07,GHS,M-2074,grocery,pos,GH,C-10461,719.0,0,18.14,0,9,0,card,DEV-60697,CLR,N,0
TXN-002604,2026-08-25T13:14:00,14.36,GHS,M-2012,restaurants,ussd,GH,C-10734,667.0,21,20.18,0,14,0,card,DEV-89121,CLR,N,0
TXN-001798,29/08/2026 17:51,18.57,GHS,M-2041,FUEL,web,GH,C-10643,0.0,26,28.7,0,4,0,momo,DEV-41586,CLR,N,0
TXN-001938,2026-07-30T15:43:00,23.47,GHS,M-2066,RESTAURANTS,web,NGA,C-10468,,39,30.04,0,3,0,card,DEV-38297,CLR,N,0
TXN-000219,2026-07-31 21:53:00,,GHS,M-2023, fuel ,pos,Nigeria,C-10149,1376.0,0,19.01,0,2,0,bank,DEV-26868,CLR,N,0
TXN-002965,01/08/2026 08:37,40.48,USD,M-2058,grocery,ios,Kenya,C-10040,0.0,34,44.57,0,10,0,momo,DEV-47837,CLR,N,0
TXN-002096,2026-08-17T08:00:00,34.20,USD,M-2006,telecom,web,NG,C-10248,5.0,12,47.17,0,15,1,card,DEV-26401,CLR,Y,0
TXN-001473,09-01-2026,4.01,USD,M-2030,telecom,ios,Nigeria,C-10722,851.0,19,2.29,0,15,1,card,DEV-69228,CNF,Y,0
TXN-001812,2026-08-03T03:18:00,26.51,GHS,M-2035,Grocery,ios,NG,C-10515,464.0,18,12.78,0,16,0,momo,DEV-34119,CNF,N,1
TXN-000529,09/09/2026 18:36,28.22,NGN,M-2089,crypto,android,GH,C-10174,724.0,6,25.83,0,6,0,card,DEV-92941,CLR,Y,0
TXN-003070,24/08/2026 03:08,38.20,NGN,M-2010,travel,ios,gh,C-10651,8.0,36,53.86,0,12,1,card,DEV-59430,CLR,Y,0
TXN-000252,27/07/2026 05:25,32.56,GHS,M-2087,gambling,web,NGA,C-10119,1585.0,37,27.81,6,13,0,card,DEV-63740,CNF,Y,1
TXN-001109,2026-07-25T18:08:00,68.04,NGN,M-2012,restaurants,web,NGA,C-10234,,23,41.05,0,2,0,bank,DEV-39638,CLR,N,0
TXN-001834,11/09/2026 01:16,20.24,GHS,M-2013,fuel,android,gh,C-10674,,32,10.32,4,19,0,card,DEV-48315,CLR,Y,0
TXN-001115,2026-09-05T16:17:00,9.82,GHS,M-2072,fuel,web,ng,C-10203,217.0,5,5.61,0,15,0,card,DEV-11165,CLR,N,0
TXN-001002,24/07/2026 16:49,28.39,GHS,M-2073,electronics,ios,NG,C-10159,1715.0,10,22.92,0,7,0,card,DEV-13942,CLR,N,0
TXN-001730,20/07/2026 19:35,6.02,GHS,M-2004,grocery,android,ng,C-10089,736.0,12,9.31,0,4,0,momo,DEV-41027,CLR,N,0
TXN-001819,07-19-2026,,GHS,M-2027,Grocery,android,Ghana,C-10255,226.0,4,57.77,0,21,0,momo,DEV-84939,CLR,N,0
TXN-001125,2026-08-13T15:14:00,45.86,GHS,M-2000,TELECOM,ios,GHA,C-10628,481.0,18,40.97,0,,0,momo,DEV-50012,CLR,N,0
TXN-002326,07-28-2026,$9.46,GHS,M-2045,Telecom,android,GH,C-10368,521.0,35,7.51,0,,0,card,DEV-35856,CLR,N,0
TXN-002742,2026-07-17 19:19:00,,GHS,M-2084,,web,NGA,C-10054,1709.0,16,59.59,0,20,0,momo,DEV-99355,CLR,N,0
TXN-001671,09-05-2026,7.44,GHS,M-2047,electronics,ios,GH,C-10418,1597.0,8,4.81,0,18,0,card,DEV-69627,CLR,N,0
TXN-000409,2026-07-25 02:31:00,,USD,M-2079,telecom,ios,gh,C-10345,1307.0,19,12.49,0,10,0,card,DEV-29013,CLR,N,0
TXN-001850,2026-07-26T06:42:00,21.60,GHS,M-2053,RESTAURANTS,web,Ghana,C-10022,288.0,19,9.84,2,1,0,momo,DEV-75864,ESC,Y,0
TXN-000001,19/08/2026 23:02,54.49,USD,M-2094,electronics,web,gh,C-10074,4.0,6,80.49,5,,0,momo,DEV-65409,CLR,Y,0
TXN-001554,27/07/2026 04:16,18.73,GHS,M-2039,restaurants,pos,gh,C-10191,668.0,37,8.98,0,22,0,card,DEV-38716,CLR,N,0
TXN-000487,29/07/2026 10:27,37.51,GHS,M-2016,restaurants,android,ng,C-10198,77.0,14,50.07,7,21,1,card,DEV-69653,CLR,Y,0
TXN-001978,2026-07-22 08:26:00,46,GHS,M-2009,gambling,web,Nigeria,C-10311,1351.0,10,30.89,6,10,0,momo,DEV-22527,ESC,Y,0
TXN-002962,25/07/2026 22:13,7.56,GHS,M-2061,crypto,web,gh,C-10499,1340.0,36,6.97,0,18,0,card,DEV-67206,CNF,Y,1
TXN-001139,09-03-2026, 17.16 ,GHS,M-2026,gambling,android,GH,C-10660,483.0,28,24.99,0,2,0,momo,DEV-74142,CLR,Y,0
TXN-001611,08-20-2026,30.57,GHS,M-2068,grocery,ios,gh,C-10687,375.0,10,31.09,0,11,1,momo,DEV-51138,CLR,Y,0
TXN-003030,2026-08-24 08:13:00,NA,NGN,M-2022, other ,ios,NG,C-10202,735.0,2,26.65,0,17,0,card,DEV-52364,CLR,N,0
TXN-002298,2026-09-11 04:58:00,73.94,GHS,M-2064,restaurants,pos,ng,C-10683,662.0,7,113.77,0,14,0,momo,DEV-50531,ESC,N,0
TXN-000212,2026-08-23T12:52:00,,GHS,M-2016,restaurants,android,gh,C-10269,455.0,0,52.1,0,4,1,momo,DEV-81981,CLR,Y,0
TXN-000271,2026-08-24T14:34:00,13.39,NGN,M-2087,gambling,ios,gh,C-10376,1351.0,20,11.85,1,2,0,momo,DEV-50516,CLR,Y,0
TXN-002296,05/09/2026 05:14,54.95,GHS,M-2014,gambling,web,NGA,C-10424,1691.0,32,44.21,0,18,0,momo,DEV-53985,CLR,Y,0
TXN-002804,09-05-2026,76.69,GHS,M-2065,restaurants,android,Nigeria,C-10394,1305.0,21,110.74,0,,0,card,DEV-42074,CLR,N,0
TXN-002322,29/07/2026 02:22,63.34,GHS,M-2056,gambling,web,Ghana,C-10464,980.0,28,38.65,0,7,0,momo,DEV-69632,CLR,Y,0
TXN-000150,08/09/2026 07:07,16.57,GHS,M-2084,grocery,android,Nigeria,C-10682,556.0,7,7.99,0,23,0,momo,DEV-78782,CNF,N,1
TXN-002544,09/08/2026 23:25,49.13,GHS,M-2006,telecom,ios,GHA,C-10390,269.0,37,37.42,6,17,1,card,DEV-49438,CLR,Y,0
TXN-002964,2026-07-25T22:49:00,51,GHS,M-2049,unk,android,gh,C-10451,1098.0,1,50.63,0,16,0,card,DEV-90381,CLR,N,0
TXN-002837,2026-08-21 21:22:00,25.00,NGN,M-2046,travel,pos,GH,C-10498,37.0,21,28.92,4,1,1,momo,DEV-77228,CLR,Y,0
TXN-002260,2026-08-17 21:15:00,33.76,NGN,M-2073,electronics,android,gh,C-10538,1259.0,10,18.67,7,2,0,momo,DEV-58947,CNF,Y,1
TXN-000034,21/07/2026 01:41,,GHS,M-2050,grocery,ussd,Ghana,C-10374,815.0,22,4.37,0,,0,momo,DEV-26307,CLR,N,0
TXN-001158,2026-09-03T09:21:00,28.29,NGN,M-2077,restaurants,ussd,NGA,C-10710,1652.0,37,25.38,0,8,0,card,DEV-11057,CLR,N,0
TXN-002507,2026-08-25T18:23:00,20.80,GHS,M-2080,restaurants,android,ng,C-10092,1036.0,12,23.72,0,11,1,card,DEV-15390,CLR,Y,0
TXN-000719,2026-08-01 04:44:00,26.13,USD,M-2002,fuel,web,KE,C-10534,4.0,2,15.63,0,11,0,momo,DEV-65246,CLR,N,0
TXN-002329,2026-07-30 03:47:00,9.20,NGN,M-2087,gambling,android,gh,C-10205,1613.0,27,9.87,0,9,1,card,DEV-47555,CNF,Y,1
TXN-000388,2026-09-01 11:43:00,87.16,NGN,M-2026, gambling ,ios,GH,C-10110,42.0,8,68.08,0,9,0,momo,DEV-52823,CLR,Y,0
TXN-001743,2026-08-31T12:42:00,27.21,GHS,M-2013,Fuel,web,NGA,C-10336,1417.0,26,29.85,6,1,0,momo,DEV-25612,CNF,Y,1
TXN-000938,11/09/2026 07:01,11.93,GHS,M-2069,gambling,android,gh,C-10322,1357.0,21,6.3,0,,0,momo,DEV-54575,CLR,Y,0
TXN-001035,2026-08-29T03:18:00,13.69,GHS,M-2086,TELECOM,web,gh,C-10212,10.0,28,13.32,0,21,1,card,DEV-42683,CLR,Y,0
TXN-002203,08-26-2026,42.36,NGN,M-2072,fuel,web,ng,C-10118,,32,37.48,3,20,0,momo,DEV-55495,CLR,Y,0
TXN-001091,01/08/2026 21:27,,GHS,M-2071,travel,web,GH,C-10244,507.0,15,7.79,0,4,0,momo,DEV-37910,CLR,N,0
TXN-002133,2026-08-05 04:58:00,90.63,GHS,M-2047,ELECTRONICS,android,ng,C-10411,8.0,28,133.66,0,18,0,card,DEV-40542,ESC,N,0
TXN-001862,2026-07-30T15:35:00,$58.41,GHS,M-2080,restaurants,web,Kenya,C-10685,394.0,4,87.17,0,16,0,momo,DEV-61430,CLR,N,0
TXN-000394,2026-08-05T16:55:00,,GHS,M-2054,telecom,ios,Kenya,C-10430,309.0,20,63.86,0,22,0,card,DEV-18723,CLR,N,0
TXN-002350,07/08/2026 01:47,83.98,NGN,M-2030,telecom,ios,Nigeria,C-10234,533.0,13,92.03,0,18,0,momo,DEV-38055,CLR,N,0
TXN-001651,17/07/2026 21:49,$89.76,NGN,M-2075,electronics,web,ke,C-10200,1086.0,22,62.4,0,11,0,momo,DEV-27204,CLR,N,0
TXN-000979,17/07/2026 20:19,,GHS,M-2078,Restaurants,android,GH,C-10365,72.0,11,13.08,1,7,0,card,DEV-74163,CLR,N,0
TXN-002655,07/08/2026 00:49,11.44,GHS,M-2078,,pos,gh,C-10051,1316.0,37,15.84,0,15,0,momo,DEV-72449,CLR,N,0
TXN-000189,30/08/2026 17:05,$21.58,NGN,M-2094,electronics,android,gh,C-10152,1390.0,31,21.87,0,9,0,momo,DEV-74848,CNF,N,0
TXN-001196,10/08/2026 02:30,17.21,GHS,M-2077,restaurants,ios,Ghana,C-10514,549.0,10,22.42,0,5,0,card,DEV-10275,ESC,N,0
TXN-001318,2026-09-06T15:01:00,7.58,GHS,M-2022,Other,android,Nigeria,C-10541,208.0,22,7.79,0,20,0,card,DEV-90820,CLR,N,0
TXN-001095,2026-07-29T21:33:00,12.63,NGN,M-2071,travel,ios,NG,C-10139,1174.0,33,6.17,0,14,0,card,DEV-12300,CLR,N,0
TXN-002072,2026-07-23T05:51:00,17.67,USD,M-2087,gambling,android,Ghana,C-10596,212.0,12,15.85,0,7,0,momo,DEV-56174,CLR,Y,0
TXN-002565,2026-08-20T00:26:00,,GHS,M-2032,electronics,web,KE,C-10168,765.0,36,23.55,0,14,0,momo,DEV-68102,CLR,N,0
TXN-002270,2026-08-26T19:52:00,92.61,NGN,M-2078,restaurants,web,Ghana,C-10244,507.0,31,62.14,0,21,0,momo,DEV-98417,CLR,N,0
TXN-000941,2026-08-17 13:18:00,138.11,NGN,M-2063,telecom,web,gh,C-10164,1694.0,6,117.26,1,7,0,momo,DEV-73014,CLR,N,0
TXN-000533,25/07/2026 23:25,38.27,GHS,M-2000,TELECOM,android,Kenya,C-10713,1575.0,39,20.08,0,20,0,momo,DEV-91461,CLR,N,0
TXN-002953,08-31-2026,52.51,GHS,M-2051,grocery,web,Ghana,C-10209,476.0,6,60.66,0,21,0,card,DEV-56487,CLR,N,0
TXN-000247,07-19-2026,32.05,GHS,M-2084,grocery,ios,Nigeria,C-10237,,7,35.75,0,15,1,bank,DEV-86435,CLR,Y,0
TXN-001129,2026-08-22 03:45:00,14.98,GHS,M-2068,grocery,ussd,GH,C-10448,1384.0,12,11.67,5,12,0,momo,DEV-97828,CLR,Y,1
TXN-001451,2026-08-14 03:38:00,30.93,GHS,M-2040,gambling,ios,ke,C-10688,1167.0,18,29.58,0,16,1,card,DEV-65397,CLR,Y,0
TXN-002162,2026-08-29 23:30:00,$27.41,GHS,M-2094,electronics,pos,GHA,C-10072,378.0,6,24.67,0,23,0,momo,DEV-34892,CLR,N,0
TXN-003197,2026-08-20T05:19:00,44.69,USD,M-2013,fuel,android,Ghana,C-10181,288.0,38,44.67,0,19,0,momo,DEV-66972,CLR,N,0
TXN-001232,26/07/2026 18:03,,GHS,M-2090,grocery,web,Nigeria,C-10141,891.0,35,16.4,0,8,0,momo,DEV-89994,CLR,N,0
TXN-002783,2026-08-05T03:29:00,16.35,NGN,M-2090,grocery,pos,ng,C-10221,1278.0,39,11.73,6,6,0,momo,DEV-23604,CLR,Y,0
TXN-001869,2026-08-19T03:34:00,10.73,GHS,M-2095,restaurants,web,Ghana,C-10643,0.0,39,14.33,0,7,0,card,DEV-13113,CLR,N,0
TXN-002233,2026-07-24 04:29:00,13.91,GHS,M-2028,,pos,gh,C-10448,1384.0,24,15.32,0,6,0,card,DEV-64619,CLR,N,0
TXN-000568,23/08/2026 00:31,180.38,NGN,M-2018,fuel,android,Ghana,C-10103,235.0,31,218.14,0,12,0,card,DEV-29748,CLR,N,0
TXN-000868,2026-08-31T07:59:00,12.90,GHS,M-2034,gambling,web,GH,C-10227,610.0,0,11.27,0,22,0,card,DEV-93819,CLR,Y,0
TXN-002030,2026-08-07 12:14:00,,GHS,M-2004,grocery,ios,gh,C-10210,320.0,34,14.59,0,6,0,card,DEV-56792,CLR,N,0
TXN-002644,2026-08-23T10:17:00,52.61,GHS,M-2041,,web,gh,C-10675,1354.0,39,51.45,0,11,0,momo,DEV-89055,CLR,N,0
TXN-002711,2026-08-23T00:16:00,30.47,GHS,M-2038,electronics,android,ke,C-10122,860.0,33,31.37,0,1,0,momo,DEV-87974,CLR,N,0
TXN-000611,2026-08-11T02:33:00,,NGN,M-2053,restaurants,web,NG,C-10343,574.0,8,13.72,0,4,0,momo,DEV-81498,CLR,N,0
TXN-000612,2026-08-17 06:32:00,,GHS,M-2028,grocery,android,GHA,C-10176,937.0,12,53.38,0,14,0,momo,DEV-58173,CLR,N,0
TXN-001518,2026-08-07T17:34:00,48.25,NGN,M-2003,telecom,ussd,NGA,C-10704,1536.0,3,23.46,7,21,1,card,DEV-23442,CLR,Y,0
TXN-001951,2026-08-20 08:19:00,10.36,NGN,M-2029,restaurants,ios,gh,C-10212,10.0,38,6.16,0,18,0,card,DEV-26383,CLR,N,0
TXN-002317,2026-09-05 13:05:00,6.46,GHS,M-2065,restaurants,android,Ghana,C-10606,6.0,35,8.85,0,18,0,card,DEV-25298,CLR,N,0
TXN-000528,2026-09-07T21:04:00,54.45 GHS,NGN,M-2050,grocery,web,GH,C-10310,97.0,39,53.43,3,9,0,momo,DEV-96781,CLR,Y,0
TXN-003116,12/08/2026 12:06,58.24,GHS,M-2021,travel,ios,Ghana,C-10642,408.0,33,55.27,0,,0,momo,DEV-61626,ESC,N,0
TXN-001765,20/07/2026 14:10,17.61,NGN,M-2051,Grocery,web,GH,C-10307,1430.0,36,23.33,0,21,1,momo,DEV-55697,CLR,Y,0
TXN-000176,2026-08-30T16:46:00,6.64,GHS,M-2000,telecom,android,gh,C-10420,1449.0,25,6.86,0,10,1,momo,DEV-20839,CLR,Y,0
TXN-002257,2026-08-30T12:05:00,7.69,NGN,M-2087,gambling,web,NG,C-10437,510.0,16,7.77,0,15,0,card,DEV-41087,CLR,Y,0
TXN-001950,08-10-2026,109.66,NGN,M-2017,grocery,web,Ghana,C-10109,0.0,19,169.93,0,21,0,momo,DEV-24558,CLR,Y,0
TXN-002026,2026-07-21T15:58:00,$44.46,GHS,M-2072,fuel,android,Ghana,C-10348,545.0,31,42.34,1,22,0,card,DEV-45347,CLR,N,0
TXN-002361,2026-08-12T15:19:00,46.35,NGN,M-2091,,android,GH,C-10120,618.0,13,26.44,0,11,1,momo,DEV-57069,CLR,Y,0
TXN-001808,2026-08-17T10:37:00,92.43,GHS,M-2004,grocery,android,gh,C-10491,1642.0,21,63.52,0,15,0,momo,DEV-90671,CLR,N,0
TXN-002321,2026-08-18T13:16:00,18.36,GHS,M-2028,GROCERY,pos,NG,C-10025,268.0,1,11.56,0,3,0,momo,DEV-28811,ESC,N,0
TXN-000681,2026-08-25T04:32:00,60.66,GHS,M-2063,telecom,android,GHA,C-10551,761.0,23,41.33,6,8,0,momo,DEV-74240,CLR,Y,0
TXN-001764,07-29-2026,12.08 GHS,GHS,M-2010,travel,ios,NGA,C-10545,1797.0,17,14.98,7,17,0,momo,DEV-61355,CLR,Y,0
TXN-000579,08-31-2026,15.97,GHS,M-2046, travel ,android,GHA,C-10303,9.0,2,14.44,3,21,0,momo,DEV-68682,CLR,Y,0
TXN-001484,04/08/2026 05:27,10.67,GHS,M-2095,restaurants,ussd,ke,C-10528,658.0,9,12.3,5,11,0,card,DEV-94080,CLR,Y,0
TXN-000643,2026-08-31T12:03:00,14.77,GHS,M-2066,,ios,GH,C-10473,799.0,23,8.67,2,4,1,card,DEV-34913,CLR,Y,0
TXN-002155,2026-08-04T11:14:00,50.32,GHS,M-2043,electronics,web,GH,C-10390,269.0,8,51.07,0,6,0,momo,DEV-21492,CLR,N,0
TXN-000606,09/09/2026 16:37,28.46 GHS,GHS,M-2075,electronics,pos,gh,C-10096,1.0,32,31.18,6,23,0,momo,DEV-97778,CLR,Y,0
TXN-001603,2026-07-28T04:24:00,11.41,GHS,M-2018,unk,ios,NGA,C-10321,1150.0,16,11.8,6,18,0,card,DEV-51698,CLR,Y,0
TXN-003021,31/08/2026 09:45,27.04,GHS,M-2080,Restaurants,android,Ghana,C-10281,837.0,17,36.58,0,4,0,momo,DEV-71809,CLR,N,0
TXN-000677,2026-07-18T12:58:00,94,GHS,M-2031,other,web,Ghana,C-10648,177.0,29,70.91,0,,0,momo,DEV-60120,CLR,N,0
TXN-002873,2026-08-22 19:08:00,25.06,GHS,M-2069,gambling,ios,GH,C-10479,,14,16.62,0,,0,card,DEV-32993,CLR,Y,0
TXN-001012,15/08/2026 04:01,19.01,GHS,M-2001,gambling,android,NG,C-10144,1.0,39,13.38,4,,0,momo,DEV-26850,CLR,Y,0
TXN-001503,2026-08-14 17:06:00,13.24,GHS,M-2057,Restaurants,pos,GHA,C-10630,1025.0,23,11.18,0,0,0,card,DEV-23490,CLR,N,0
TXN-002808,05/09/2026 10:18,4.04,GHS,M-2051, grocery ,web,GHA,C-10637,960.0,21,5.03,5,11,0,momo,DEV-50964,CLR,Y,0
TXN-002592,07-22-2026,$6.49,GHS,M-2046,travel,web,NGA,C-10178,147.0,35,7.24,3,21,0,momo,DEV-85090,ESC,Y,0
TXN-000297,09-01-2026,11.73,NGN,M-2052,TELECOM,web,GHA,C-10663,970.0,5,16.61,0,,1,momo,DEV-69737,CLR,Y,0
TXN-002894,08-29-2026,31.77,NGN,M-2049,grocery,web,GH,C-10527,301.0,0,21.39,0,23,1,momo,DEV-21656,CLR,Y,0
TXN-001117,23/07/2026 05:59,127.13,NGN,M-2037,unk,ios,gh,C-10048,159.0,29,152.65,0,9,0,bank,DEV-41494,CNF,Y,1
TXN-002631,07-26-2026,15.80,GHS,M-2006,telecom,android,Kenya,C-10685,394.0,24,16.36,0,13,0,card,DEV-94244,CLR,N,0
TXN-000267,2026-07-25 14:43:00, 174.99 ,GHS,M-2069,unk,ios,GHA,C-10368,521.0,20,243.85,0,11,0,momo,DEV-87314,CLR,Y,0
TXN-001407,07-29-2026,31.72,GHS,M-2016,Restaurants,ios,gh,C-10687,375.0,17,31.54,1,17,0,momo,DEV-54180,CLR,N,0
TXN-000197,2026-07-20T06:16:00,25.68,NGN,M-2017,grocery,web,Nigeria,C-10692,,37,27.95,0,4,0,card,DEV-33224,CLR,N,0
TXN-001591,09/09/2026 14:36,158.15 GHS,GHS,M-2093,Travel,ios,Ghana,C-10393,916.0,29,150.27,0,20,1,card,DEV-11048,CLR,Y,0
TXN-000089,2026-09-06T08:43:00,51.10,USD,M-2006,telecom,web,gh,C-10709,807.0,25,52.89,0,4,0,card,DEV-84327,CLR,N,0
TXN-000279,2026-08-03T06:27:00,47.21,NGN,M-2025,grocery,android,gh,C-10353,851.0,1,33.11,0,16,0,momo,DEV-50171,CLR,N,0
TXN-001000,2026-07-22T21:42:00,45.20,GHS,M-2030,telecom,pos,Ghana,C-10525,1549.0,24,69.69,0,6,0,card,DEV-98125,CLR,N,0
TXN-002624,01/08/2026 10:05,19.51,GHS,M-2014,,pos,Ghana,C-10173,1110.0,2,24.49,3,17,0,card,DEV-73589,CLR,Y,0
TXN-000595,2026-08-27T17:59:00,13.19,GHS,M-2027,grocery,android,NG,C-10683,662.0,27,19.53,0,17,0,momo,DEV-90056,CLR,N,0
TXN-001101,22/08/2026 15:31, 13.59 ,NGN,M-2056,GAMBLING,ios,KE,C-10168,765.0,17,15.98,1,,0,card,DEV-89197,CLR,Y,0
TXN-003107,2026-09-08T10:52:00,29.24,USD,M-2010,Travel,android,GHA,C-10451,1098.0,23,18.84,0,23,0,card,DEV-78606,CLR,N,0
TXN-002828,2026-08-04T23:34:00,5.55,GHS,M-2047,electronics,pos,Ghana,C-10419,587.0,28,7.38,1,7,0,card,DEV-86789,CLR,N,0
TXN-002675,22/08/2026 07:56,$281.06,GHS,M-2082,fuel,web,gh,C-10605,92.0,36,287.52,0,7,0,bank,DEV-56459,CLR,N,0
TXN-001927,05/09/2026 17:56,,GHS,M-2050,GROCERY,ios,gh,C-10359,319.0,38,65.29,0,9,0,bank,DEV-26133,CLR,N,0
TXN-000458,2026-08-20T04:23:00,$87.98,GHS,M-2077,unk,android,ng,C-10346,1295.0,30,104.95,0,10,0,momo,DEV-90015,CLR,N,0
TXN-000369,2026-08-12T07:31:00, 13.15 ,GHS,M-2018,fuel,web,NGA,C-10524,523.0,33,6.34,0,12,1,momo,DEV-61897,CLR,Y,0
TXN-000026,2026-08-29 07:14:00,28.27,GHS,M-2044,fuel,ios,GHA,C-10522,1183.0,37,27.85,2,7,1,momo,DEV-34263,CLR,Y,0
TXN-000880,2026-07-30T01:22:00,45.01,NGN,M-2003,telecom,android,GHA,C-10050,1174.0,29,48.68,0,15,0,bank,DEV-84331,CLR,N,0
TXN-001690,2026-09-02T07:33:00,,GHS,M-2066,,pos,Ghana,C-10413,1179.0,0,16.74,0,20,0,momo,DEV-91787,ESC,N,0
TXN-002886,2026-08-02T06:13:00,36,GHS,M-2020,telecom,pos,GHA,C-10163,248.0,30,39.89,2,10,0,card,DEV-87734,CLR,Y,0
TXN-000599,2026-08-04T17:57:00,10.68,NGN,M-2030,telecom,ussd,NGA,C-10540,1088.0,28,6.31,0,7,1,momo,DEV-63574,CNF,Y,0
TXN-001455,2026-09-10 17:26:00,,GHS,M-2012,restaurants,android,Ghana,C-10718,818.0,37,21.73,0,13,0,card,DEV-96396,CLR,N,0
TXN-001201,14/08/2026 05:23,42.56,GHS,M-2085,grocery,ios,NG,C-10165,548.0,9,19.25,0,17,0,card,DEV-31947,CLR,N,0
TXN-001058,2026-07-26 02:43:00,27.31,NGN,M-2076,electronics,android,ke,C-10494,568.0,5,15.31,0,4,0,card,DEV-62515,CLR,N,0
TXN-002904,2026-08-17T02:51:00,45.66,NGN,M-2025,grocery,web,GHA,C-10339,707.0,7,57.18,0,10,1,momo,DEV-73148,CLR,Y,0
TXN-001392,2026-08-12 14:13:00, 30.39 ,GHS,M-2054,,android,ke,C-10617,749.0,28,27.58,3,14,0,card,DEV-38313,ESC,Y,0
TXN-002423,2026-08-31T01:39:00,31.71,USD,M-2051,grocery,android,NGA,C-10369,1606.0,3,20.12,6,16,1,momo,DEV-39036,CNF,Y,1
TXN-000756,25/07/2026 11:37,7.66,NGN,M-2009,gambling,pos,Ghana,C-10217,809.0,21,5.02,0,16,1,card,DEV-52289,CLR,Y,0
TXN-000479,08-22-2026,15.66,USD,M-2048,restaurants,android,gh,C-10645,785.0,35,19.8,1,15,1,momo,DEV-77257,CLR,Y,0
TXN-002478,2026-08-21T07:09:00,29.36,GHS,M-2065,,web,GH,C-10102,1384.0,19,30.41,0,7,0,card,DEV-23104,CLR,N,0
TXN-001488,2026-08-09T03:06:00,21.54,USD,M-2008,,pos,Ghana,C-10375,956.0,34,17.52,0,1,1,momo,DEV-38581,ESC,Y,0
TXN-002070,04/08/2026 05:03,71.41,GHS,M-2060,restaurants,ios,Ghana,C-10030,1227.0,30,106.5,0,10,0,card,DEV-14928,CLR,N,0
TXN-002288,08-05-2026,6.10,GHS,M-2044,fuel,ios,GHA,C-10027,,13,3.25,0,8,0,momo,DEV-55001,CLR,N,0
TXN-000068,2026-08-25T05:54:00,34.68,GHS,M-2089,crypto,web,GHA,C-10307,1430.0,25,42.23,0,10,0,bank,DEV-59903,CNF,Y,1
TXN-001056,2026-08-26T20:57:00,26.20,GHS,M-2046,travel,pos,ke,C-10280,129.0,12,28.14,0,22,0,momo,DEV-60164,CLR,N,0
TXN-000480,07-31-2026,10.56,NGN,M-2059,grocery,pos,gh,C-10087,1045.0,19,5.46,0,0,0,card,DEV-77196,CLR,N,0
TXN-002190,30/08/2026 16:09,82.14,GHS,M-2005,other,ussd,gh,C-10140,1212.0,25,70.8,0,10,0,card,DEV-96966,CLR,N,0
TXN-000757,2026-09-08 08:51:00,$15.96,GHS,M-2008,grocery,web,Ghana,C-10487,601.0,31,13.77,0,23,1,bank,DEV-36790,CLR,Y,0
TXN-001019,2026-09-10 10:17:00,23,GHS,M-2078,Restaurants,web,Ghana,C-10562,1059.0,18,29.44,0,14,0,card,DEV-99732,CLR,N,0
TXN-000032,2026-07-31T03:04:00,21.59,NGN,M-2066,restaurants,web,Ghana,C-10695,317.0,10,25.24,0,0,0,card,DEV-37564,CNF,N,1
TXN-002228,05/09/2026 14:49,30.65,GHS,M-2062,Restaurants,ussd,GH,C-10590,57.0,11,24.05,0,5,0,card,DEV-18169,CLR,N,0
TXN-002749,2026-07-27 03:24:00,42,GHS,M-2000,telecom,web,gh,C-10636,554.0,19,20.3,0,8,0,momo,DEV-88448,CLR,N,0
TXN-002335,2026-07-19T03:59:00,46.37,USD,M-2069,,android,gh,C-10693,154.0,30,46.94,0,6,1,momo,DEV-42467,CLR,Y,0
TXN-000799,2026-08-14T04:57:00,,NGN,M-2049,grocery,web,KE,C-10576,280.0,28,62.73,4,3,1,card,DEV-46936,CLR,Y,0
TXN-002716,2026-08-14T16:21:00,,USD,M-2095,restaurants,android,Ghana,C-10698,79.0,17,83.87,0,5,0,momo,DEV-83567,CNF,N,0
TXN-002830,15/08/2026 01:09,19.48,USD,M-2022,other,android,NG,C-10300,1227.0,23,12.76,0,7,1,momo,DEV-61226,CLR,Y,0
TXN-000059,20/08/2026 13:21,27.29,NGN,M-2017,grocery,android,gh,C-10254,647.0,27,24.63,7,,0,card,DEV-32240,CLR,Y,0
TXN-002982,08/08/2026 16:24,14.18,GHS,M-2077,RESTAURANTS,android,Ghana,C-10636,554.0,30,10.23,4,15,0,card,DEV-98022,CLR,Y,0
TXN-000344,31/08/2026 21:51,6.44,NGN,M-2036,Grocery,ussd,GH,C-10276,2.0,35,7.71,0,4,0,card,DEV-13052,CLR,N,0
TXN-002180,07-30-2026,39.23,GHS,M-2037,crypto,android,Ghana,C-10043,1581.0,29,39.57,0,7,0,card,DEV-61224,CLR,Y,0
TXN-000439,08-20-2026,25.19,GHS,M-2029,unk,pos,GHA,C-10641,95.0,13,20.57,6,22,1,card,DEV-96906,ESC,Y,0
TXN-000167,2026-08-01 20:39:00,12.71,GHS,M-2054,telecom,android,ke,C-10285,957.0,27,11.43,6,16,0,momo,DEV-60513,CLR,Y,0
TXN-000125,06/08/2026 07:05,26.51 GHS,GHS,M-2023,,android,ke,C-10716,1720.0,38,15.93,0,12,0,momo,DEV-79625,ESC,N,0
TXN-000735,2026-07-20T02:16:00,153.28,GHS,M-2002,fuel,ios,ke,C-10305,616.0,22,95.04,2,23,1,card,DEV-53430,CLR,Y,0
TXN-002649,01/08/2026 12:58,6.81,GHS,M-2065,restaurants,ios,Nigeria,C-10363,1522.0,34,9.79,7,10,0,card,DEV-23269,CLR,Y,0
TXN-000434,2026-08-04T03:24:00,,GHS,M-2081,travel,ios,NG,C-10270,,32,23.28,0,19,0,card,DEV-21346,CLR,N,0
TXN-001617,2026-09-05T20:00:00,160.31,GHS,M-2029,restaurants,web,NGA,C-10569,1194.0,34,181.8,0,11,0,momo,DEV-40284,CLR,N,0
TXN-000765,2026-07-28T00:10:00,14.02,GHS,M-2067,Electronics,ios,Kenya,C-10526,1027.0,27,20.71,0,0,0,card,DEV-14052,ESC,N,0
TXN-002597,2026-07-30T13:58:00,59.34,NGN,M-2051,grocery,web,GH,C-10608,1373.0,18,40.06,0,12,0,bank,DEV-73940,CLR,N,0
TXN-001303,2026-07-29T07:01:00,29.60,NGN,M-2031,other,android,gh,C-10498,37.0,0,35.3,0,8,0,momo,DEV-67265,CLR,N,0
TXN-002186,11/08/2026 22:08,134.06,GHS,M-2020,telecom,web,NGA,C-10346,1295.0,24,205.78,0,13,0,momo,DEV-63992,CLR,N,0
TXN-001427,2026-09-10 09:57:00,$8.71,GHS,M-2019,restaurants,android,Kenya,C-10623,1442.0,18,5.98,0,0,0,card,DEV-43052,ESC,N,0
TXN-003064,2026-09-10T13:43:00,29.30,GHS,M-2001,gambling,pos,Ghana,C-10012,645.0,11,16.49,0,3,0,momo,DEV-80350,CLR,Y,0
TXN-001043,2026-08-23T21:19:00,17.60 GHS,GHS,M-2075,,ios,GHA,C-10735,1278.0,2,21.18,0,2,0,card,DEV-30943,CLR,N,0
TXN-002531,2026-08-12T02:35:00,35.73,NGN,M-2072,FUEL,web,GHA,C-10106,554.0,9,50.11,0,19,1,momo,DEV-49671,ESC,Y,0
TXN-000839,14/08/2026 19:33,10.55 GHS,USD,M-2064,,ussd,NGA,C-10682,556.0,17,5.31,7,10,0,card,DEV-80019,CLR,Y,0
TXN-001910,2026-09-05T04:33:00,209.16,NGN,M-2091,Telecom,android,Ghana,C-10513,520.0,37,265.37,0,11,0,momo,DEV-80768,CLR,N,0
TXN-002971,09/09/2026 15:48,20.21,GHS,M-2036, grocery ,android,Ghana,C-10546,515.0,6,15.65,2,9,1,momo,DEV-90587,CLR,Y,0
TXN-002000,28/07/2026 09:07,111.06,GHS,M-2034,Gambling,pos,GHA,C-10240,5.0,30,57.75,0,14,0,momo,DEV-45153,ESC,Y,0
TXN-000760,27/08/2026 07:17,22.01,GHS,M-2031,OTHER,android,gh,C-10701,717.0,25,32.6,2,16,0,card,DEV-38992,CLR,Y,0
TXN-000177,09-09-2026, 21.08 ,GHS,M-2057, restaurants ,ios,Nigeria,C-10577,762.0,28,26.07,0,15,1,card,DEV-88208,CLR,Y,0
TXN-000451,2026-09-02 17:43:00,36.37,GHS,M-2066,RESTAURANTS,ussd,gh,C-10341,1659.0,4,17.45,0,21,1,momo,DEV-10842,CLR,Y,0
TXN-000840,2026-09-08T17:02:00,135.19,GHS,M-2082,fuel,web,Nigeria,C-10611,1.0,16,124.98,5,5,0,momo,DEV-34515,CLR,Y,0
TXN-002366,2026-08-31T00:54:00,36.36,USD,M-2038,,ios,ng,C-10570,814.0,35,21.84,0,23,0,card,DEV-62292,CLR,N,0
TXN-002983,2026-08-01T20:53:00,5.17,USD,M-2086,telecom,web,NGA,C-10333,232.0,24,7.58,0,20,1,card,DEV-31219,CLR,Y,0
TXN-000811,2026-08-05T16:35:00,49.97,GHS,M-2064,restaurants,ios,Nigeria,C-10470,1732.0,24,24.22,0,6,0,momo,DEV-82235,CLR,N,0
TXN-001335,2026-07-26 11:42:00,15.81,GHS,M-2023,fuel,android,ng,C-10104,5.0,17,17.27,0,,0,card,DEV-85447,ESC,N,0
TXN-001365,11/09/2026 03:51,53.29,GHS,M-2043,electronics,pos,gh,C-10010,,38,74.55,0,4,0,momo,DEV-40073,CLR,N,0
TXN-002879,25/08/2026 05:22, 62.87 ,NGN,M-2002,fuel,web,GH,C-10100,652.0,31,41.64,3,5,0,momo,DEV-57329,CLR,Y,0
TXN-003099,2026-08-05T00:09:00, 174.45 ,GHS,M-2051,Grocery,android,Ghana,C-10093,1683.0,9,260.1,4,18,0,momo,DEV-70463,CLR,Y,0
TXN-001576,2026-08-19T22:04:00,33.05,GHS,M-2054,telecom,android,NGA,C-10241,1399.0,29,42.45,0,4,0,momo,DEV-53437,CLR,N,0
TXN-000081,2026-08-08 14:12:00,35.72,USD,M-2058,grocery,pos,Ghana,C-10318,955.0,16,21.25,0,1,0,momo,DEV-98395,CLR,N,0
TXN-002814,18/07/2026 20:51,20.42,GHS,M-2043,electronics,android,Ghana,C-10573,1498.0,19,13.86,0,,0,momo,DEV-33079,CLR,N,0
TXN-002229,2026-08-05 05:24:00,40.90,GHS,M-2079,telecom,android,GH,C-10462,,6,21.73,0,16,0,momo,DEV-43898,CLR,N,0
TXN-002139,2026-08-14T09:21:00,,USD,M-2058,grocery,android,gh,C-10689,1352.0,9,100.38,4,19,0,card,DEV-90710,CLR,Y,0
TXN-002948,2026-08-25T20:49:00,21.14,GHS,M-2060,restaurants,web,GHA,C-10328,1580.0,33,20.3,0,16,0,momo,DEV-22443,ESC,N,0
TXN-001559,23/07/2026 10:55,26.74,GHS,M-2045,telecom,web,GHA,C-10177,4.0,28,22.02,0,19,1,card,DEV-70109,CLR,Y,0
TXN-002915,2026-08-13T20:36:00,103.75,GHS,M-2072,Fuel,android,NG,C-10261,3.0,5,49.72,0,13,1,card,DEV-41370,ESC,Y,0
TXN-001180,2026-08-14T00:25:00,77.95,GHS,M-2046,travel,ios,gh,C-10402,1253.0,0,114.12,7,7,0,card,DEV-54098,CLR,Y,0
TXN-002841,2026-07-21T10:21:00,53.49,USD,M-2023, fuel ,android,Ghana,C-10483,881.0,14,50.84,0,19,0,card,DEV-40340,CLR,N,0
TXN-000795,2026-07-24T22:45:00,$41.55,NGN,M-2084,grocery,ios,ng,C-10159,1715.0,20,58.15,0,20,0,card,DEV-70208,CLR,N,0
TXN-002855,23/07/2026 12:00,40.09,GHS,M-2056,gambling,pos,Ghana,C-10499,1340.0,13,33.72,0,0,0,momo,DEV-67545,CLR,Y,0
TXN-002078,2026-08-02 00:00:00,35.63,GHS,M-2092,,web,ke,C-10334,781.0,22,16.4,0,4,0,card,DEV-84531,CNF,Y,1
TXN-002650,09/09/2026 12:09,24.94 GHS,GHS,M-2067,electronics,android,GHA,C-10416,549.0,7,22.5,4,2,0,momo,DEV-16653,CLR,Y,0
TXN-002868,08/09/2026 21:56,,GHS,M-2090, grocery ,ios,GHA,C-10162,738.0,32,23.42,0,13,0,bank,DEV-41868,CLR,N,0
TXN-002553,07-19-2026, 21.93 ,GHS,M-2065,Restaurants,ios,Ghana,C-10146,243.0,12,32.1,0,13,0,card,DEV-94415,CLR,N,0
TXN-000371,2026-08-30T03:08:00,17.24,GHS,M-2018,fuel,android,Kenya,C-10129,0.0,19,14.14,0,14,0,card,DEV-84862,CLR,N,0
TXN-000403,07-22-2026,40.22,GHS,M-2016,,pos,Nigeria,C-10178,147.0,38,28.27,0,12,1,card,DEV-39613,CLR,Y,0
TXN-003154,11/09/2026 05:18,47.95,GHS,M-2083,GROCERY,web,gh,C-10188,1331.0,13,36.19,3,10,0,momo,DEV-66823,CLR,Y,0
TXN-001028,2026-07-20T21:30:00,26.49,GHS,M-2015,electronics,web,GHA,C-10364,1050.0,13,22.24,5,16,0,momo,DEV-80570,ESC,Y,0
TXN-001768,2026-08-02T21:33:00,25.98,GHS,M-2052,telecom,android,GHA,C-10407,226.0,0,38.96,0,18,1,momo,DEV-57953,CNF,Y,1
TXN-002960,07/09/2026 10:47,56.08,GHS,M-2027,Grocery,android,gh,C-10557,1765.0,15,47.47,0,3,0,momo,DEV-44507,ESC,N,0
TXN-001875,2026-08-14 01:52:00,19.35,GHS,M-2091,telecom,web,NGA,C-10160,1059.0,10,19.71,7,11,0,momo,DEV-74845,CLR,Y,0
TXN-001994,09-01-2026,13.08,USD,M-2027,Grocery,android,NG,C-10616,1685.0,34,16.32,3,15,0,card,DEV-96296,CLR,Y,0
TXN-002374,2026-08-07T13:00:00,72.28,GHS,M-2077,,ios,GHA,C-10036,438.0,14,101.33,0,6,0,card,DEV-75186,CLR,N,0
TXN-000539,22/08/2026 09:42,26.60,NGN,M-2009,Gambling,ios,Ghana,C-10320,516.0,3,16.43,0,9,0,card,DEV-92247,CLR,Y,0
TXN-000565,2026-07-24T00:10:00,28.33,GHS,M-2072,,android,GHA,C-10599,572.0,19,34.79,0,17,0,card,DEV-61906,CLR,N,0
TXN-002349,24/07/2026 12:46,63.97 GHS,USD,M-2073,electronics,ios,Ghana,C-10172,1337.0,7,98.32,0,14,0,momo,DEV-99157,CLR,N,0
TXN-000953,09/09/2026 21:53,20.57,NGN,M-2059,Grocery,android,GH,C-10562,1059.0,4,28.59,0,9,0,card,DEV-56507,CLR,N,0
TXN-000142,2026-07-28T10:04:00,27.33,GHS,M-2030,telecom,ios,gh,C-10093,1683.0,12,27.32,0,18,0,card,DEV-19964,CNF,N,0
TXN-001265,03/08/2026 11:04,20.87,GHS,M-2029,restaurants,ios,NGA,C-10542,207.0,23,21.04,0,6,0,momo,DEV-46488,CLR,N,0
TXN-001813,09-10-2026,13.82,GHS,M-2070,GROCERY,android,Ghana,C-10193,11.0,37,16.29,0,1,0,card,DEV-38415,CLR,N,0
TXN-000812,2026-07-25 20:21:00,20.63,GHS,M-2079,telecom,ios,NGA,C-10274,282.0,37,20.35,3,10,1,momo,DEV-72272,CLR,Y,0
TXN-002996,17/07/2026 19:03,33.66 GHS,NGN,M-2029,unk,android,gh,C-10386,709.0,6,47.67,0,20,1,card,DEV-63634,CLR,Y,0
TXN-003038,08-02-2026, 69.40 ,USD,M-2067,electronics,web,ke,C-10004,269.0,21,91.41,6,12,0,momo,DEV-24989,CLR,Y,0
TXN-001883,2026-08-13 20:35:00,24.39,GHS,M-2087,gambling,ios,ng,C-10139,1174.0,4,18.2,0,23,1,momo,DEV-42667,CNF,Y,1
TXN-002970,2026-08-05 00:58:00,35.78,GHS,M-2024, telecom ,ios,GHA,C-10687,375.0,17,28.87,0,16,0,momo,DEV-58008,CLR,N,0
TXN-003183,09-05-2026,10.12,GHS,M-2030,Telecom,android,gh,C-10153,1622.0,36,11.88,0,16,0,card,DEV-74366,CLR,N,0
TXN-000472,20/08/2026 05:15,46.89,NGN,M-2012,RESTAURANTS,web,NGA,C-10145,454.0,8,50.14,6,0,0,momo,DEV-60203,CNF,Y,1
TXN-001996,2026-09-07T05:28:00,NA,GHS,M-2038,unk,web,NG,C-10411,8.0,16,9.55,7,23,0,card,DEV-28954,CLR,Y,0
TXN-001107,08/08/2026 11:40,36.02,GHS,M-2058,GROCERY,web,gh,C-10015,734.0,0,28.15,0,9,0,momo,DEV-86013,CLR,N,0
TXN-000248,2026-08-16T18:55:00,19.30,GHS,M-2030,telecom,web,GH,C-10137,,13,15.27,1,21,0,momo,DEV-21970,ESC,N,0
TXN-001211,2026-09-05 00:01:00,113.31,NGN,M-2045,,android,KE,C-10685,394.0,34,137.32,0,16,0,momo,DEV-85951,CLR,N,0
TXN-001881,2026-08-14 04:13:00,15.29,GHS,M-2068,grocery,android,Ghana,C-10310,97.0,24,22.96,0,7,1,momo,DEV-41977,CLR,Y,0
TXN-001193,2026-07-23T12:51:00,29.81,NGN,M-2021,,pos,Ghana,C-10351,1079.0,34,36.12,5,10,1,bank,DEV-26458,CLR,Y,0
TXN-002247,24/07/2026 22:33,23.88,GHS,M-2056,GAMBLING,ios,GH,C-10438,505.0,10,27.55,7,14,1,momo,DEV-17055,CLR,Y,0
TXN-000512,2026-08-10T05:23:00,118.55,GHS,M-2024, telecom ,android,GHA,C-10496,,38,89.19,0,14,0,momo,DEV-50975,CLR,N,0
TXN-002803,2026-07-23T19:59:00,64.39,NGN,M-2011,other,web,GHA,C-10624,301.0,30,42.75,0,21,0,momo,DEV-65394,CLR,N,0
TXN-002168,05/09/2026 17:18,18.65,NGN,M-2070,grocery,ios,gh,C-10113,99999.0,33,28.18,0,20,1,card,DEV-89588,CLR,Y,0
TXN-000417,17/08/2026 23:26,NA,USD,M-2082,unk,web,ng,C-10232,599.0,7,4.64,7,0,0,card,DEV-19844,CNF,Y,1
TXN-000178,2026-08-23T05:17:00,88.89,GHS,M-2061,crypto,android,GHA,C-10536,-1.0,3,50.64,0,1,0,bank,DEV-25559,CNF,Y,1
TXN-001004,2026-09-08 04:30:00,56.70,GHS,M-2004,grocery,android,gh,C-10721,6.0,35,87.08,0,12,0,momo,DEV-89748,CLR,N,0
TXN-001023,05/09/2026 02:54,17.74,GHS,M-2053,restaurants,web,Ghana,C-10670,982.0,16,11.4,0,0,0,momo,DEV-37253,CNF,N,0
TXN-001285,2026-08-06T05:22:00,15.65,GHS,M-2038,electronics,web,GHA,C-10630,1025.0,4,10.2,0,4,0,momo,DEV-78857,CNF,N,0
TXN-001658,07-20-2026,101.16,GHS,M-2028,Grocery,android,Ghana,C-10547,4.0,29,98.66,0,17,0,momo,DEV-60939,CLR,Y,0
TXN-001908,2026-08-03T10:10:00,85.42,GHS,M-2080,restaurants,ios,GH,C-10448,1384.0,3,112.98,1,15,0,card,DEV-80128,CLR,N,0
TXN-000832,2026-08-07 19:40:00,38.66,GHS,M-2054,telecom,web,gh,C-10095,841.0,28,26.28,7,14,0,momo,DEV-32218,CLR,Y,0
TXN-001553,2026-09-03T00:30:00,124.78,NGN,M-2070,grocery,ios,gh,C-10195,1368.0,28,129.67,0,6,0,card,DEV-77208,CLR,N,0
TXN-002404,2026-08-11T12:23:00,5.26,GHS,M-2076,electronics,android,gh,C-10384,1322.0,25,3.2,7,17,0,momo,DEV-83426,CLR,Y,0
TXN-000184,07-20-2026, 12.41 ,USD,M-2035,grocery,web,Ghana,C-10064,905.0,24,5.64,0,16,0,momo,DEV-19203,CLR,N,0
TXN-002598,2026-08-09T23:53:00,8.35,GHS,M-2060,,ios,Ghana,C-10279,1094.0,19,8.21,0,17,0,card,DEV-84949,CLR,N,0
TXN-001457,2026-08-20T00:30:00,20.92,GHS,M-2036,grocery,ussd,GHA,C-10191,668.0,18,18.38,0,1,0,card,DEV-67096,CLR,N,0
TXN-002977,2026-08-24T08:34:00,NA,GHS,M-2022,,ios,GH,C-10601,830.0,20,29.83,0,1,0,momo,DEV-12405,ESC,N,0
TXN-000655,2026-08-05T22:55:00,9.38,GHS,M-2073,ELECTRONICS,pos,Kenya,C-10168,765.0,5,11.02,0,17,1,momo,DEV-61489,CLR,Y,0
TXN-000603,25/07/2026 01:12,44.88,NGN,M-2054,Telecom,pos,GH,C-10072,,32,56.08,0,8,0,card,DEV-91948,ESC,N,0
TXN-002442,2026-08-20T17:01:00,19.38,GHS,M-2061,Crypto,web,GH,C-10455,1125.0,26,14.31,0,15,0,card,DEV-28748,CLR,Y,0
TXN-003160,2026-08-24 19:35:00,17.34,GHS,M-2070,grocery,web,Ghana,C-10575,3.0,6,15.49,0,16,1,card,DEV-29016,ESC,Y,0
TXN-000701,2026-08-11 01:41:00,13.01,GHS,M-2033,TRAVEL,android,gh,C-10582,531.0,22,13.18,5,2,0,card,DEV-22379,CLR,Y,0
TXN-001323,2026-08-01T06:49:00,14.15,GHS,M-2012,Restaurants,ios,GHA,C-10330,10.0,2,21.04,4,18,1,momo,DEV-28338,CLR,Y,0
TXN-001476,08-09-2026,23.87,NGN,M-2028,grocery,web,Ghana,C-10523,1468.0,1,23.38,7,11,0,bank,DEV-49748,CLR,Y,0
TXN-000163,2026-07-26T18:05:00,12.41,GHS,M-2071,travel,android,gh,C-10357,616.0,32,18.61,0,16,1,momo,DEV-58917,CLR,Y,0
TXN-001942,11/08/2026 06:26,83.93,GHS,M-2002,fuel,ussd,ng,C-10611,1.0,4,61.9,5,15,0,bank,DEV-29904,CLR,Y,0
TXN-003134,2026-08-21T22:02:00,NA,GHS,M-2082,fuel,android,Ghana,C-10438,505.0,23,150.68,0,3,0,bank,DEV-19963,CLR,N,0
TXN-001830,2026-09-05T00:53:00,148.41,GHS,M-2025,grocery,pos,NGA,C-10221,1278.0,38,148.75,0,15,0,card,DEV-17529,CLR,N,0
TXN-002792,2026-08-24T23:56:00,29.36,GHS,M-2024,telecom,android,ke,C-10591,929.0,27,19.98,0,18,0,card,DEV-89718,CLR,N,0
TXN-000573,2026-09-10T08:44:00,4688.57,GHS,M-2065,restaurants,pos,Nigeria,C-10274,282.0,39,2295.28,0,2,0,card,DEV-39632,CLR,Y,0
TXN-001037,2026-08-09T13:50:00,,GHS,M-2001,,ios,GH,C-10185,1051.0,34,36.09,0,14,0,momo,DEV-79562,CNF,Y,1
TXN-002098,2026-07-18T11:22:00,NA,GHS,M-2045,telecom,ios,GH,C-10078,1676.0,15,28.05,4,19,0,momo,DEV-96346,CLR,Y,0
TXN-001314,2026-07-31T04:47:00,70.05,GHS,M-2071,TRAVEL,web,gh,C-10378,310.0,39,103.6,3,19,0,momo,DEV-28130,CLR,Y,0
TXN-002771,2026-08-01T01:00:00,66.23,GHS,M-2052,telecom,android,Nigeria,C-10548,1702.0,38,69.93,0,12,0,momo,DEV-10541,CLR,N,0
TXN-000548,06/09/2026 05:51,28.09,GHS,M-2064,RESTAURANTS,pos,GH,C-10546,515.0,25,34.59,5,19,1,card,DEV-43807,ESC,Y,0
TXN-001654,23/08/2026 20:22,18.27,GHS,M-2021,Travel,web,GHA,C-10678,969.0,32,21.27,0,14,0,momo,DEV-52106,ESC,N,0
TXN-001048,2026-07-26T22:43:00,59.39,USD,M-2070,grocery,android,Ghana,C-10252,650.0,3,36.49,0,6,0,card,DEV-31111,CLR,N,0
TXN-000074,28/07/2026 01:23,35.66,USD,M-2065,RESTAURANTS,android,GHA,C-10733,11.0,31,50.52,0,20,0,momo,DEV-81950,CLR,N,0
TXN-000049,2026-08-12 10:18:00,41.13,NGN,M-2024,telecom,pos,gh,C-10341,1659.0,10,32.75,0,19,0,card,DEV-49359,CLR,N,0
TXN-002426,2026-08-10T05:39:00,16.66,GHS,M-2045,unk,android,gh,C-10561,248.0,36,13.68,0,7,1,bank,DEV-41319,CLR,Y,0
TXN-001205,07-27-2026,9.08,GHS,M-2085,grocery,web,NGA,C-10306,,17,7.35,0,17,0,momo,DEV-53061,CLR,N,0
TXN-001661,27/07/2026 20:16,5.81,NGN,M-2090,grocery,android,Nigeria,C-10309,1120.0,10,7.92,0,13,0,momo,DEV-22872,CLR,N,0
TXN-001284,2026-07-19T23:31:00,20.35,GHS,M-2060,restaurants,android,GHA,C-10147,6.0,13,11.19,0,20,0,momo,DEV-40974,CLR,N,0
TXN-002277,25/08/2026 00:15,27.33,GHS,M-2014,,web,GHA,C-10276,2.0,34,24.87,0,4,1,momo,DEV-13102,CNF,Y,1
TXN-001026,2026-08-17T17:24:00,10,NGN,M-2002,fuel,ios,GH,C-10115,178.0,25,7.76,2,23,0,momo,DEV-29973,CLR,Y,0
TXN-001911,2026-08-04T22:13:00,31.27,USD,M-2059,grocery,android,gh,C-10029,321.0,24,43.83,0,15,0,momo,DEV-31564,CLR,N,0
TXN-002128,2026-08-10T00:44:00,NA,GHS,M-2028,grocery,web,GHA,C-10288,1511.0,2,33.29,0,19,1,card,DEV-42410,CLR,Y,0
TXN-002550,2026-08-19T15:28:00,14.73 GHS,GHS,M-2008,,android,GHA,C-10100,652.0,16,8.99,1,3,1,card,DEV-75005,CNF,Y,0
TXN-002115,2026-08-22 03:03:00,60.44,GHS,M-2043,electronics,android,Ghana,C-10140,1212.0,10,77.67,0,15,0,card,DEV-52904,CLR,N,0
TXN-002093,30/07/2026 21:35,25.56,GHS,M-2021,travel,android,gh,C-10730,1342.0,20,15.66,0,4,0,momo,DEV-68035,CLR,N,0
TXN-002794,2026-08-17 12:39:00,132.86,NGN,M-2091,telecom,android,NG,C-10042,1159.0,4,79.87,0,9,0,card,DEV-74541,CLR,N,0
TXN-002259,28/08/2026 17:30,37.37,GHS,M-2017,grocery,web,ke,C-10250,1485.0,18,47.34,0,0,0,momo,DEV-18933,CLR,N,0
TXN-002930,2026-07-19T00:54:00,$41.93,GHS,M-2086,Telecom,web,Ghana,C-10205,,4,34.54,0,4,0,card,DEV-74480,CLR,N,0
TXN-001917,2026-08-30T07:48:00,44.29,GHS,M-2012,restaurants,ios,ke,C-10003,1770.0,35,44.46,0,7,0,card,DEV-39336,CLR,N,0
TXN-001567,2026-09-09T11:43:00,60.17,GHS,M-2041,fuel,web,Ghana,C-10142,1590.0,3,37.38,0,13,0,bank,DEV-43090,CLR,N,0
TXN-001737,2026-07-24T03:56:00,15.75,GHS,M-2089,crypto,ios,gh,C-10115,178.0,2,7.82,3,17,0,momo,DEV-77417,CNF,Y,1
TXN-003079,2026-09-10 08:40:00,20.06,NGN,M-2093,,ussd,Ghana,C-10000,11.0,5,27.54,1,6,1,card,DEV-63655,CNF,Y,1
TXN-002907,2026-08-31 07:32:00,37.59,GHS,M-2062,restaurants,android,Ghana,C-10731,991.0,14,17.98,0,1,1,momo,DEV-66579,CLR,Y,0
TXN-002323,28/07/2026 11:31,23.62,GHS,M-2063,telecom,android,NGA,C-10505,865.0,5,20.58,1,4,0,card,DEV-74351,CNF,N,1
TXN-002303,22/08/2026 04:35,45.74,GHS,M-2073,electronics,android,NG,C-10297,,28,40.98,0,14,0,momo,DEV-41499,CLR,N,0
TXN-002506,10/08/2026 06:45,70.99,USD,M-2058,grocery,android,GHA,C-10638,505.0,3,89.67,0,15,1,card,DEV-49513,CLR,Y,0
TXN-001135,2026-08-03T17:14:00,14.08,USD,M-2077,restaurants,pos,Ghana,C-10053,1409.0,25,21.34,0,20,0,card,DEV-88497,CLR,N,0
TXN-001114,2026-07-26T15:15:00,2665.65,USD,M-2071,travel,android,Ghana,C-10659,1549.0,22,3632.94,0,14,0,momo,DEV-60315,ESC,Y,0
TXN-003145,08-04-2026,,GHS,M-2084,grocery,ussd,NGA,C-10394,1305.0,17,32.08,2,1,0,card,DEV-83347,CNF,Y,1
TXN-000791,2026-08-07T15:15:00,36.13,GHS,M-2033,travel,ios,ng,C-10552,721.0,0,51.04,0,12,0,card,DEV-25777,CLR,N,0
TXN-000692,19/08/2026 12:46,68,GHS,M-2002,,android,ng,C-10228,,9,95.45,3,9,1,momo,DEV-10922,ESC,Y,0
TXN-001007,2026-07-22T12:10:00,45.91,GHS,M-2034,gambling,ios,gh,C-10696,11.0,25,22.78,7,,0,momo,DEV-99858,CLR,Y,0
TXN-001399,2026-08-31 08:03:00, 7.43 ,GHS,M-2051,GROCERY,ussd,NG,C-10565,487.0,13,9.35,2,1,0,card,DEV-39903,CLR,Y,0
TXN-003181,2026-09-01T00:41:00,15.40,GHS,M-2073,electronics,ussd,Ghana,C-10439,1214.0,5,18.11,0,10,0,momo,DEV-89543,CLR,N,0
TXN-001721,27/08/2026 16:13,29.84,GHS,M-2001,,web,GHA,C-10087,1045.0,1,42.64,0,,0,card,DEV-64283,CLR,Y,0
TXN-000998,2026-08-14T17:32:00,8.73,GHS,M-2057,RESTAURANTS,android,NGA,C-10398,341.0,32,4.34,0,19,1,momo,DEV-25098,CLR,Y,0
TXN-000613,2026-09-02T15:44:00,,GHS,M-2033,travel,web,Ghana,C-10214,1171.0,7,30.64,0,9,0,card,DEV-61678,CLR,N,0
TXN-002454,02/08/2026 09:13,24.46,GHS,M-2094,electronics,ios,Ghana,C-10537,248.0,14,28.58,0,22,0,card,DEV-77002,CLR,N,0
TXN-002656,31/08/2026 20:23,16.38,GHS,M-2053,restaurants,web,gh,C-10546,515.0,14,24.56,0,11,1,card,DEV-47707,CLR,Y,0
TXN-000109,18/07/2026 04:35,31.40,GHS,M-2054,telecom,android,Kenya,C-10617,749.0,33,34.65,0,5,0,momo,DEV-38487,CLR,N,0
TXN-001237,2026-08-15T14:21:00,NA,NGN,M-2059,grocery,android,GH,C-10628,481.0,35,90.29,0,18,0,bank,DEV-52301,CLR,N,0
TXN-003053,09-03-2026,25.23,GHS,M-2015,,ussd,GHA,C-10303,,4,24.27,0,3,0,bank,DEV-90644,CLR,N,0
TXN-000319,20/08/2026 22:35,39.02,GHS,M-2016,restaurants,web,Ghana,C-10490,725.0,34,30.58,3,12,0,momo,DEV-88472,CLR,Y,0
TXN-000913,2026-08-05T21:03:00,11.77,NGN,M-2007,telecom,web,gh,C-10420,1449.0,2,13.61,0,0,1,card,DEV-59236,CLR,Y,0
TXN-001150,31/07/2026 05:23,18.85,GHS,M-2085,,android,ng,C-10664,818.0,3,24.55,0,14,0,momo,DEV-46868,CLR,N,0
TXN-001922,09/09/2026 20:37,10.91 GHS,GHS,M-2070,grocery,ios,Ghana,C-10231,7.0,21,14.64,0,13,0,card,DEV-23048,CLR,N,0
TXN-003137,04/08/2026 22:14,31.26,GHS,M-2072,fuel,pos,NG,C-10682,556.0,34,15.11,0,2,0,momo,DEV-84131,CLR,N,0
TXN-002666,01/09/2026 21:41,61,GHS,M-2067,electronics,android,Ghana,C-10368,521.0,16,34.89,0,19,0,momo,DEV-50139,CLR,N,0
TXN-002309,29/07/2026 11:40,55.74,GHS,M-2021,,pos,ng,C-10653,6.0,18,69.57,0,13,0,momo,DEV-46887,CLR,N,0
TXN-002249,08-11-2026,118.09,NGN,M-2011,other,ussd,GHA,C-10164,1694.0,0,154.48,4,,0,card,DEV-89054,CLR,Y,0
TXN-000950,19/07/2026 18:30,19.32,GHS,M-2059,grocery,android,NG,C-10343,574.0,13,26.86,0,10,0,momo,DEV-76910,CLR,N,0
TXN-000632,22/08/2026 22:28,28.69 GHS,GHS,M-2008,,ussd,ke,C-10688,1167.0,7,14.92,4,10,0,card,DEV-97901,CNF,Y,1
TXN-000858,2026-08-09T00:54:00,26.81,GHS,M-2035,grocery,ios,gh,C-10390,269.0,19,40.61,0,11,0,momo,DEV-65398,CLR,N,0
TXN-000875,07/09/2026 12:11,20.46,NGN,M-2087,gambling,android,NG,C-10331,824.0,23,24.35,0,9,0,momo,DEV-75085,CLR,Y,0
TXN-003156,2026-07-27 23:53:00,144.78,NGN,M-2059,GROCERY,android,GH,C-10649,62.0,22,179.31,0,5,0,card,DEV-62906,ESC,N,0
TXN-000583,22/07/2026 16:58,2612.61,GHS,M-2010,travel,android,Ghana,C-10637,960.0,24,2630.3,4,,0,bank,DEV-57669,CNF,Y,1
TXN-002639,24/07/2026 09:42,28.97,GHS,M-2026,GAMBLING,android,gh,C-10167,995.0,23,38.15,0,14,0,card,DEV-95106,CLR,Y,0
TXN-001233,16/08/2026 12:56,54,GHS,M-2047,,android,gh,C-10407,226.0,18,67.28,0,21,0,card,DEV-13350,CLR,N,0
TXN-000597,2026-07-21T13:00:00,104.36,GHS,M-2034,gambling,web,Ghana,C-10181,288.0,34,130.92,0,8,1,card,DEV-56918,CNF,Y,1
TXN-000057,2026-07-24 09:15:00,39.36,NGN,M-2055, telecom ,web,ng,C-10139,1174.0,33,29.09,5,16,0,momo,DEV-78655,CLR,Y,0
TXN-001878,2026-08-24 06:15:00,,GHS,M-2078,restaurants,ussd,NG,C-10555,1679.0,32,11.91,0,3,0,momo,DEV-99897,CLR,N,0
TXN-002847,2026-08-25T09:04:00,NA,GHS,M-2093,travel,web,Ghana,C-10233,440.0,15,28.2,4,4,0,bank,DEV-79473,ESC,Y,0
TXN-002176,2026-08-16 06:37:00,$27.58,GHS,M-2057,restaurants,ios,Ghana,C-10626,399.0,30,27.39,3,3,0,momo,DEV-73573,CLR,Y,0
TXN-002415,30/08/2026 12:46,28.15,GHS,M-2066,restaurants,android,KE,C-10127,939.0,34,34.98,0,3,0,card,DEV-25545,CLR,N,0
TXN-000469,2026-08-18T13:30:00, 8.88 ,GHS,M-2065,restaurants,android,Ghana,C-10080,1131.0,20,4.33,2,17,1,bank,DEV-56884,CLR,Y,0
TXN-002820,2026-08-10T02:16:00,46.32,GHS,M-2053,,android,Ghana,C-10700,110.0,24,62.15,0,18,1,card,DEV-92834,CLR,Y,0
TXN-000810,30/07/2026 23:55,13.43,NGN,M-2043,unk,pos,Ghana,C-10079,1597.0,2,10.53,2,3,1,momo,DEV-40176,CNF,Y,1
TXN-000536,17/08/2026 07:18,103.49,GHS,M-2020,unk,android,ke,C-10003,1770.0,21,151.95,0,1,0,momo,DEV-55333,CLR,N,0
TXN-001207,2026-09-06 04:13:00,12.50,NGN,M-2021,travel,pos,GH,C-10130,818.0,6,7.16,2,18,0,momo,DEV-31274,ESC,Y,0
TXN-000600,2026-08-02 00:33:00,41.82,NGN,M-2063,telecom,ios,GHA,C-10064,905.0,16,33.14,3,0,1,card,DEV-40719,CNF,Y,1
TXN-001379,2026-08-31 19:53:00,$99.01,NGN,M-2018,fuel,android,GHA,C-10439,,5,133.29,2,2,0,momo,DEV-21092,ESC,Y,0
TXN-002258,17/08/2026 10:34,62.12,GHS,M-2084,,android,Ghana,C-10218,333.0,36,53.93,0,11,0,card,DEV-53179,CLR,N,0
TXN-000890,07-19-2026,148.38,GHS,M-2053,restaurants,android,ke,C-10591,929.0,20,95.77,5,9,0,momo,DEV-77714,CLR,Y,0
TXN-001413,2026-09-04 14:23:00,24.43 GHS,GHS,M-2033,travel,web,ng,C-10329,111.0,30,32.58,0,17,0,bank,DEV-13315,ESC,N,0
TXN-000070,16/08/2026 12:28,46.31,GHS,M-2038, electronics ,ussd,GHA,C-10181,288.0,25,68.88,0,14,0,card,DEV-72072,CLR,N,0
TXN-002924,2026-08-01 11:19:00,13.75,GHS,M-2048,restaurants,pos,GHA,C-10450,,30,11.95,3,17,1,card,DEV-21027,CLR,Y,0
TXN-002821,2026-08-08T02:32:00, 15.50 ,GHS,M-2017,grocery,ios,GHA,C-10166,400.0,9,15.35,0,13,1,momo,DEV-27923,CLR,Y,0
TXN-002594,2026-07-31 03:20:00,54.47,GHS,M-2077, restaurants ,android,GH,C-10455,,27,35.9,0,14,0,card,DEV-16022,CLR,N,0
TXN-000437,2026-08-17T10:52:00,19.73,GHS,M-2087,gambling,web,NG,C-10475,1684.0,8,13.29,0,11,0,momo,DEV-95603,CNF,Y,1
TXN-002167,02/08/2026 17:51,11.86,GHS,M-2086,telecom,android,NG,C-10071,41.0,28,10.78,0,1,1,momo,DEV-12144,CLR,Y,0
TXN-002576,2026-08-27 10:45:00,94.04,GHS,M-2092,gambling,android,GHA,C-10044,1.0,8,47.68,0,21,0,card,DEV-70988,ESC,Y,1
TXN-000209,21/07/2026 13:23,,GHS,M-2071,,web,Nigeria,C-10144,1.0,32,12.53,0,15,0,bank,DEV-49715,CLR,N,0
TXN-000966,2026-08-18T01:02:00,45.33,GHS,M-2010,TRAVEL,web,ng,C-10475,1684.0,39,38.32,1,7,0,card,DEV-50071,CLR,N,0
TXN-000566,2026-07-23T10:44:00,11.77,GHS,M-2027,grocery,web,Ghana,C-10568,402.0,16,16.47,0,17,1,momo,DEV-63168,CLR,Y,0
TXN-000314,2026-08-09T21:17:00,27.63,GHS,M-2030,telecom,web,NGA,C-10570,814.0,38,39.6,0,4,0,bank,DEV-21071,CLR,N,0
TXN-000602,26/07/2026 04:31, 26.37 ,GHS,M-2090,GROCERY,android,Ghana,C-10717,1571.0,26,18.23,0,13,1,momo,DEV-18370,CLR,Y,0
TXN-000234,2026-09-03T00:03:00,$47.29,GHS,M-2018,fuel,web,GHA,C-10301,11.0,22,37.5,0,6,0,momo,DEV-34180,CLR,N,0
TXN-000671,2026-08-22T18:45:00,$84.42,GHS,M-2078,RESTAURANTS,web,Ghana,C-10694,607.0,39,49.22,0,12,0,momo,DEV-47861,CLR,N,0
TXN-002615,2026-09-11 03:10:00,16.89,GHS,M-2001,gambling,ios,KE,C-10591,929.0,26,21.85,0,2,0,momo,DEV-27281,ESC,Y,0
TXN-001703,2026-09-08T22:13:00,84.38,GHS,M-2031,Other,ios,GHA,C-10417,35.0,24,109.23,0,20,0,card,DEV-58468,ESC,N,0
TXN-001432,2026-07-21T07:07:00,39.08,GHS,M-2048,unk,android,NGA,C-10111,1718.0,22,59.65,0,4,1,card,DEV-24947,CLR,Y,0
TXN-000112,07/08/2026 17:34,17.90,NGN,M-2079,telecom,web,Kenya,C-10534,4.0,35,17.73,7,4,0,momo,DEV-19687,CLR,Y,0
TXN-001481,2026-07-26T19:34:00, 19.74 ,GHS,M-2070,,pos,KE,C-10289,1779.0,23,20.01,6,21,0,card,DEV-82022,CLR,Y,0
TXN-000870,20/07/2026 14:35,109.22,USD,M-2069,,web,Ghana,C-10325,,25,131.64,0,,0,card,DEV-53460,CLR,Y,0
TXN-000679,2026-09-04 17:15:00,15.92,GHS,M-2010,travel,web,Ghana,C-10390,269.0,20,7.72,0,21,0,card,DEV-70018,CLR,N,0
TXN-000977,09-03-2026,7.38,GHS,M-2088,grocery,web,NGA,C-10682,556.0,6,4.46,2,22,0,card,DEV-87087,CLR,Y,0
TXN-000963,2026-09-09T05:52:00,66.28,GHS,M-2032,Electronics,ios,NGA,C-10363,1522.0,9,82.47,0,0,0,card,DEV-19882,CLR,N,0
TXN-000473,2026-08-12T18:01:00,33.66,GHS,M-2083,,ios,GHA,C-10586,2.0,11,21.37,0,22,0,momo,DEV-28944,CLR,N,0
TXN-001426,2026-08-12T08:04:00,,USD,M-2051,,ios,GHA,C-10076,1448.0,25,43.63,0,6,0,momo,DEV-20794,CLR,N,0
TXN-002926,2026-08-13T08:57:00,80.27,GHS,M-2057,restaurants,web,Nigeria,C-10333,232.0,30,78.05,0,20,1,card,DEV-58376,CLR,Y,0
TXN-000762,10/08/2026 09:26,81.73,GHS,M-2093,travel,ios,NG,C-10337,1138.0,9,64.07,5,10,0,card,DEV-52756,CNF,Y,0
TXN-002954,2026-07-23T17:58:00,85.00,GHS,M-2090,unk,pos,Ghana,C-10567,1592.0,21,55.54,0,16,0,momo,DEV-13663,CLR,N,0
TXN-001815,2026-07-20T23:43:00,93.45,NGN,M-2067,electronics,android,GHA,C-10463,1233.0,19,91.5,2,3,0,card,DEV-28210,CLR,Y,0
TXN-001234,21/08/2026 12:04,337.48,USD,M-2051,grocery,web,GH,C-10584,,16,372.25,0,21,0,card,DEV-74106,CLR,Y,0
TXN-000743,2026-08-06T18:06:00,58.81,USD,M-2089,crypto,android,NGA,C-10283,720.0,17,71.8,6,20,0,momo,DEV-56876,CLR,Y,0
TXN-002460,01/08/2026 07:17,79.51,GHS,M-2084,GROCERY,ios,GHA,C-10279,,27,57.6,4,1,0,momo,DEV-60996,CLR,Y,0
TXN-001124,2026-08-20T17:40:00,22.91 GHS,GHS,M-2036,grocery,web,Ghana,C-10016,1691.0,36,28.1,0,23,1,card,DEV-26026,CLR,Y,0
TXN-001508,19/07/2026 13:53,,NGN,M-2022,other,web,GHA,C-10031,359.0,31,35.59,0,1,0,momo,DEV-24924,CLR,N,0
TXN-000362,2026-09-03T20:46:00,22,USD,M-2088, grocery ,web,gh,C-10242,10.0,3,10.95,0,12,0,momo,DEV-80316,CLR,N,0
TXN-000136,18/07/2026 20:15,26.93,GHS,M-2031,other,web,GHA,C-10498,37.0,30,36.36,3,12,0,momo,DEV-48963,CLR,Y,0
TXN-002706,2026-08-28T20:19:00,,GHS,M-2073,electronics,ussd,GH,C-10174,724.0,7,22.23,3,11,0,momo,DEV-63034,CLR,Y,0
TXN-002333,2026-09-02T01:34:00,38.12,GHS,M-2068,Grocery,android,Ghana,C-10695,317.0,2,17.88,7,18,0,momo,DEV-23000,CLR,Y,0
TXN-002541,20/08/2026 18:11,16.29,GHS,M-2067,electronics,ussd,Ghana,C-10656,47.0,31,17.01,5,5,1,momo,DEV-55420,CLR,Y,0
TXN-002430,20/08/2026 17:21,22.11,GHS,M-2005,other,ios,KE,C-10406,465.0,3,19.94,0,16,0,momo,DEV-70347,CLR,N,0
TXN-000367,2026-08-01T03:00:00,101.36,NGN,M-2043,electronics,web,GHA,C-10562,1059.0,18,70.01,0,10,0,momo,DEV-42620,ESC,N,0
TXN-001958,31/08/2026 01:38,30.15,NGN,M-2074,grocery,android,GHA,C-10455,1125.0,5,38.24,0,9,0,card,DEV-82162,CLR,N,0
TXN-000030,2026-07-25T17:41:00,27.34,GHS,M-2018,fuel,android,GH,C-10048,159.0,21,24.78,0,21,0,card,DEV-42798,CLR,N,0
TXN-002686,2026-08-11 09:53:00,13.21,NGN,M-2075,electronics,web,Nigeria,C-10063,1436.0,22,12.99,6,,0,card,DEV-34665,CLR,Y,0
TXN-000023,2026-08-24 00:01:00,14.45,GHS,M-2074,,ussd,GH,C-10619,,8,9.4,0,17,1,card,DEV-93213,CLR,Y,0
TXN-001619,2026-08-17 10:55:00,,GHS,M-2019,restaurants,pos,GHA,C-10069,1338.0,16,23.67,4,0,0,card,DEV-24407,CLR,Y,0
TXN-001038,2026-08-24T20:41:00,,GHS,M-2007,telecom,ussd,GHA,C-10504,189.0,0,14.08,0,17,1,momo,DEV-10904,CLR,Y,0
TXN-001042,17/08/2026 05:39,$31.68,GHS,M-2045,telecom,android,NGA,C-10555,1679.0,26,28.43,0,5,0,bank,DEV-87273,CLR,N,0
TXN-001081,2026-07-23T01:38:00,,GHS,M-2042,Telecom,android,Ghana,C-10374,815.0,1,8.8,0,0,0,card,DEV-15286,CLR,N,0
TXN-000421,2026-08-27 23:37:00,5.28,GHS,M-2000,telecom,web,Ghana,C-10096,1.0,34,4.11,0,5,0,momo,DEV-81974,ESC,N,0
TXN-002284,25/08/2026 05:29,59.45,GHS,M-2028,,android,Ghana,C-10699,1481.0,35,28.54,0,7,0,card,DEV-97661,CLR,N,0
TXN-000461,09-04-2026,75.85,GHS,M-2094,ELECTRONICS,ios,Ghana,C-10301,11.0,13,80.79,2,13,0,bank,DEV-43663,ESC,Y,0
TXN-000044,29/08/2026 08:27,23.21,NGN,M-2087,,ios,Ghana,C-10584,1.0,2,12.27,2,5,0,card,DEV-83589,ESC,Y,0
TXN-000088,2026-07-27T23:24:00,69.42,GHS,M-2018,,web,Ghana,C-10354,1105.0,10,69.33,0,,0,momo,DEV-79227,CLR,N,0
TXN-002969,2026-08-27T10:01:00,NA,GHS,M-2056,gambling,ios,GHA,C-10725,520.0,1,83.64,0,23,0,momo,DEV-81933,CLR,Y,0
TXN-000970,2026-09-09 13:26:00,12.07,NGN,M-2033,travel,web,NG,C-10088,6.0,26,6.79,0,5,0,momo,DEV-62356,CLR,N,0
TXN-001498,2026-07-31T17:19:00,52.96,GHS,M-2033,,web,GH,C-10340,275.0,26,78.64,6,15,0,momo,DEV-93355,ESC,Y,0
TXN-000562,02/09/2026 11:00,9,GHS,M-2051,GROCERY,web,Nigeria,C-10664,818.0,37,5.71,0,3,0,card,DEV-28926,CLR,N,0
TXN-000283,22/07/2026 12:53,,GHS,M-2010,travel,ios,GHA,C-10049,1335.0,15,51.86,0,,0,card,DEV-41913,CLR,N,0
TXN-001357,2026-07-30T08:19:00,75.15,GHS,M-2030,telecom,ussd,GH,C-10454,553.0,39,84.85,6,10,0,card,DEV-18147,CNF,Y,0
TXN-000728,18/07/2026 23:43,115.21,GHS,M-2008,Grocery,pos,Ghana,C-10487,601.0,33,81.96,0,,0,momo,DEV-82093,CLR,N,0
TXN-002811,2026-08-13T21:18:00,5.84,GHS,M-2091,telecom,web,GH,C-10579,993.0,8,7.38,5,1,1,card,DEV-96075,CLR,Y,0
TXN-003054,12/08/2026 06:24,100.67,GHS,M-2034,gambling,ios,GHA,C-10481,980.0,26,66.44,0,11,0,card,DEV-59242,CLR,Y,0
TXN-000965,2026-08-30T06:12:00,,NGN,M-2063,telecom,android,Ghana,C-10391,1295.0,24,13.84,0,0,0,momo,DEV-10369,ESC,N,0
TXN-000534,2026-08-21T21:33:00,77.33,GHS,M-2022,Other,pos,ng,C-10415,1193.0,18,83.02,0,12,0,card,DEV-30835,ESC,N,0
TXN-002033,11/09/2026 13:14,32.45,NGN,M-2094,electronics,ios,GHA,C-10361,1220.0,33,40.12,0,14,0,momo,DEV-68025,CLR,N,0
TXN-002634,2026-08-06T13:36:00,21.43,GHS,M-2053,Restaurants,android,GH,C-10302,1006.0,39,15.33,1,16,0,momo,DEV-70774,CLR,N,0
TXN-001588,22/08/2026 06:32,71.25,GHS,M-2086,Telecom,android,GHA,C-10033,1546.0,28,85.12,4,6,0,card,DEV-49966,CLR,Y,0
TXN-002999,2026-08-10T05:55:00,31.62,NGN,M-2028,,web,GHA,C-10033,1546.0,29,28.51,0,9,0,card,DEV-83329,CLR,N,0
TXN-002534,2026-09-10 07:23:00,112.05,GHS,M-2065,RESTAURANTS,ios,gh,C-10594,1230.0,12,149.12,7,0,0,card,DEV-94012,CNF,Y,1
TXN-003117,2026-09-06T00:58:00,29.44,GHS,M-2082,fuel,ios,GHA,C-10461,719.0,15,20.57,0,20,0,momo,DEV-17102,CLR,N,0
TXN-002275,08-14-2026,9.55,GHS,M-2055,telecom,web,GHA,C-10142,1590.0,25,10.69,0,22,0,card,DEV-23332,CLR,N,0
TXN-001563,2026-08-23T11:05:00,16.98,NGN,M-2049,GROCERY,ussd,GH,C-10024,843.0,27,13.02,5,12,1,momo,DEV-88036,CLR,Y,0
TXN-003171,2026-08-15T02:07:00,23.13,GHS,M-2053,restaurants,ios,Ghana,C-10436,504.0,3,14.36,0,2,0,momo,DEV-34444,CLR,N,0
TXN-001447,2026-08-27 08:08:00,36.32,GHS,M-2065,restaurants,android,gh,C-10067,367.0,4,54.88,1,10,0,momo,DEV-34472,CLR,N,0
TXN-000730,2026-08-18T16:43:00,216.17 GHS,GHS,M-2032,electronics,pos,GHA,C-10052,961.0,0,239.99,0,5,0,momo,DEV-23565,CLR,N,0
TXN-002877,2026-08-04T20:03:00,39.81,NGN,M-2086,,ussd,GH,C-10192,1503.0,3,34.3,0,,0,momo,DEV-29528,CLR,N,0
TXN-000638,2026-08-17T04:49:00,76.06,GHS,M-2018,fuel,android,gh,C-10189,9.0,34,104.24,0,19,0,card,DEV-94442,CLR,N,0
TXN-001321,2026-08-10T21:31:00,10.43,GHS,M-2027,grocery,web,ke,C-10623,1442.0,8,6.31,0,3,0,bank,DEV-59907,CLR,N,0
TXN-000802,2026-08-05T14:45:00,17.06,USD,M-2071,,ussd,NG,C-10588,2.0,13,12.19,1,17,1,card,DEV-97615,CLR,Y,1
TXN-002494,2026-08-20 13:24:00,13.86,NGN,M-2087,Gambling,web,Ghana,C-10151,1.0,7,15.6,0,6,1,momo,DEV-14229,CNF,Y,0
TXN-001363,2026-07-25T22:33:00,12.79,GHS,M-2026,GAMBLING,ios,gh,C-10080,1131.0,26,11.17,0,8,0,momo,DEV-57499,CLR,Y,0
TXN-002359,2026-08-16T08:55:00,28.55,GHS,M-2046,travel,pos,NG,C-10159,1715.0,25,35.83,0,12,1,card,DEV-21220,CLR,Y,0
TXN-001897,26/08/2026 16:05,29.93,GHS,M-2089,CRYPTO,android,GHA,C-10147,,6,23.15,4,10,0,momo,DEV-16996,CNF,Y,1
TXN-001573,2026-08-19T04:15:00,21.49,NGN,M-2092,gambling,pos,ke,C-10250,1485.0,38,28.27,0,5,1,momo,DEV-85010,CLR,Y,0
TXN-001106,07-19-2026,67.34,GHS,M-2050,grocery,ios,GH,C-10130,818.0,33,89.79,0,4,0,momo,DEV-99749,CLR,N,0
TXN-000222,19/08/2026 03:11,16.89,GHS,M-2046,travel,pos,gh,C-10638,505.0,16,8.45,0,16,0,momo,DEV-47234,CLR,N,0
TXN-000544,08-18-2026,39.20,GHS,M-2093,,pos,Ghana,C-10450,1048.0,35,29.52,0,21,0,card,DEV-25907,CLR,N,0
TXN-001415,2026-08-08 20:25:00,18.91,GHS,M-2037,crypto,ios,Nigeria,C-10404,835.0,1,28.79,0,23,0,bank,DEV-81921,CLR,Y,0
TXN-002718,2026-08-19T05:48:00,156.21,GHS,M-2028,grocery,ios,Nigeria,C-10692,1367.0,35,232.14,3,5,0,card,DEV-75987,CLR,Y,0
TXN-000686,27/07/2026 15:07,113.21,GHS,M-2009,,web,GHA,C-10459,1757.0,33,82.56,0,22,0,momo,DEV-57851,CLR,Y,0
TXN-000813,2026-09-07T04:44:00,8.71,GHS,M-2076,electronics,ios,GHA,C-10550,47.0,19,7.0,0,0,1,momo,DEV-67107,CLR,Y,0
TXN-001802,2026-08-09 02:51:00,16.61,GHS,M-2082,fuel,pos,Nigeria,C-10618,710.0,38,11.66,6,22,0,momo,DEV-48380,CLR,Y,0
TXN-001957,14/08/2026 19:59,$86.44,GHS,M-2063,Telecom,android,gh,C-10367,809.0,8,114.75,3,5,0,momo,DEV-85668,CNF,Y,1
TXN-001840,2026-08-11T16:48:00,63.02,GHS,M-2001,GAMBLING,ios,ng,C-10732,691.0,9,78.35,0,18,0,momo,DEV-83474,CNF,Y,1
TXN-002840,05/09/2026 10:38,42.78,GHS,M-2068,GROCERY,android,KE,C-10323,,24,49.36,5,8,0,momo,DEV-87144,CLR,Y,0
TXN-000872,2026-09-06T04:26:00,,USD,M-2058,grocery,android,GH,C-10694,607.0,26,5.9,0,18,0,momo,DEV-86107,CLR,N,0
TXN-001552,07/08/2026 20:44,15.33,GHS,M-2036,grocery,ios,Kenya,C-10447,1262.0,22,18.43,0,17,0,momo,DEV-28197,ESC,N,0
TXN-001189,2026-08-14T06:09:00,49.67,NGN,M-2067,electronics,android,ke,C-10526,1027.0,10,65.38,2,18,0,card,DEV-83495,CLR,Y,0
TXN-002035,07-20-2026, 46.15 ,GHS,M-2090,grocery,ios,NGA,C-10370,1343.0,2,69.81,0,16,0,card,DEV-93482,CLR,N,0
TXN-002429,08-27-2026,25.48,GHS,M-2055,telecom,android,NG,C-10211,3.0,36,18.92,0,18,1,card,DEV-47893,CLR,Y,0
TXN-000273,2026-08-30 10:56:00,13.47 GHS,GHS,M-2032,Electronics,pos,KE,C-10323,4.0,5,15.65,0,22,0,card,DEV-71887,CLR,N,0
TXN-000522,03/09/2026 21:48,62.82,GHS,M-2029,restaurants,android,ng,C-10569,1194.0,31,48.13,6,,0,momo,DEV-53693,CLR,Y,0
TXN-000523,01/09/2026 05:26,16.34,GHS,M-2088,Grocery,web,GH,C-10103,,17,17.33,0,6,1,bank,DEV-17282,CLR,Y,0
TXN-001770,2026-07-31T10:03:00,NA,GHS,M-2035,,web,GH,C-10635,276.0,0,11.26,0,2,0,momo,DEV-58091,CLR,N,0
TXN-003058,2026-08-23T17:50:00,91,GHS,M-2085,GROCERY,android,Ghana,C-10166,400.0,0,120.37,5,0,0,bank,DEV-69721,CLR,Y,0
TXN-001787,25/08/2026 17:06,8.78,GHS,M-2045,telecom,android,Nigeria,C-10702,1258.0,8,5.31,0,21,0,card,DEV-33182,CLR,N,0
TXN-000351,23/07/2026 14:53,24.38,GHS,M-2060,Restaurants,android,Nigeria,C-10201,1694.0,37,35.48,7,7,0,card,DEV-82255,CLR,Y,0
TXN-002025,2026-09-07T12:41:00,48.36 GHS,NGN,M-2090,grocery,ios,GHA,C-10173,1110.0,39,72.43,0,13,1,momo,DEV-50697,CLR,Y,0
TXN-002567,2026-07-28T15:11:00,18.15,NGN,M-2014,gambling,android,Ghana,C-10689,1352.0,0,25.85,2,23,0,card,DEV-95923,CLR,Y,0
TXN-001930,08/09/2026 10:22,13.77,NGN,M-2048,,android,GHA,C-10068,,7,17.29,0,13,0,card,DEV-67284,CLR,N,0
TXN-002725,30/07/2026 04:42,5.31,GHS,M-2095,restaurants,web,GH,C-10287,337.0,3,7.26,0,15,0,momo,DEV-71869,CLR,N,0
TXN-000652,2026-08-14 03:14:00,139.60,NGN,M-2047,,web,Nigeria,C-10183,1533.0,14,121.96,7,10,0,momo,DEV-53791,CLR,Y,0
TXN-002107,07/08/2026 14:25,89.53 GHS,GHS,M-2031,,web,Nigeria,C-10008,1696.0,0,42.06,6,1,0,card,DEV-14028,CLR,Y,0
TXN-002419,2026-08-03 03:40:00,43.14,GHS,M-2039,Restaurants,pos,Ghana,C-10217,,33,27.32,0,11,0,momo,DEV-18070,CLR,N,0
TXN-002782,2026-08-14T21:08:00,13.21,GHS,M-2062, restaurants ,android,GHA,C-10523,1468.0,37,12.14,0,0,1,card,DEV-22622,CLR,Y,0
TXN-001262,28/08/2026 03:05,,GHS,M-2095,Restaurants,ios,GH,C-10686,8.0,6,58.03,0,14,0,momo,DEV-83446,CLR,N,0
TXN-001293,2026-08-01T21:12:00,28.19 GHS,GHS,M-2037, crypto ,ios,gh,C-10190,1526.0,10,21.49,7,18,0,momo,DEV-86808,CNF,Y,1
TXN-001222,2026-08-31T12:02:00,28.34,GHS,M-2062,restaurants,ios,GH,C-10376,1351.0,38,15.27,0,20,0,momo,DEV-48740,CLR,N,0
TXN-002586,2026-08-03T16:59:00,,NGN,M-2038,electronics,android,gh,C-10402,1253.0,17,33.81,0,21,0,card,DEV-98671,CLR,N,0
TXN-000169,03/08/2026 19:12,40.99,GHS,M-2030,telecom,android,GH,C-10267,,29,50.56,0,19,1,card,DEV-23706,CLR,Y,0
TXN-002690,2026-08-20 03:54:00,,GHS,M-2089,,android,gh,C-10579,993.0,28,11.22,0,16,0,card,DEV-75233,CLR,Y,0
TXN-001098,27/07/2026 08:36,11.26,NGN,M-2059,grocery,web,Ghana,C-10729,1019.0,35,9.84,0,9,0,card,DEV-77531,CLR,N,0
TXN-000904,08-07-2026,35.78,GHS,M-2023,Fuel,pos,NGA,C-10556,521.0,19,30.29,0,8,1,card,DEV-55939,CLR,Y,0
TXN-001557,25/07/2026 21:26,NA,GHS,M-2089,CRYPTO,android,GH,C-10080,1131.0,27,83.79,0,19,0,bank,DEV-93887,ESC,Y,0
TXN-000945,2026-08-01T22:30:00,111.81,GHS,M-2049,Grocery,pos,NG,C-10549,277.0,9,107.34,0,7,0,card,DEV-26690,CLR,N,0
TXN-003052,08-21-2026,$44.50,GHS,M-2056,gambling,ussd,Kenya,C-10623,1442.0,18,24.35,4,9,0,momo,DEV-12519,CNF,Y,1
TXN-001643,2026-07-29 12:45:00,11.69,NGN,M-2031,other,ios,Kenya,C-10196,54.0,4,15.24,0,,0,bank,DEV-54862,CLR,N,0
TXN-001079,08-16-2026,60.15,GHS,M-2054,telecom,web,Ghana,C-10414,1319.0,9,58.66,0,4,1,momo,DEV-81682,CLR,Y,0
TXN-002967,07-21-2026,51.30,GHS,M-2021,travel,ussd,Ghana,C-10707,,2,48.92,0,0,0,momo,DEV-31890,ESC,N,0
TXN-002402,08-26-2026,115.98,GHS,M-2000,telecom,android,GH,C-10000,11.0,11,82.68,7,7,0,card,DEV-69662,CNF,Y,1
TXN-000220,2026-08-22T21:55:00,27.74,GHS,M-2019,,android,Ghana,C-10375,956.0,39,38.49,2,15,0,card,DEV-10470,ESC,Y,0
TXN-000368,2026-08-12T06:22:00,44.76,GHS,M-2005,other,ios,GH,C-10125,334.0,29,30.7,0,17,0,momo,DEV-94321,ESC,N,0
TXN-002242,07/09/2026 22:31,19.01,GHS,M-2071,travel,ios,Ghana,C-10410,584.0,17,9.38,6,16,0,bank,DEV-84004,CLR,Y,0
TXN-000550,21/07/2026 22:23,$19.59,GHS,M-2081,travel,android,ng,C-10622,1286.0,36,24.23,2,22,1,momo,DEV-16471,CLR,Y,0
TXN-002472,27/08/2026 13:07,3.44,NGN,M-2033,,web,GH,C-10193,11.0,9,1.86,0,15,0,card,DEV-27456,CLR,N,0
TXN-002300,18/07/2026 03:51,$13.57,GHS,M-2045,,ios,Ghana,C-10666,78.0,32,14.27,0,6,0,card,DEV-27408,CLR,N,0
TXN-001534,2026-08-02T16:46:00,22.23,GHS,M-2023,fuel,ussd,Kenya,C-10506,1127.0,13,24.84,0,8,0,momo,DEV-33399,CLR,N,0
TXN-000352,08-01-2026,158.26,GHS,M-2014,gambling,android,Ghana,C-10416,549.0,13,236.99,6,10,0,card,DEV-53638,CNF,Y,1
TXN-001147,2026-08-14 14:36:00,53.82 GHS,GHS,M-2093,travel,web,ke,C-10406,465.0,18,73.09,0,12,0,momo,DEV-67064,CLR,N,0
TXN-001331,2026-08-14T10:29:00,97.32,GHS,M-2000,TELECOM,android,GH,C-10654,615.0,8,47.76,0,1,1,card,DEV-97485,CLR,Y,0
TXN-002934,2026-08-13T17:37:00,NA,GHS,M-2045,telecom,android,gh,C-10422,292.0,10,87.18,0,8,0,bank,DEV-45134,CLR,N,0
TXN-000491,2026-08-20T12:33:00,33.71,GHS,M-2007,TELECOM,ussd,Ghana,C-10694,607.0,1,15.42,2,6,0,card,DEV-91080,CLR,Y,0
TXN-002885,2026-07-29T02:11:00,115.73,GHS,M-2021,travel,web,GH,C-10471,,4,126.86,0,17,0,momo,DEV-70942,CLR,N,0
TXN-002699,07-18-2026,75.47,GHS,M-2058,grocery,ussd,gh,C-10378,310.0,13,116.3,0,,0,momo,DEV-65646,CLR,N,0
TXN-000499,2026-09-03T21:25:00,58.76,NGN,M-2027,grocery,ios,Ghana,C-10125,,7,90.16,0,12,0,card,DEV-29619,CLR,N,0
TXN-002376,08-18-2026,53,GHS,M-2053,restaurants,android,GH,C-10701,717.0,20,58.83,0,5,0,bank,DEV-36709,CLR,N,0
TXN-000211,23/08/2026 06:38,36.65,GHS,M-2093,unk,android,GH,C-10420,1449.0,33,46.86,0,4,0,momo,DEV-22479,ESC,N,0
TXN-002016,27/07/2026 00:17,,GHS,M-2083,grocery,ussd,NGA,C-10055,,4,4.72,0,23,0,momo,DEV-59869,CLR,N,0
TXN-002937,2026-07-26T21:13:00,132.57,GHS,M-2084,grocery,web,KE,C-10136,161.0,11,128.65,0,17,0,momo,DEV-47119,CLR,N,0
TXN-000651,05/09/2026 14:17,28.03,GHS,M-2021,Travel,ios,Ghana,C-10629,259.0,10,22.41,1,18,0,momo,DEV-95166,ESC,N,0
TXN-000228,2026-08-23T04:45:00,22,NGN,M-2058,grocery,web,ke,C-10094,907.0,39,31.63,0,20,0,card,DEV-84755,CLR,N,0
TXN-000366,08-18-2026,12.30,GHS,M-2075,electronics,ussd,GH,C-10538,1259.0,8,13.85,1,5,0,card,DEV-16045,CLR,N,0
TXN-000786,08-26-2026,137.76,GHS,M-2007,telecom,ios,NG,C-10398,341.0,36,175.66,0,23,1,momo,DEV-47421,CLR,Y,0
TXN-000277,2026-08-25T21:40:00,71.39,GHS,M-2058,GROCERY,android,gh,C-10359,319.0,16,95.97,0,1,0,momo,DEV-20866,CLR,N,0
TXN-003028,08-28-2026, 80.78 ,GHS,M-2031,other,pos,Nigeria,C-10396,594.0,19,46.32,5,11,0,momo,DEV-61452,CLR,Y,0
TXN-002831,2026-09-06T04:38:00,28.66,GHS,M-2066,restaurants,ussd,GH,C-10590,57.0,24,36.66,0,0,0,momo,DEV-98323,CNF,N,1
TXN-002528,04/09/2026 18:59,46.64,GHS,M-2002,fuel,android,ng,C-10363,1522.0,0,66.4,0,12,0,momo,DEV-89767,ESC,N,0
TXN-001118,2026-08-28T14:55:00,24.52,GHS,M-2039,restaurants,web,KE,C-10007,926.0,10,24.09,0,7,0,card,DEV-41559,CLR,N,0
TXN-002010,2026-07-27 19:54:00,8.88,GHS,M-2020,,ussd,GH,C-10001,1365.0,37,11.07,0,15,0,bank,DEV-43385,CLR,N,0
TXN-000408,14/08/2026 17:19,11.95,GHS,M-2026,gambling,ios,GH,C-10171,1522.0,12,11.61,0,5,0,momo,DEV-92337,CLR,Y,0
TXN-002467,06/09/2026 01:48,166.53,GHS,M-2028,grocery,web,Nigeria,C-10611,1.0,26,85.32,0,12,0,card,DEV-12132,CLR,Y,0
TXN-001085,08-03-2026,$13.49,GHS,M-2080,restaurants,ios,Ghana,C-10302,1006.0,31,7.92,0,23,0,momo,DEV-90711,CLR,N,0
TXN-002539,09-10-2026,27,USD,M-2019,restaurants,pos,Ghana,C-10259,867.0,22,13.57,0,12,1,bank,DEV-89636,CLR,Y,0
TXN-003170,2026-08-02T08:09:00,52.90,USD,M-2002,FUEL,android,GHA,C-10125,334.0,23,59.67,0,21,0,momo,DEV-10017,CLR,N,0
TXN-000773,2026-07-28T09:59:00,39.43,GHS,M-2039,restaurants,ios,GH,C-10257,1714.0,16,59.17,0,9,0,bank,DEV-68628,CLR,N,0
TXN-002584,2026-09-04T14:24:00,,GHS,M-2045,telecom,android,ng,C-10616,1685.0,12,39.37,0,3,0,card,DEV-73825,CLR,N,0
TXN-003092,08/09/2026 11:40,68.75,GHS,M-2031,,pos,gh,C-10302,1006.0,12,84.21,0,1,0,card,DEV-28929,CLR,N,0
TXN-000008,05/09/2026 14:44,23.44,GHS,M-2063, telecom ,ios,Ghana,C-10472,652.0,26,20.18,7,4,0,card,DEV-81972,CNF,Y,0
TXN-001587,2026-08-10T13:33:00,70.37,GHS,M-2055,telecom,web,GH,C-10687,375.0,24,38.98,0,10,0,card,DEV-43062,CLR,N,0
TXN-001719,2026-08-29T15:25:00,17.68,GHS,M-2026,gambling,web,Ghana,C-10490,725.0,38,21.17,7,16,0,bank,DEV-70829,CLR,Y,0
TXN-001011,2026-07-19T12:10:00,53.81,GHS,M-2032,electronics,web,GHA,C-10463,,26,64.47,1,17,0,card,DEV-24763,CLR,N,0
TXN-000416,2026-07-31T19:15:00,NA,GHS,M-2014,gambling,ussd,ke,C-10129,0.0,20,137.94,0,15,0,momo,DEV-11745,CLR,Y,0
TXN-003023,2026-08-03T04:53:00,27.82,GHS,M-2093,,android,Ghana,C-10319,788.0,3,36.58,3,8,1,momo,DEV-41890,CLR,Y,0
TXN-000908,2026-09-10T06:43:00,$18.64,GHS,M-2023,FUEL,android,Ghana,C-10481,980.0,16,15.28,0,17,0,momo,DEV-40479,CLR,N,0
TXN-002121,30/08/2026 11:19,26.73,USD,M-2068,grocery,pos,GHA,C-10441,1638.0,6,21.5,0,12,0,momo,DEV-30238,CLR,N,0
TXN-001547,08-08-2026,45.97,GHS,M-2072,fuel,web,GHA,C-10453,459.0,37,64.99,0,11,0,momo,DEV-69518,CLR,N,0
TXN-000200,2026-09-09T18:13:00,34.91,GHS,M-2086, telecom ,web,Ghana,C-10030,1227.0,7,18.65,0,1,0,card,DEV-95036,CLR,N,0
TXN-001578,2026-08-29 02:42:00,33.04,GHS,M-2009,gambling,ussd,ke,C-10447,1262.0,27,15.7,0,18,0,momo,DEV-94048,CLR,Y,0
TXN-001949,2026-09-01T14:57:00,8.59,GHS,M-2038,Electronics,pos,ng,C-10260,9.0,7,10.18,0,23,0,card,DEV-28445,CLR,N,0
TXN-001845,2026-07-19T15:33:00,24.39,GHS,M-2064,restaurants,ussd,Ghana,C-10339,707.0,31,33.53,0,19,0,momo,DEV-73538,CLR,N,0
TXN-001814,2026-07-20T12:27:00,,USD,M-2061,crypto,web,GH,C-10227,610.0,37,13.45,0,12,0,card,DEV-22001,CLR,Y,0
TXN-000284,27/07/2026 11:50,21.03,GHS,M-2023,fuel,android,NG,C-10543,702.0,24,9.68,0,17,0,card,DEV-66275,CLR,N,0
TXN-000232,03/08/2026 03:56,6.74,NGN,M-2044,fuel,web,NGA,C-10349,,2,9.87,0,,0,momo,DEV-62237,CLR,N,0
TXN-002987,2026-08-14T09:33:00,8.40,GHS,M-2035,grocery,ios,NGA,C-10611,1.0,4,10.36,4,6,0,momo,DEV-74814,ESC,Y,0
TXN-001128,2026-07-31T10:58:00,119.70,GHS,M-2092, gambling ,ios,GH,C-10384,1322.0,0,149.12,0,22,0,card,DEV-40777,CLR,Y,0
TXN-000097,2026-08-31T16:06:00,91.27,GHS,M-2015,Electronics,ios,Kenya,C-10668,762.0,34,126.03,0,7,0,momo,DEV-16871,CNF,N,1
TXN-003177,2026-08-02T15:14:00,166.96,GHS,M-2022,,ussd,NG,C-10270,1573.0,18,246.88,3,12,1,momo,DEV-93466,CLR,Y,0
TXN-002758,2026-07-31T22:37:00,$3.57,GHS,M-2072,fuel,pos,GHA,C-10312,1147.0,11,3.38,0,8,0,momo,DEV-36684,CLR,N,0
TXN-001625,16/08/2026 20:59,9.84,GHS,M-2043,electronics,ios,NGA,C-10569,1194.0,32,8.71,0,13,0,card,DEV-32510,CLR,N,0
TXN-001560,2026-09-09 02:35:00,80.99,NGN,M-2015,,android,Nigeria,C-10248,5.0,7,84.11,0,20,0,momo,DEV-69495,CLR,Y,0
TXN-001259,2026-07-25 18:19:00,13.85,NGN,M-2029,restaurants,android,GH,C-10377,1187.0,37,7.63,0,21,0,momo,DEV-52588,CLR,N,0
TXN-002477,2026-08-20T11:59:00,,GHS,M-2062,restaurants,web,GH,C-10090,18.0,17,23.57,0,2,0,card,DEV-69122,CLR,N,0
TXN-003071,24/08/2026 05:46,31.10,GHS,M-2062,restaurants,ios,Nigeria,C-10160,1059.0,33,46.02,0,2,0,momo,DEV-94245,CLR,N,0
TXN-002776,2026-08-03 17:09:00,125.62,GHS,M-2036,grocery,ussd,ng,C-10118,7.0,32,74.14,4,5,0,card,DEV-27298,CNF,Y,1
TXN-003041,2026-07-26 14:44:00,93.39,GHS,M-2040,gambling,ussd,NG,C-10306,2.0,13,46.15,4,15,1,momo,DEV-57468,CNF,Y,1
TXN-001613,2026-07-30T09:41:00,103.89,GHS,M-2024,telecom,android,Ghana,C-10069,1338.0,31,54.71,0,4,0,momo,DEV-39443,CLR,N,0
TXN-000105,2026-07-30 05:29:00,151.34,NGN,M-2029,restaurants,pos,Ghana,C-10086,1028.0,27,184.22,2,10,0,card,DEV-63532,CLR,Y,0
TXN-002405,22/07/2026 00:45,61.67,NGN,M-2003,Telecom,ios,GHA,C-10251,782.0,15,78.45,0,22,0,bank,DEV-38202,CLR,N,0
TXN-002019,2026-07-26T01:50:00,30.27,NGN,M-2028,unk,web,GH,C-10017,169.0,11,43.48,6,21,0,card,DEV-66332,CLR,Y,0
TXN-001103,2026-08-18T15:05:00,NA,GHS,M-2000,telecom,android,gh,C-10561,248.0,37,138.63,0,16,0,momo,DEV-55157,CLR,N,0
TXN-001175,2026-09-07 13:06:00,40.06,GHS,M-2014,gambling,web,ke,C-10526,1027.0,33,26.88,0,0,0,card,DEV-97312,CLR,Y,0
TXN-002743,18/07/2026 10:28,147.58,NGN,M-2076,electronics,web,NG,C-10182,192.0,3,148.76,0,,0,momo,DEV-77039,CLR,N,0
TXN-002319,2026-07-23T05:33:00,44.38,NGN,M-2086,telecom,web,GH,C-10368,521.0,17,35.1,0,13,0,bank,DEV-37474,CLR,N,0
TXN-000946,2026-08-15 23:51:00,$6.47,USD,M-2051,unk,pos,NGA,C-10570,814.0,28,5.75,0,1,0,momo,DEV-38153,CLR,N,0
TXN-002635,2026-08-16T19:13:00,18.37,NGN,M-2044,fuel,web,Ghana,C-10418,,21,22.27,0,17,0,momo,DEV-62849,CLR,N,0
TXN-000745,30/08/2026 02:23,34.10 GHS,NGN,M-2052,telecom,web,Ghana,C-10725,520.0,39,26.08,0,9,0,momo,DEV-31498,CLR,N,0
TXN-000227,08/09/2026 23:50,57.79,NGN,M-2075,electronics,android,Nigeria,C-10702,-3.0,26,51.4,1,15,0,momo,DEV-13495,CLR,N,0
TXN-002596,10/08/2026 00:56,16.18,NGN,M-2044, fuel ,web,gh,C-10184,674.0,34,20.11,0,4,1,momo,DEV-41371,CLR,Y,0
TXN-002342,2026-07-27T10:48:00,4.13,USD,M-2059, grocery ,android,Nigeria,C-10505,865.0,28,4.15,0,6,0,card,DEV-75731,CLR,N,0
TXN-001916,2026-08-09T23:09:00,65.84,GHS,M-2083,unk,android,GH,C-10665,1474.0,20,46.11,0,20,0,momo,DEV-30011,CLR,N,0
TXN-002471,2026-08-27T08:10:00,71.39,GHS,M-2053,restaurants,pos,gh,C-10458,1292.0,28,33.79,0,14,0,card,DEV-59225,CLR,N,0
TXN-002719,2026-09-07 19:45:00,52.07,GHS,M-2066,restaurants,web,Ghana,C-10644,156.0,25,54.53,0,3,0,momo,DEV-98333,CLR,N,0
TXN-001848,2026-09-11T13:29:00,9.36,NGN,M-2021,travel,pos,GH,C-10328,1580.0,33,8.45,0,15,0,momo,DEV-74590,CLR,N,0
TXN-001076,16/08/2026 09:40,13.56,USD,M-2016,restaurants,android,gh,C-10471,1098.0,4,13.25,0,0,0,momo,DEV-37076,CLR,N,0
TXN-002517,19/08/2026 03:47,85.50,NGN,M-2016,restaurants,web,gh,C-10697,315.0,1,119.76,0,8,0,card,DEV-58603,CLR,N,0
TXN-002826,23/07/2026 15:30, 22.65 ,GHS,M-2056,Gambling,web,GH,C-10080,1131.0,13,33.21,0,6,0,card,DEV-54775,CLR,Y,0
TXN-001191,2026-07-25 04:29:00,18.58,GHS,M-2076,electronics,pos,GHA,C-10076,1448.0,36,13.86,0,4,0,card,DEV-11903,CNF,N,1
TXN-002714,07-26-2026,19.10,GHS,M-2016,restaurants,android,Nigeria,C-10401,616.0,27,26.21,2,17,0,card,DEV-98835,CLR,Y,0
TXN-000863,2026-09-11T06:51:00,,NGN,M-2003,telecom,web,gh,C-10573,1498.0,21,8.5,0,0,1,bank,DEV-17197,CLR,Y,0
TXN-001264,2026-08-19 14:11:00,23.81,GHS,M-2022,other,android,GH,C-10096,1.0,15,27.18,0,9,0,card,DEV-17169,CLR,N,0
TXN-000865,2026-08-05T16:56:00,,GHS,M-2082,Fuel,ios,NGA,C-10466,99999.0,25,77.66,0,3,0,card,DEV-48437,CLR,N,0
TXN-001581,08-26-2026,83.36,GHS,M-2089, crypto ,android,NG,C-10149,1376.0,29,123.81,0,15,0,card,DEV-28038,CLR,Y,0
TXN-002755,2026-08-24T11:11:00,13.29,GHS,M-2075,electronics,pos,Ghana,C-10733,,5,6.87,0,2,1,momo,DEV-15444,CNF,Y,1
TXN-001865,2026-08-30T06:08:00,,GHS,M-2010, travel ,ios,NG,C-10558,1138.0,33,26.1,0,9,0,bank,DEV-55404,CLR,N,0
TXN-000465,2026-08-08T10:08:00,49.20,GHS,M-2068,GROCERY,android,Ghana,C-10408,,2,64.48,0,12,0,card,DEV-27799,CLR,N,0
TXN-001718,08-24-2026,30.22,USD,M-2001,,android,Ghana,C-10051,1316.0,3,26.64,0,15,0,momo,DEV-31254,CNF,Y,1
TXN-001469,06/09/2026 15:06,148.57,GHS,M-2075, electronics ,ussd,GHA,C-10288,1511.0,0,75.75,4,16,0,momo,DEV-32721,CNF,Y,1
TXN-001371,2026-08-25 18:22:00,60.90 GHS,GHS,M-2053,restaurants,web,KE,C-10291,1472.0,8,57.5,0,2,0,card,DEV-55012,CLR,N,0
TXN-003110,2026-07-26 11:23:00,30.31,GHS,M-2001,unk,ussd,NGA,C-10542,207.0,3,32.55,0,10,0,momo,DEV-48289,CNF,Y,1
TXN-002074,2026-08-04T21:39:00,51.72,GHS,M-2062,restaurants,pos,gh,C-10156,1105.0,16,28.38,0,13,0,bank,DEV-73567,CLR,N,0
TXN-001445,2026-09-01T20:54:00,102.00,GHS,M-2085,Grocery,android,GH,C-10373,1785.0,17,62.9,0,7,0,bank,DEV-82320,CLR,N,0
TXN-002267,2026-09-05T09:09:00,32.55 GHS,NGN,M-2016,,pos,Ghana,C-10384,1322.0,20,44.01,0,20,0,bank,DEV-92254,CLR,N,0
TXN-001111,13/08/2026 07:28,39.71,GHS,M-2078,,android,GH,C-10130,818.0,0,56.38,0,14,1,card,DEV-53898,CLR,Y,0
TXN-000213,01/08/2026 17:12,60.75,NGN,M-2044,,android,GHA,C-10675,1354.0,17,43.23,0,17,0,card,DEV-91054,CLR,N,0
TXN-000013,2026-08-17T09:08:00,11.41,NGN,M-2031,other,ios,NGA,C-10314,1489.0,39,15.68,0,9,0,momo,DEV-98774,CLR,N,0
TXN-003114,08-13-2026,38.71,GHS,M-2002,fuel,web,GHA,C-10298,1491.0,0,19.8,0,6,0,momo,DEV-41338,CLR,N,0
TXN-000423,2026-07-31T23:43:00,21.51,GHS,M-2057,RESTAURANTS,web,NG,C-10324,994.0,7,32.51,0,20,0,card,DEV-10625,CLR,N,0
TXN-002274,02/09/2026 04:17,6.45,NGN,M-2041,Fuel,android,GH,C-10278,,39,6.4,0,23,0,bank,DEV-95065,CLR,N,0
TXN-002079,2026-08-10T08:45:00,49.07,GHS,M-2062,restaurants,web,gh,C-10513,520.0,19,49.89,0,4,0,momo,DEV-11911,CLR,N,0
TXN-001212,10/09/2026 15:17,32.26,NGN,M-2040,gambling,ios,Ghana,C-10322,1357.0,19,16.56,1,22,0,card,DEV-39819,CLR,Y,0
TXN-002217,26/08/2026 07:04,38.39,GHS,M-2035,GROCERY,pos,Kenya,C-10431,9.0,9,28.45,0,14,1,card,DEV-49544,CLR,Y,0
TXN-001533,2026-08-07 05:20:00,$5.50,GHS,M-2031,other,web,Kenya,C-10528,658.0,34,5.49,0,18,0,momo,DEV-30367,CLR,N,0
TXN-000742,2026-07-25T12:05:00,9.04,NGN,M-2077,Restaurants,pos,KE,C-10444,1729.0,31,4.94,0,3,0,momo,DEV-74966,CLR,N,0
TXN-002834,29/07/2026 03:57,16.44,NGN,M-2049,grocery,android,GH,C-10376,1351.0,27,15.73,7,15,0,momo,DEV-63807,CLR,Y,0
TXN-001223,31/07/2026 16:53,18.06,NGN,M-2053,restaurants,pos,Nigeria,C-10008,1696.0,24,9.46,0,17,0,momo,DEV-24011,CLR,N,0
TXN-001614,2026-09-03 23:08:00,12.05 GHS,USD,M-2082,FUEL,android,gh,C-10686,8.0,7,9.87,0,10,0,momo,DEV-62665,CLR,N,0
TXN-003065,20/08/2026 17:37,18.84,NGN,M-2062,restaurants,pos,GHA,C-10014,770.0,4,28.71,0,14,0,momo,DEV-24080,CLR,N,0
TXN-003091,18/08/2026 12:27,54.22,GHS,M-2026,gambling,ios,Ghana,C-10164,1694.0,29,31.94,0,9,0,card,DEV-89289,CLR,Y,0
TXN-001870,2026-08-11T20:49:00,87.96,NGN,M-2061,crypto,web,GHA,C-10033,1546.0,14,96.33,0,16,0,bank,DEV-15385,CLR,Y,0
TXN-000510,2026-08-08T06:08:00,25.36,NGN,M-2072,fuel,web,GHA,C-10002,1291.0,8,22.72,0,3,0,card,DEV-36107,ESC,N,0
TXN-000645,2026-08-08T07:55:00,99.45,USD,M-2006,telecom,ussd,GH,C-10579,993.0,32,135.33,5,10,0,card,DEV-21965,CLR,Y,0
TXN-000598,2026-08-08T17:01:00,28.48,NGN,M-2068,GROCERY,web,GH,C-10734,667.0,36,14.14,0,12,1,card,DEV-87417,CLR,Y,0
TXN-002770,2026-08-20T15:22:00,16.97,GHS,M-2085,Grocery,android,gh,C-10188,1331.0,22,26.09,5,19,1,momo,DEV-36894,CLR,Y,0
TXN-002583,2026-08-06 12:51:00,$41.24,GHS,M-2003,telecom,ussd,GHA,C-10367,809.0,0,25.5,0,12,0,momo,DEV-61677,CLR,N,0
TXN-001710,2026-09-01 00:20:00,82.55,GHS,M-2011,other,ussd,GH,C-10133,81.0,16,89.34,0,3,1,bank,DEV-30359,CLR,Y,0
TXN-000927,2026-09-09T12:50:00,41.15,NGN,M-2087,Gambling,web,GH,C-10513,520.0,31,48.88,0,5,0,momo,DEV-61973,CLR,Y,0
TXN-002838,2026-07-21T11:50:00,23.02,GHS,M-2060,restaurants,android,Ghana,C-10419,587.0,2,10.83,3,12,0,card,DEV-46832,CLR,Y,0
TXN-000519,08-05-2026,62.57,GHS,M-2089,crypto,web,gh,C-10195,1368.0,15,30.78,0,,0,momo,DEV-65971,CLR,Y,0
TXN-001182,27/07/2026 16:58,17.72,GHS,M-2093,travel,web,NG,C-10183,1533.0,34,11.26,0,23,1,card,DEV-59782,CLR,Y,0
TXN-002629,2026-08-05T05:49:00,28.17,NGN,M-2081,TRAVEL,web,Nigeria,C-10335,274.0,16,17.67,6,8,0,bank,DEV-69474,CLR,Y,0
TXN-000574,21/07/2026 23:02,3.00,GHS,M-2044,fuel,web,gh,C-10175,976.0,9,3.57,0,4,0,card,DEV-75439,CLR,N,0
TXN-003141,2026-07-19T06:00:00,16.47,GHS,M-2056,gambling,ios,GH,C-10521,393.0,21,10.78,0,9,0,momo,DEV-84775,CNF,Y,1
TXN-002925,2026-07-18T05:50:00,37.74,GHS,M-2001,gambling,web,Ghana,C-10045,682.0,1,30.95,0,12,0,momo,DEV-32601,CLR,Y,0
TXN-001290,2026-08-31 23:08:00,10.81,GHS,M-2086,telecom,ios,GHA,C-10353,851.0,11,8.69,7,22,0,card,DEV-91044,CLR,Y,0
TXN-003029,2026-09-02T03:25:00,65.98,NGN,M-2050,grocery,pos,NGA,C-10560,1689.0,1,90.62,0,21,0,momo,DEV-77940,CLR,N,0
TXN-001197,02/08/2026 14:49,65.97,NGN,M-2014,gambling,ios,GH,C-10181,288.0,35,35.23,1,14,1,card,DEV-40657,CLR,Y,1
TXN-001341,24/08/2026 11:36,19.83,USD,M-2062,RESTAURANTS,web,KE,C-10035,1642.0,7,18.93,0,14,1,card,DEV-20990,ESC,Y,0
TXN-002237,2026-09-01T05:48:00,7.37,GHS,M-2037,,android,NG,C-10202,735.0,15,11.1,0,17,0,momo,DEV-39036,ESC,Y,0
TXN-000124,2026-08-24T09:58:00,17.63,GHS,M-2044,,android,ke,C-10127,939.0,9,17.22,0,13,0,momo,DEV-97942,CLR,N,0
TXN-001377,07/08/2026 17:09,67.09,GHS,M-2061,CRYPTO,ios,gh,C-10392,11.0,29,92.65,0,23,0,momo,DEV-15048,CLR,Y,0
TXN-002164,20/08/2026 14:36,134.24,GHS,M-2039,restaurants,android,Nigeria,C-10555,1679.0,27,137.23,0,1,0,momo,DEV-25165,CLR,N,0
TXN-000221,02/08/2026 00:09,NA,NGN,M-2085,grocery,android,NG,C-10592,190.0,34,77.1,0,13,0,card,DEV-55385,CLR,N,0
TXN-000820,09-05-2026,54.99,GHS,M-2085,grocery,ios,gh,C-10045,682.0,12,70.31,0,16,0,card,DEV-16872,CLR,N,0
TXN-003119,2026-09-07T19:12:00,23.89,GHS,M-2073,electronics,android,Ghana,C-10310,97.0,15,28.59,0,7,0,momo,DEV-99238,CLR,N,0
TXN-000359,2026-09-09T01:52:00,44.75,GHS,M-2026,gambling,ios,GHA,C-10146,243.0,30,36.81,0,15,0,bank,DEV-31141,CLR,Y,0
TXN-001657,2026-09-10T16:42:00,17.63,GHS,M-2063,TELECOM,web,gh,C-10242,,37,27.05,0,19,0,momo,DEV-79446,ESC,N,0
TXN-002835,29/07/2026 18:02,$8.74,GHS,M-2030,telecom,web,KE,C-10516,1.0,17,5.42,0,,0,momo,DEV-44899,CLR,N,0
TXN-000552,2026-08-20 03:52:00,79.68,GHS,M-2024,Telecom,android,NG,C-10500,,29,44.73,0,11,1,momo,DEV-46063,CNF,Y,1
TXN-002914,2026-07-30T23:32:00,53.26 GHS,GHS,M-2042,TELECOM,pos,GH,C-10629,259.0,30,33.28,0,6,0,card,DEV-36757,CLR,N,0
TXN-002060,18/07/2026 12:50,44.51,GHS,M-2060,restaurants,web,gh,C-10195,1368.0,31,41.12,0,17,0,card,DEV-23279,CLR,N,0
TXN-000260,10/08/2026 09:29,13.97,NGN,M-2030,telecom,android,GH,C-10529,11.0,9,16.19,0,18,1,momo,DEV-34177,CLR,Y,0
TXN-002975,2026-08-01T07:59:00,32.09,GHS,M-2013,fuel,android,GH,C-10162,738.0,19,26.24,0,10,0,card,DEV-89032,CLR,N,0
TXN-002465,03/08/2026 01:25,7.04,GHS,M-2095,RESTAURANTS,android,ng,C-10555,1679.0,19,5.76,5,22,0,momo,DEV-50250,CLR,Y,0
TXN-002818,2026-09-08 04:10:00,97.35,GHS,M-2042, telecom ,web,ng,C-10732,691.0,13,138.02,0,7,1,momo,DEV-75112,CLR,Y,0
TXN-002727,01/08/2026 14:25,59.20,USD,M-2033, travel ,ios,GH,C-10601,830.0,23,36.09,7,22,0,card,DEV-46132,CLR,Y,0
TXN-001236,2026-08-19T12:17:00,33.57,GHS,M-2049,grocery,ios,gh,C-10049,1335.0,14,24.13,2,11,0,card,DEV-84573,CLR,Y,0
TXN-001919,24/07/2026 09:51,13.73,GHS,M-2018,Fuel,ios,Ghana,C-10539,1393.0,1,9.44,5,22,1,card,DEV-23944,CLR,Y,0
TXN-002610,07-29-2026, 24.46 ,GHS,M-2040,gambling,android,GHA,C-10613,1497.0,5,33.16,0,16,0,card,DEV-51300,CLR,Y,0
TXN-002585,2026-08-11T18:45:00, 4.06 ,GHS,M-2070,Grocery,pos,Ghana,C-10656,47.0,38,2.38,4,16,0,card,DEV-38252,CLR,Y,0
TXN-002067,2026-09-03T03:28:00,33.19,GHS,M-2018,,web,Ghana,C-10185,1051.0,1,19.06,6,22,0,card,DEV-33737,CLR,Y,0
TXN-001741,2026-08-06 09:22:00,27.15,GHS,M-2054,,web,GHA,C-10739,,36,17.47,2,10,0,card,DEV-97416,CLR,Y,0
TXN-002625,02/09/2026 19:42,31,NGN,M-2017,grocery,android,Nigeria,C-10602,,33,22.5,1,18,0,card,DEV-33254,CNF,N,1
TXN-002916,19/07/2026 05:27,55.54,NGN,M-2032,,ios,NG,C-10395,1632.0,14,33.44,0,4,0,momo,DEV-81127,CLR,N,0
TXN-002500,2026-09-01 01:49:00,23,NGN,M-2022,other,ios,gh,C-10632,4.0,31,20.61,0,7,0,card,DEV-97081,CLR,N,0
TXN-000457,2026-08-22T00:49:00,27.24,NGN,M-2007,telecom,android,GH,C-10353,851.0,0,30.9,0,5,1,card,DEV-18076,CLR,Y,0
TXN-000463,2026-08-22T08:35:00,10.25,GHS,M-2064,Restaurants,web,gh,C-10420,1449.0,26,15.21,0,3,0,momo,DEV-93741,CLR,N,0
TXN-003200,2026-07-24 02:46:00,70.31,GHS,M-2088,Grocery,android,gh,C-10115,178.0,37,48.84,6,9,0,momo,DEV-74756,CLR,Y,0
TXN-002715,21/07/2026 00:18,,GHS,M-2056,Gambling,web,Nigeria,C-10023,2.0,38,8.86,0,16,0,momo,DEV-87831,CLR,Y,0
TXN-003088,24/08/2026 01:15,18.28,NGN,M-2038,electronics,web,GHA,C-10347,829.0,19,21.8,0,20,1,momo,DEV-54474,CLR,Y,0
TXN-001489,08-07-2026,27.26,GHS,M-2017,Grocery,web,GHA,C-10499,1340.0,10,41.92,0,0,0,card,DEV-49570,CNF,N,1
TXN-000382,2026-08-08T09:23:00,115.89,GHS,M-2022,other,web,Nigeria,C-10283,720.0,5,74.89,0,12,1,momo,DEV-69845,CLR,Y,0
TXN-003002,2026-08-03T20:36:00,80.01,NGN,M-2026,GAMBLING,ios,GH,C-10281,837.0,3,100.93,0,9,0,card,DEV-68610,CLR,Y,0
TXN-001717,2026-08-25T07:29:00,15.69,NGN,M-2039,restaurants,web,Ghana,C-10191,668.0,2,23.95,0,22,0,card,DEV-15944,CLR,N,0
TXN-001915,2026-08-13T16:58:00,39.10,GHS,M-2038,,ios,GHA,C-10031,359.0,14,49.83,5,10,0,momo,DEV-93185,CLR,Y,0
TXN-001361,02/08/2026 22:45, 19.49 ,GHS,M-2059,,web,GH,C-10481,980.0,26,22.21,0,15,0,momo,DEV-17307,ESC,N,0
TXN-001072,2026-07-21T07:04:00,17.67,NGN,M-2077,restaurants,android,NGA,C-10710,1652.0,16,23.84,0,6,1,momo,DEV-85362,CLR,Y,0
TXN-001663,2026-08-10T21:31:00,16.82,GHS,M-2092,gambling,web,gh,C-10190,1526.0,25,12.52,0,10,0,momo,DEV-95469,CLR,Y,0
TXN-001633,2026-08-21 23:10:00,25.86,GHS,M-2025,GROCERY,android,Ghana,C-10072,378.0,39,30.31,0,0,0,bank,DEV-34918,CLR,N,0
TXN-003062,24/07/2026 03:34,14.82,GHS,M-2088,grocery,android,ng,C-10658,0.0,37,9.17,0,14,0,momo,DEV-59664,CLR,N,0
TXN-000060,2026-08-29T07:58:00,63.92,NGN,M-2024,TELECOM,ios,Ghana,C-10137,11.0,38,87.87,0,3,0,card,DEV-36809,CLR,N,0
TXN-002148,2026-08-29 00:24:00,127.01,NGN,M-2040,gambling,android,NGA,C-10679,11.0,25,114.4,0,18,1,card,DEV-87616,CLR,Y,0
TXN-002919,2026-07-30T04:47:00,,NGN,M-2074,unk,ios,NGA,C-10570,,3,8.28,0,21,1,momo,DEV-80633,ESC,Y,0
TXN-002542,25/07/2026 11:46,8.60,GHS,M-2022,,ios,GHA,C-10681,836.0,17,5.64,6,10,0,momo,DEV-65112,CLR,Y,0
TXN-002887,2026-08-03 02:51:00,9.02 GHS,GHS,M-2045,telecom,web,NG,C-10260,9.0,12,5.69,1,16,0,card,DEV-21994,CNF,N,1
TXN-002407,07-19-2026,21.76 GHS,NGN,M-2036,grocery,ios,GH,C-10184,674.0,30,33.73,6,4,0,card,DEV-55808,CLR,Y,0
TXN-002536,2026-07-29T10:45:00,15.81,GHS,M-2051,GROCERY,web,gh,C-10582,531.0,2,23.35,0,12,0,momo,DEV-93823,CLR,N,0
TXN-002461,2026-07-27T16:00:00,86.80,GHS,M-2092,gambling,pos,GHA,C-10011,1432.0,35,100.34,0,19,0,momo,DEV-79136,CLR,Y,0
TXN-001074,01/09/2026 22:04,19.84,GHS,M-2041,fuel,ios,Ghana,C-10027,1730.0,4,25.01,0,2,0,bank,DEV-46878,CNF,N,1
TXN-000658,2026-08-24 02:45:00,,NGN,M-2031,,ios,gh,C-10635,276.0,23,46.54,6,11,0,bank,DEV-44106,CLR,Y,0
TXN-001382,21/08/2026 01:33,17.47,GHS,M-2072,fuel,ios,NGA,C-10467,720.0,39,14.81,0,21,0,momo,DEV-48104,CLR,N,0
TXN-000846,2026-09-06T04:25:00,36.88,GHS,M-2082,fuel,web,GH,C-10098,608.0,6,54.3,0,14,0,card,DEV-24657,CLR,N,0
TXN-000543,2026-08-13 14:45:00,11.68,GHS,M-2067,electronics,web,GH,C-10574,1036.0,22,9.43,2,13,0,momo,DEV-11030,CLR,Y,0
TXN-001962,09-03-2026,31.79,NGN,M-2083,grocery,android,GH,C-10705,246.0,25,41.57,0,2,0,bank,DEV-39506,CLR,N,0
TXN-002338,2026-08-21T13:08:00,50.03 GHS,GHS,M-2046,travel,ios,NG,C-10577,762.0,7,48.5,2,3,0,momo,DEV-11529,CLR,Y,0
TXN-001378,2026-08-17 22:47:00,82.53,GHS,M-2013,FUEL,ussd,GH,C-10151,1.0,31,70.04,4,2,1,momo,DEV-42114,CNF,Y,1
TXN-002065,2026-09-02T03:49:00,19.99,GHS,M-2050,grocery,web,GHA,C-10226,1344.0,31,12.28,0,6,0,momo,DEV-44419,CLR,N,0
TXN-001030,2026-07-18T03:55:00,11.05,NGN,M-2060,RESTAURANTS,web,GH,C-10266,1727.0,1,16.87,0,3,0,card,DEV-38321,CLR,N,0
TXN-000991,2026-07-26T21:54:00,26.68,GHS,M-2053,restaurants,ussd,Nigeria,C-10070,11.0,13,12.12,1,11,0,momo,DEV-83380,CLR,N,0
TXN-002600,08/09/2026 03:44,33.35,GHS,M-2060,restaurants,android,Ghana,C-10527,301.0,17,31.1,6,17,0,momo,DEV-93504,CLR,Y,0
TXN-001740,07-20-2026,44.26,USD,M-2089, crypto ,ios,NGA,C-10533,1435.0,29,64.09,0,8,0,bank,DEV-17074,CLR,Y,0
TXN-003147,2026-07-21 05:19:00,23.79,GHS,M-2011,other,ios,GH,C-10498,37.0,9,17.1,3,9,1,momo,DEV-33910,CNF,Y,1
TXN-002901,2026-08-07T02:21:00,12.55,GHS,M-2019,restaurants,ussd,Nigeria,C-10618,710.0,17,10.31,0,,0,momo,DEV-87450,CLR,N,0
TXN-001403,2026-07-30T22:00:00,68.45,NGN,M-2002,fuel,ussd,Ghana,C-10582,531.0,31,93.03,0,0,0,momo,DEV-29598,CLR,N,0
TXN-003104,2026-08-16T22:14:00,21.08,NGN,M-2020,TELECOM,ios,NGA,C-10421,356.0,20,11.21,0,1,1,card,DEV-90545,CLR,Y,0
TXN-001979,16/08/2026 04:21,71.70,GHS,M-2087,,android,GHA,C-10368,521.0,23,74.19,0,15,0,card,DEV-58106,CLR,Y,0
TXN-001510,03/09/2026 04:12,23.79,GHS,M-2095,restaurants,android,NG,C-10317,9.0,2,23.16,0,6,0,card,DEV-72293,CNF,N,0
TXN-002956,14/08/2026 23:16,54.63,GHS,M-2027,grocery,android,Ghana,C-10188,,31,42.94,5,23,0,momo,DEV-28251,CLR,Y,0
TXN-001964,2026-09-07T08:44:00,24.22,GHS,M-2016,restaurants,ios,NGA,C-10019,,33,13.29,0,16,0,card,DEV-69650,CLR,N,0
TXN-002294,02/08/2026 03:23,94.84,NGN,M-2002,fuel,android,GH,C-10593,171.0,21,132.27,1,9,0,bank,DEV-39870,CNF,N,0
TXN-001767,2026-07-28T13:05:00,50.18,GHS,M-2002,fuel,ussd,GH,C-10140,1212.0,16,71.9,0,7,0,card,DEV-56323,CLR,N,0
TXN-001136,2026-08-12T23:11:00,3.24,GHS,M-2058,grocery,web,ke,C-10334,781.0,21,3.49,4,23,0,momo,DEV-33748,CLR,Y,0
TXN-002772,2026-07-19T19:55:00,55.89,USD,M-2030,telecom,android,KE,C-10623,1442.0,38,66.87,0,6,0,card,DEV-98571,CLR,N,0
TXN-000436,2026-08-05 03:37:00,17.36,NGN,M-2075,electronics,android,gh,C-10465,41.0,11,19.35,6,1,0,momo,DEV-64105,CLR,Y,0
TXN-001065,2026-08-18T03:52:00,17.94,GHS,M-2053,RESTAURANTS,android,Ghana,C-10729,1019.0,30,8.19,0,12,1,momo,DEV-15119,ESC,Y,0
TXN-000238,2026-07-27T13:51:00,,USD,M-2048,restaurants,web,GHA,C-10628,481.0,28,2990.61,0,4,0,bank,DEV-19128,ESC,Y,1
TXN-002903,07-18-2026,$23.98,GHS,M-2072, fuel ,web,ng,C-10055,7.0,27,32.32,0,22,0,bank,DEV-94330,CLR,N,0
TXN-001238,29/07/2026 06:19,9.35,GHS,M-2041,fuel,ios,gh,C-10044,1.0,30,6.42,0,6,0,momo,DEV-17292,CLR,N,0
TXN-000110,2026-08-25 23:22:00,271.08,GHS,M-2004,GROCERY,ussd,GHA,C-10693,154.0,37,290.23,0,17,0,momo,DEV-86746,CLR,N,0
TXN-002111,2026-07-27T16:07:00, 24.35 ,NGN,M-2001,GAMBLING,pos,GH,C-10733,11.0,11,31.69,1,19,0,momo,DEV-93806,CNF,Y,1
TXN-000782,2026-08-01T15:30:00,14.38,GHS,M-2046,travel,ussd,GH,C-10641,95.0,0,19.9,0,3,0,bank,DEV-89548,CNF,N,1
TXN-002211,05/09/2026 11:33,30.76 GHS,NGN,M-2024,telecom,web,GH,C-10422,292.0,37,46.4,0,11,0,bank,DEV-81461,CLR,N,0
TXN-000164,2026-08-22T02:11:00,18.46,NGN,M-2056,gambling,web,ng,C-10337,,16,9.01,0,7,0,bank,DEV-68418,CLR,Y,0
TXN-000289,03/08/2026 15:20,20.67,NGN,M-2073,electronics,pos,gh,C-10471,1098.0,2,28.59,0,6,0,momo,DEV-76581,CLR,N,0
TXN-002375,28/07/2026 13:17,17.75,GHS,M-2046,TRAVEL,pos,GH,C-10667,,9,11.07,0,2,0,momo,DEV-72359,CLR,N,0
TXN-000253,16/08/2026 03:05,120.59,GHS,M-2039,restaurants,pos,Nigeria,C-10321,,3,182.08,1,11,0,momo,DEV-10395,CLR,N,0
TXN-002819,2026-08-09T20:29:00,$113.33,GHS,M-2079,telecom,ios,GHA,C-10024,843.0,1,67.96,0,14,0,momo,DEV-34505,CLR,N,0
TXN-002172,08-03-2026,40,GHS,M-2041,fuel,android,Ghana,C-10078,1676.0,9,34.31,4,22,0,momo,DEV-23888,CLR,Y,0
TXN-002113,11/08/2026 04:21,$55.20,GHS,M-2009,Gambling,android,GH,C-10190,1526.0,2,57.62,0,7,0,card,DEV-72428,CLR,Y,0
TXN-000768,07-25-2026,41.90,GHS,M-2052,telecom,web,GH,C-10448,1384.0,11,33.78,0,20,0,bank,DEV-24486,ESC,N,0
TXN-000788,2026-07-25 19:02:00,61.01,NGN,M-2043,Electronics,android,Ghana,C-10388,1609.0,23,45.89,0,12,0,momo,DEV-30696,CLR,N,0
TXN-002619,2026-08-27 06:14:00,,NGN,M-2076,Electronics,web,Ghana,C-10626,,25,23.45,0,3,0,momo,DEV-28679,CLR,N,0
TXN-002466,2026-07-24T01:03:00,20.50,GHS,M-2024,telecom,ussd,GHA,C-10351,1079.0,4,17.73,0,13,1,momo,DEV-30459,ESC,Y,1
TXN-000931,07/09/2026 15:28,$124.81,GHS,M-2078,restaurants,web,Nigeria,C-10505,865.0,15,61.79,0,2,0,card,DEV-88002,CNF,N,1
TXN-001339,2026-08-17T13:21:00,61.60,GHS,M-2021,travel,android,Kenya,C-10508,1259.0,37,28.67,0,15,0,card,DEV-50824,CLR,N,0
TXN-002760,22/08/2026 20:53,37.75,NGN,M-2056,unk,android,Nigeria,C-10382,1286.0,18,55.97,0,6,0,card,DEV-68919,CLR,Y,0
TXN-001018,2026-08-10T22:31:00,9.78,NGN,M-2090,,ios,gh,C-10214,1171.0,39,8.01,0,23,0,card,DEV-44587,ESC,N,0
TXN-002659,2026-07-24T07:52:00,25.64,GHS,M-2072,,ios,GHA,C-10345,1307.0,21,26.88,2,23,0,momo,DEV-43887,CLR,Y,0
TXN-002508,2026-08-20T06:47:00,12.59,NGN,M-2086,telecom,android,Ghana,C-10605,92.0,28,6.85,3,6,0,card,DEV-36481,CLR,Y,0
TXN-002645,27/07/2026 04:07,59.00,USD,M-2027,grocery,android,Kenya,C-10291,1472.0,13,40.95,2,3,1,card,DEV-20631,CLR,Y,0
TXN-002406,2026-09-04T22:04:00,20.55,NGN,M-2005,OTHER,ios,KE,C-10614,,38,12.13,0,16,0,card,DEV-86926,CLR,N,0
TXN-001353,15/08/2026 15:45, 37.23 ,GHS,M-2035,GROCERY,ussd,gh,C-10206,1308.0,9,50.03,6,9,0,card,DEV-35813,CLR,Y,0
TXN-001594,10/09/2026 13:51,24.97,GHS,M-2045,,android,GHA,C-10024,843.0,6,34.5,0,22,0,momo,DEV-96386,CLR,N,0
TXN-001438,2026-07-24T15:37:00,36.51,NGN,M-2051,grocery,web,Ghana,C-10153,1622.0,37,29.64,4,23,1,momo,DEV-11795,CNF,Y,0
TXN-000848,2026-08-02T18:10:00,14.98,NGN,M-2012,restaurants,android,Kenya,C-10138,440.0,37,22.21,0,8,1,momo,DEV-40120,CLR,Y,0
TXN-002784,2026-09-07T12:54:00,18.71,NGN,M-2031,other,ios,gh,C-10146,243.0,34,25.5,0,15,1,momo,DEV-86395,CLR,Y,0
TXN-002577,2026-08-02T08:19:00,55.85,GHS,M-2053,restaurants,ios,Ghana,C-10213,323.0,4,54.44,0,23,0,momo,DEV-49971,CLR,N,0
TXN-000462,09/09/2026 08:29,18.68,GHS,M-2063,telecom,ios,KE,C-10334,781.0,8,23.3,0,14,0,card,DEV-50651,CLR,N,0
TXN-001049,24/08/2026 21:29,36.35,GHS,M-2072,Fuel,ios,GH,C-10472,652.0,6,50.57,0,0,0,momo,DEV-64097,CLR,N,0
TXN-001865,2026-08-30T06:08:00,,GHS,M-2010, travel ,ios,NG,C-10558,1138.0,33,26.1,0,9,0,bank,DEV-55404,CLR,N,0
TXN-000158,2026-08-19T04:47:00,,GHS,M-2041,fuel,android,NG,C-10159,1715.0,15,26.13,0,8,0,bank,DEV-83813,CLR,N,0
TXN-000803,2026-08-18T15:07:00,NA,GHS,M-2078,restaurants,ios,GH,C-10170,10.0,25,20.75,0,8,0,bank,DEV-56617,CLR,N,0
TXN-002132,2026-08-27T17:51:00,25.82,GHS,M-2006,Telecom,android,GHA,C-10389,1011.0,32,27.02,0,6,0,momo,DEV-48278,CLR,N,0
TXN-002654,2026-09-04 06:32:00,33.61,NGN,M-2047,electronics,ios,Ghana,C-10449,1715.0,37,15.54,0,15,1,momo,DEV-19014,CLR,Y,0
TXN-000678,10/09/2026 13:29,18.10,GHS,M-2091,TELECOM,android,ke,C-10138,440.0,34,23.17,5,7,0,card,DEV-34066,CLR,Y,0
TXN-001965,2026-07-19T05:29:00,7.33,NGN,M-2033,,web,gh,C-10298,1491.0,32,8.18,0,8,0,card,DEV-25713,CLR,N,0
TXN-001075,19/07/2026 13:50,56,GHS,M-2087,unk,web,NG,C-10237,8.0,24,63.96,0,21,1,card,DEV-81637,CLR,Y,0
TXN-000239,2026-08-12T17:15:00,45.23,GHS,M-2025,grocery,ios,GH,C-10279,1094.0,8,24.72,0,20,0,momo,DEV-14239,CLR,N,0
TXN-001188,05/09/2026 10:56,28.04,GHS,M-2060,restaurants,pos,GHA,C-10163,248.0,29,41.39,0,23,0,card,DEV-86577,CLR,N,0
TXN-003184,08-31-2026,143.97,GHS,M-2058,grocery,ussd,Ghana,C-10675,1354.0,39,201.65,0,4,0,card,DEV-36135,CLR,N,0
TXN-000244,2026-09-02T09:13:00,16.46,GHS,M-2013,FUEL,pos,KE,C-10313,1428.0,22,10.19,1,4,0,momo,DEV-82077,ESC,N,0
TXN-000101,2026-08-01T11:23:00,$9.63,GHS,M-2075,ELECTRONICS,web,Nigeria,C-10692,1367.0,31,7.15,0,20,1,card,DEV-61045,ESC,Y,0
TXN-000316,14/08/2026 21:31,42.06,GHS,M-2059,grocery,android,ke,C-10223,1532.0,31,40.1,0,5,0,momo,DEV-26717,CLR,N,0
TXN-001310,07-23-2026,,GHS,M-2045,Telecom,pos,Nigeria,C-10558,1138.0,12,10.12,0,22,0,card,DEV-24861,CLR,N,0
TXN-002640,07/09/2026 06:38,16.37,GHS,M-2055,telecom,web,gh,C-10233,440.0,36,22.04,0,10,0,momo,DEV-22071,CLR,N,0
TXN-001796,2026-08-13T08:58:00,22.53,GHS,M-2073,electronics,android,GHA,C-10694,607.0,13,10.48,0,4,1,momo,DEV-78530,CLR,Y,0
TXN-001033,08/08/2026 06:23,,GHS,M-2090,unk,ussd,ng,C-10165,548.0,26,25.36,0,5,0,momo,DEV-64430,CNF,N,1
TXN-002414,2026-07-22 05:06:00,91.98,NGN,M-2009,gambling,ios,Ghana,C-10328,1580.0,32,105.18,0,23,0,card,DEV-82610,CNF,Y,1
TXN-000262,08-21-2026,,GHS,M-2050,GROCERY,web,Ghana,C-10564,448.0,7,74.06,0,7,0,card,DEV-95952,CLR,N,0
TXN-001053,2026-07-25T06:46:00,$24.41,GHS,M-2059,,web,Nigeria,C-10690,1731.0,11,31.28,0,7,0,momo,DEV-25923,CLR,N,0
TXN-001925,09/08/2026 16:15,,NGN,M-2067,electronics,ussd,ng,C-10349,11.0,34,34.75,0,8,0,momo,DEV-66839,CLR,N,0
TXN-000196,09-06-2026,32.57,NGN,M-2028,grocery,ios,GH,C-10491,1642.0,26,30.36,0,11,0,card,DEV-38156,CLR,N,0
TXN-000666,2026-08-12 21:37:00, 156.59 ,GHS,M-2066,restaurants,web,Ghana,C-10445,975.0,6,234.87,0,4,0,card,DEV-90611,CLR,N,0
TXN-001174,2026-07-22T05:44:00,15.41,GHS,M-2089,CRYPTO,web,NGA,C-10356,946.0,34,7.83,6,20,0,momo,DEV-50225,CNF,Y,0
TXN-002751,2026-09-10T17:00:00,46.63,GHS,M-2059,grocery,web,GHA,C-10167,995.0,0,29.6,4,18,0,momo,DEV-15229,ESC,Y,1
TXN-000180,2026-08-12T21:19:00,8.97,NGN,M-2045,telecom,android,gh,C-10143,199.0,32,6.57,7,3,1,momo,DEV-93371,CLR,Y,0
TXN-000835,2026-07-19T13:06:00,52.54,GHS,M-2046,travel,ios,ng,C-10719,,0,59.41,0,10,0,momo,DEV-15244,CLR,N,0
TXN-000843,2026-08-27 19:46:00,24.09,GHS,M-2033,TRAVEL,web,gh,C-10125,334.0,4,16.67,0,23,0,card,DEV-80604,CLR,N,0
TXN-002795,21/08/2026 03:30,26.21,NGN,M-2002,fuel,pos,gh,C-10391,1295.0,19,36.01,0,18,0,card,DEV-50256,CLR,N,0
TXN-001568,2026-09-02T07:37:00,56.59,NGN,M-2069,gambling,android,gh,C-10675,1354.0,12,58.42,0,11,0,card,DEV-32589,CNF,Y,1
TXN-002957,2026-08-19T02:44:00,"$4,006.04",GHS,M-2000,TELECOM,android,NGA,C-10321,1150.0,0,5262.63,0,11,0,momo,DEV-28961,CLR,Y,0
TXN-001243,2026-07-26 18:58:00,18.48,GHS,M-2048,restaurants,ussd,ke,C-10308,1183.0,36,27.34,0,22,0,momo,DEV-19002,CLR,N,0
TXN-002863,08-04-2026,22.37,GHS,M-2011,,android,KE,C-10591,,39,14.89,0,14,0,momo,DEV-28282,CLR,N,0
TXN-000341,25/08/2026 13:34,33.34,GHS,M-2028,grocery,ios,Nigeria,C-10097,354.0,10,30.98,0,2,0,momo,DEV-58442,CLR,N,0
TXN-001235,2026-08-21 05:46:00,103.08,GHS,M-2088,grocery,web,Ghana,C-10057,188.0,31,70.14,2,5,1,card,DEV-62313,CLR,Y,0
TXN-001863,04/09/2026 04:39,NA,GHS,M-2019,restaurants,android,gh,C-10453,,38,47.01,0,8,1,card,DEV-52634,CLR,Y,0
TXN-000749,2026-09-01 08:08:00,32.63,GHS,M-2028,grocery,ios,GHA,C-10222,241.0,6,47.86,0,21,0,momo,DEV-75066,CLR,N,0
TXN-001628,2026-08-18T15:14:00,40.20,USD,M-2060, restaurants ,android,GH,C-10594,1230.0,18,47.77,3,13,0,momo,DEV-34789,CLR,Y,0
TXN-000663,30/07/2026 15:12,22.48,USD,M-2057,restaurants,android,Kenya,C-10457,,21,25.69,0,9,0,momo,DEV-51463,CLR,N,0
TXN-000481,2026-09-09T10:53:00,19.33,GHS,M-2089,Crypto,ussd,NG,C-10658,0.0,9,21.0,0,8,0,momo,DEV-10057,CNF,Y,1
TXN-000804,2026-07-18 02:50:00,70.24,GHS,M-2035,grocery,android,GH,C-10301,11.0,24,88.25,0,3,0,card,DEV-85948,CLR,N,0
TXN-002853,09-10-2026,29.06,GHS,M-2045,telecom,ios,NGA,C-10329,111.0,35,30.22,0,7,1,momo,DEV-10331,CLR,Y,0
TXN-001452,05/08/2026 03:51,35.87,NGN,M-2032, electronics ,pos,NGA,C-10540,1088.0,2,24.2,0,3,1,momo,DEV-81642,CLR,Y,0
TXN-001579,2026-08-03T20:44:00,39.93,GHS,M-2072,FUEL,web,Ghana,C-10018,1389.0,25,26.85,0,4,1,card,DEV-81364,CLR,Y,0
TXN-002464,11/08/2026 12:48,82.90,GHS,M-2028,Grocery,pos,gh,C-10473,,10,68.22,0,0,0,momo,DEV-65606,CLR,N,0
TXN-000784,08-28-2026,18.57,GHS,M-2066,restaurants,web,gh,C-10266,1727.0,21,12.44,0,17,0,card,DEV-70623,CLR,N,0
TXN-002765,2026-08-21T06:30:00,36.19,NGN,M-2059,grocery,android,gh,C-10262,264.0,29,38.97,3,15,0,momo,DEV-83677,CLR,Y,0
TXN-002118,08/09/2026 06:23,9.29,GHS,M-2012,restaurants,ios,KE,C-10289,1779.0,38,11.93,0,13,0,momo,DEV-43478,CLR,N,0
TXN-002593,06/08/2026 04:43,75.82,NGN,M-2036,grocery,android,ng,C-10343,574.0,32,48.74,0,1,0,card,DEV-50473,CLR,N,0
TXN-001422,2026-09-02 04:31:00,39.23,GHS,M-2090,grocery,android,gh,C-10140,1212.0,20,58.32,0,2,0,momo,DEV-17902,CLR,N,0
TXN-002280,2026-08-04 08:58:00, 16.72 ,GHS,M-2016,restaurants,ios,GHA,C-10282,1747.0,27,18.37,0,1,1,card,DEV-11457,CLR,Y,0
TXN-001069,2026-08-03T18:34:00,,GHS,M-2053,restaurants,ios,GH,C-10670,-3.0,20,6.49,3,14,0,momo,DEV-61904,CLR,Y,0
TXN-002130,2026-08-02T23:01:00,16.96,GHS,M-2054,,android,gh,C-10150,10.0,12,7.66,6,6,0,card,DEV-52308,CLR,Y,0
TXN-002283,06/08/2026 13:31,53.53,GHS,M-2026,gambling,web,gh,C-10173,1110.0,28,26.28,0,0,0,bank,DEV-99108,CLR,Y,0
TXN-001179,2026-08-25 13:47:00,31.42,GHS,M-2046,unk,web,NG,C-10324,994.0,39,30.8,0,20,0,momo,DEV-41490,CLR,N,0
TXN-001324,04/09/2026 17:58,20.37,NGN,M-2000,unk,ios,NG,C-10592,190.0,14,31.5,0,7,0,card,DEV-58736,CNF,N,0
TXN-000627,2026-07-19T23:07:00,$59.73,NGN,M-2046,travel,ios,Ghana,C-10099,678.0,27,31.64,0,,1,momo,DEV-38943,CLR,Y,0
TXN-000348,2026-09-09T07:31:00,3.00,GHS,M-2000,telecom,android,Ghana,C-10166,400.0,7,4.18,0,16,0,momo,DEV-97866,CLR,N,0
TXN-003163,08-23-2026,39.49,USD,M-2039,restaurants,ios,NGA,C-10005,754.0,1,42.54,0,9,0,momo,DEV-79452,CLR,N,0
TXN-001428,2026-08-31 06:51:00,14.59,GHS,M-2073,Electronics,ios,Ghana,C-10379,544.0,5,10.74,0,17,0,card,DEV-27995,CNF,N,1
TXN-000980,2026-09-07T19:59:00,,NGN,M-2069,gambling,android,GH,C-10412,236.0,37,18.38,0,7,1,momo,DEV-71731,CLR,Y,0
TXN-002777,2026-08-04 07:16:00,15.66,GHS,M-2080,restaurants,pos,ke,C-10291,1472.0,10,10.97,0,16,0,momo,DEV-34144,CLR,N,0
TXN-003025,07-27-2026,3.94,USD,M-2062,restaurants,pos,Ghana,C-10603,764.0,10,3.01,1,8,0,card,DEV-77535,CLR,N,0
TXN-000912,2026-08-02T04:47:00,30.37,GHS,M-2081,travel,ios,ng,C-10728,11.0,36,30.95,0,20,1,bank,DEV-55917,ESC,Y,0
TXN-003016,2026-08-13T22:55:00,8.17,GHS,M-2027,grocery,android,NG,C-10055,7.0,28,4.65,3,11,1,momo,DEV-53337,ESC,Y,0
TXN-000633,28/08/2026 18:34,75.82,NGN,M-2009,GAMBLING,web,Ghana,C-10166,400.0,19,66.85,0,6,0,card,DEV-47650,CLR,Y,0
TXN-001152,2026-08-07T06:50:00,26.28,GHS,M-2087,gambling,android,KE,C-10598,,21,36.95,0,12,0,momo,DEV-50157,CLR,Y,0
TXN-000446,2026-08-15T15:35:00,6.55,GHS,M-2005,other,ios,ng,C-10615,1478.0,19,4.07,0,13,0,card,DEV-61043,ESC,N,0
TXN-000618,07-20-2026,53.55,NGN,M-2028,GROCERY,android,NGA,C-10398,341.0,8,50.27,0,5,0,momo,DEV-44200,CLR,N,0
TXN-003022,26/07/2026 17:09,46.21,NGN,M-2054,unk,web,Ghana,C-10205,1613.0,0,41.24,0,4,0,card,DEV-84468,CLR,N,0
TXN-001252,04/09/2026 12:42,52.77,GHS,M-2075,,web,ng,C-10520,515.0,21,49.72,0,9,1,card,DEV-90442,CLR,Y,0
TXN-001984,04/08/2026 16:07,,USD,M-2022,other,android,GH,C-10231,7.0,18,17.45,0,5,1,momo,DEV-53366,CLR,Y,0
TXN-001790,2026-08-11T04:48:00,10.99,USD,M-2007,telecom,android,ng,C-10297,275.0,39,14.46,2,5,1,momo,DEV-65925,CLR,Y,0
TXN-002740,07/08/2026 17:53, 30.77 ,GHS,M-2002,,ios,NG,C-10592,190.0,16,15.72,7,10,0,bank,DEV-13868,CLR,Y,0
TXN-001104,09/08/2026 09:20,9.21,GHS,M-2091,telecom,ios,Nigeria,C-10728,11.0,27,13.39,7,7,0,momo,DEV-88957,CLR,Y,0
TXN-002607,2026-08-21T23:18:00,197.92,GHS,M-2048,restaurants,ios,GH,C-10638,505.0,8,108.18,5,7,0,momo,DEV-79750,CNF,Y,0
TXN-000354,09/08/2026 21:58,27.35,GHS,M-2073,electronics,ios,Kenya,C-10073,6.0,17,15.22,0,1,0,card,DEV-87473,CLR,N,0
TXN-000614,2026-08-02T03:32:00,18.35,NGN,M-2027,grocery,web,Ghana,C-10142,1590.0,2,9.61,0,21,0,momo,DEV-50753,CLR,N,0
TXN-001094,2026-09-04 02:21:00,12.29,GHS,M-2029,restaurants,web,GHA,C-10318,955.0,26,15.85,5,0,0,card,DEV-58005,CLR,Y,0
TXN-003149,2026-07-17T18:45:00,44.58,GHS,M-2010,travel,android,ng,C-10337,1138.0,17,34.6,0,2,0,card,DEV-73046,CLR,N,0
TXN-002046,2026-07-23T21:48:00,52.35,NGN,M-2095,restaurants,web,gh,C-10072,378.0,13,41.3,0,8,0,card,DEV-86893,CLR,N,0
TXN-000058,2026-07-21T09:50:00,49.95,GHS,M-2095,restaurants,android,GHA,C-10364,1050.0,18,60.77,0,3,0,card,DEV-59969,CLR,N,0
TXN-001895,25/07/2026 15:08,,GHS,M-2081,travel,android,Nigeria,C-10565,487.0,6,38.71,5,18,1,card,DEV-58477,CLR,Y,0
TXN-001860,12/08/2026 09:20,121,USD,M-2013,fuel,web,GH,C-10442,1334.0,16,172.09,5,21,1,momo,DEV-15343,CLR,Y,0
TXN-002360,08-03-2026,11.55,GHS,M-2067,ELECTRONICS,android,NG,C-10260,9.0,31,16.14,0,19,1,bank,DEV-10179,CLR,Y,0
TXN-002695,2026-08-08 11:49:00,36.35,GHS,M-2020,telecom,ios,gh,C-10496,1684.0,28,30.58,0,1,0,bank,DEV-57940,CLR,N,0
TXN-002012,2026-08-14T07:32:00,,GHS,M-2030,telecom,ussd,Nigeria,C-10732,691.0,22,19.71,5,2,0,card,DEV-77645,ESC,Y,0
TXN-001746,2026-09-01T11:06:00,7.93,NGN,M-2021,travel,android,Ghana,C-10190,1526.0,29,11.62,6,0,0,momo,DEV-91475,CNF,Y,1
TXN-001458,01/08/2026 11:23,18.53,GHS,M-2010,travel,ussd,GHA,C-10651,8.0,32,28.59,0,6,0,card,DEV-89683,ESC,N,0
TXN-001256,01/09/2026 13:50,32.61,GHS,M-2054,unk,android,Ghana,C-10387,725.0,16,36.41,0,20,0,momo,DEV-92381,CLR,N,0
TXN-001739,2026-08-06T09:12:00,62.06,GHS,M-2076,Electronics,web,ke,C-10077,1294.0,1,74.16,4,11,0,momo,DEV-97110,CLR,Y,0
TXN-001271,2026-09-08 11:36:00,107.78,GHS,M-2037,,web,Ghana,C-10162,738.0,23,154.02,3,15,1,momo,DEV-14691,CLR,Y,1
TXN-000561,2026-07-31T02:54:00,20.37,GHS,M-2026,gambling,android,GHA,C-10153,1622.0,18,19.71,0,21,0,card,DEV-67019,ESC,Y,0
TXN-000708,2026-08-26 04:09:00,,GHS,M-2022,,web,GH,C-10214,1171.0,35,10.04,0,10,0,card,DEV-63972,CLR,N,0
TXN-001090,2026-08-12T12:54:00,NA,GHS,M-2019,restaurants,android,KE,C-10313,1428.0,36,12.54,0,17,0,card,DEV-49650,CLR,N,0
TXN-000425,2026-08-31 20:48:00,,USD,M-2033,Travel,web,KE,C-10224,1033.0,25,38.85,0,7,0,momo,DEV-23277,CLR,N,0
TXN-000648,08-01-2026,17.30,GHS,M-2080,,pos,Nigeria,C-10290,256.0,20,13.55,1,1,0,momo,DEV-65214,CLR,N,0
TXN-001974,25/07/2026 08:47,25.85,GHS,M-2071,travel,web,gh,C-10090,18.0,33,33.76,0,16,1,card,DEV-65710,CLR,Y,0
TXN-001393,07-20-2026,31.90,GHS,M-2078,restaurants,web,Ghana,C-10697,315.0,19,16.84,0,21,0,momo,DEV-84858,CLR,N,0
TXN-001245,2026-07-23T15:50:00,34.30,GHS,M-2086, telecom ,ios,Nigeria,C-10423,1400.0,4,48.98,0,20,0,momo,DEV-77365,CNF,N,0
TXN-003095,2026-08-28 23:42:00,23.63,GHS,M-2010,travel,web,gh,C-10696,,38,27.27,0,0,0,card,DEV-14091,CLR,N,0
TXN-001006,2026-08-03T23:41:00,37.43,GHS,M-2084,grocery,pos,GHA,C-10078,1676.0,36,43.48,0,13,0,momo,DEV-33723,CLR,N,0
TXN-000621,2026-07-20T00:34:00,16.80,GHS,M-2093,Travel,pos,ke,C-10196,54.0,32,20.56,0,,1,bank,DEV-74454,CLR,Y,0
TXN-001408,2026-07-29 02:57:00,24.94,USD,M-2042,telecom,android,NGA,C-10727,1322.0,1,29.76,5,20,0,card,DEV-20424,CLR,Y,0
TXN-000554,2026-08-21T09:30:00,70.58,GHS,M-2058,grocery,pos,ng,C-10423,1400.0,21,35.68,0,21,1,momo,DEV-39146,CLR,Y,0
TXN-002860,28/08/2026 13:17,121.38,GHS,M-2003,telecom,android,Ghana,C-10210,320.0,10,126.37,0,18,0,momo,DEV-82705,CNF,N,1
TXN-001966,2026-09-11T03:54:00,41.63,NGN,M-2026,Gambling,pos,gh,C-10551,761.0,36,53.12,0,16,0,momo,DEV-96867,CLR,Y,0
TXN-000999,23/08/2026 22:30,,NGN,M-2057,,web,NG,C-10542,207.0,6,41.54,0,3,0,momo,DEV-81701,CLR,N,0
TXN-001437,21/07/2026 14:27,88,NGN,M-2084,grocery,android,GH,C-10096,1.0,38,120.53,7,15,0,momo,DEV-55439,CLR,Y,0
TXN-002616,08-01-2026,20.48,GHS,M-2093,TRAVEL,ussd,ke,C-10003,1770.0,12,25.71,0,9,0,momo,DEV-82910,CLR,N,0
TXN-003158,30/07/2026 11:24,50.36,USD,M-2094,electronics,web,GHA,C-10205,1613.0,16,73.86,0,21,0,card,DEV-61413,CLR,N,0
TXN-000294,2026-09-05 08:33:00,90.99,NGN,M-2044,fuel,android,Ghana,C-10012,645.0,37,127.65,0,18,1,card,DEV-68950,CLR,Y,0
TXN-001728,2026-08-23T19:26:00,41.75,GHS,M-2026,gambling,web,GHA,C-10192,1503.0,19,33.38,2,7,0,momo,DEV-93600,CLR,Y,0
TXN-000441,30/07/2026 15:02,25.82,GHS,M-2094,electronics,web,GH,C-10739,89.0,5,23.55,0,5,1,momo,DEV-14546,ESC,Y,0
TXN-000509,2026-08-17T14:00:00,,GHS,M-2062,restaurants,pos,ke,C-10617,749.0,12,27.74,0,19,0,card,DEV-80745,CLR,N,0
TXN-000590,2026-08-19T14:16:00,46.59,GHS,M-2001,gambling,android,GHA,C-10121,500.0,15,66.43,0,,0,card,DEV-17939,CLR,Y,0
TXN-001299,2026-09-06T01:13:00, 57.07 ,NGN,M-2028,grocery,web,NGA,C-10111,1718.0,32,66.98,0,2,0,card,DEV-69223,CNF,N,1
TXN-000650,2026-08-29 03:40:00,16.90,GHS,M-2006,,ios,gh,C-10454,553.0,37,22.52,0,20,1,momo,DEV-93335,ESC,Y,0
TXN-001732,2026-08-23 00:14:00,$39.98,GHS,M-2043,,ios,NGA,C-10246,,27,50.86,0,10,0,card,DEV-51457,CLR,N,0
TXN-001753,05/09/2026 19:07,48.25,GHS,M-2041,fuel,pos,NG,C-10084,626.0,25,47.47,0,14,0,momo,DEV-51014,CLR,N,0
TXN-002590,2026-08-15 00:53:00,22.68,NGN,M-2053,restaurants,android,Kenya,C-10136,161.0,8,34.43,0,16,0,card,DEV-42840,CLR,N,0
TXN-001405,2026-08-18T10:38:00,9.79,GHS,M-2078,,web,NG,C-10467,720.0,6,14.67,2,3,0,momo,DEV-60927,CLR,Y,0
TXN-001934,2026-09-05T21:30:00,,GHS,M-2044,,web,gh,C-10414,1319.0,8,18.02,0,21,0,card,DEV-19436,CLR,N,0
TXN-000631,11/09/2026 04:05,26.70 GHS,USD,M-2077,RESTAURANTS,ios,Nigeria,C-10297,275.0,28,30.72,7,0,0,momo,DEV-45965,CNF,Y,1
TXN-001478,02/09/2026 15:16,18.14,GHS,M-2084, grocery ,ios,Ghana,C-10147,6.0,6,28.06,1,15,0,momo,DEV-11226,CLR,N,0
TXN-000483,28/08/2026 16:45,171.02,GHS,M-2024,telecom,ios,NG,C-10232,,32,116.03,5,4,0,bank,DEV-72079,CLR,Y,0
TXN-003161,2026-08-10T02:40:00,15.90 GHS,GHS,M-2008,grocery,android,GH,C-10739,89.0,32,22.17,0,,0,card,DEV-10606,CLR,N,0
TXN-002752,10/09/2026 01:48,3435.97,GHS,M-2042,telecom,ussd,NGA,C-10246,5.0,35,3088.16,7,,0,bank,DEV-88378,CLR,Y,0
TXN-001279,2026-08-03 19:15:00,,GHS,M-2007,telecom,android,NGA,C-10159,1715.0,14,86.72,0,22,0,momo,DEV-18029,CLR,N,0
TXN-002246,2026-07-21T23:38:00,12.29,GHS,M-2043,unk,android,GHA,C-10295,843.0,2,12.15,0,21,0,momo,DEV-91778,CLR,N,0
TXN-003096,2026-08-13T13:00:00,58.10,NGN,M-2073,electronics,android,Nigeria,C-10294,,8,86.16,0,4,0,card,DEV-64438,CLR,N,0
TXN-001810,2026-09-01 11:10:00,180.72,NGN,M-2085,grocery,ios,NG,C-10139,1174.0,27,142.04,0,14,0,bank,DEV-68621,CLR,N,0
TXN-000857,2026-09-01T01:04:00,NA,GHS,M-2012,restaurants,android,GHA,C-10098,608.0,32,50.25,0,13,1,momo,DEV-50065,CLR,Y,0
TXN-001538,08-15-2026,21.69,USD,M-2084,grocery,web,Ghana,C-10389,1011.0,17,32.31,1,19,0,card,DEV-46576,CLR,N,0
TXN-000531,2026-08-10T06:32:00,5.26,GHS,M-2040,GAMBLING,android,NG,C-10204,419.0,22,8.13,0,14,0,card,DEV-94653,CLR,Y,0
TXN-002587,2026-08-28T21:13:00,54.08,GHS,M-2074,grocery,android,NG,C-10466,970.0,0,61.76,0,8,0,card,DEV-52800,CLR,N,0
TXN-000050,2026-08-30T06:27:00,23.73,GHS,M-2088,grocery,web,GHA,C-10711,707.0,36,16.15,6,14,0,momo,DEV-84795,CLR,Y,0
TXN-000859,2026-08-15T04:56:00,20.66,GHS,M-2042,telecom,web,gh,C-10612,1226.0,37,31.93,0,15,1,card,DEV-83505,CLR,Y,0
TXN-001073,2026-08-26T13:06:00,$15.73,GHS,M-2079,Telecom,ios,KE,C-10199,372.0,10,8.26,0,,0,bank,DEV-63079,CLR,N,0
TXN-000720,2026-09-08 04:44:00,32.31,NGN,M-2013,Fuel,ios,ng,C-10602,320.0,5,37.86,0,13,1,bank,DEV-98308,CLR,Y,0
TXN-001412,05/08/2026 05:17,237.31,GHS,M-2026,gambling,android,NGA,C-10271,54.0,17,205.46,0,3,0,momo,DEV-21265,ESC,Y,0
TXN-001507,08/09/2026 16:38,100.65,GHS,M-2052,telecom,web,gh,C-10158,638.0,7,54.81,0,1,0,card,DEV-75672,ESC,N,0
TXN-002420,2026-09-11T13:22:00,9.93,GHS,M-2094,electronics,android,Ghana,C-10407,,26,10.64,0,0,0,card,DEV-28286,CLR,N,0
TXN-001526,2026-08-06T02:37:00,30.40,GHS,M-2094,Electronics,android,GHA,C-10670,982.0,25,29.84,0,10,0,momo,DEV-33831,CLR,N,0
TXN-002395,2026-08-01T05:56:00,18.51,GHS,M-2082,fuel,ios,Ghana,C-10279,1094.0,1,24.07,4,10,1,card,DEV-74341,CLR,Y,0
TXN-002291,2026-07-27T03:53:00,29.87,GHS,M-2088,grocery,ios,Nigeria,C-10283,720.0,12,37.2,0,8,0,momo,DEV-81923,CLR,N,0
TXN-003199,07/09/2026 12:26,32.91,NGN,M-2035,unk,android,NG,C-10008,1696.0,28,20.8,0,20,0,bank,DEV-60472,CLR,N,0
TXN-002401,2026-08-30T16:28:00,28.85,GHS,M-2037,crypto,android,GHA,C-10375,,2,42.15,0,1,0,momo,DEV-18476,ESC,Y,1
TXN-002299,30/08/2026 12:32,35.26 GHS,GHS,M-2017,grocery,pos,GHA,C-10450,1048.0,20,37.39,0,18,0,momo,DEV-75090,CLR,N,0
TXN-002210,04/09/2026 16:19,41.89,NGN,M-2050,grocery,web,Ghana,C-10620,423.0,25,41.42,0,16,1,card,DEV-34790,CLR,Y,0
TXN-001162,2026-08-02T18:55:00,9.82,GHS,M-2058,grocery,web,Ghana,C-10414,1319.0,39,11.04,0,15,0,momo,DEV-66711,CLR,N,0
TXN-001466,09/09/2026 22:07,20.97,GHS,M-2003,telecom,ios,NGA,C-10306,2.0,0,20.15,0,,0,momo,DEV-22421,CLR,N,0
TXN-002304,08-18-2026,3504.28,GHS,M-2055,Telecom,ios,Ghana,C-10142,1590.0,23,4049.2,0,13,0,card,DEV-37712,CNF,Y,0
TXN-002908,2026-09-01T19:11:00,52.57,NGN,M-2004,GROCERY,android,Kenya,C-10598,576.0,7,36.76,0,18,0,card,DEV-43903,CLR,N,0
TXN-002823,2026-08-05T09:48:00,8.76,GHS,M-2006,telecom,ussd,NGA,C-10535,1510.0,36,13.32,0,17,0,card,DEV-30851,CLR,N,0
TXN-001784,2026-08-24T10:10:00,$76.98,GHS,M-2075,electronics,ios,NGA,C-10329,111.0,23,77.25,5,8,0,card,DEV-92813,CNF,Y,1
TXN-000298,2026-09-10T21:49:00,41.76,NGN,M-2076,,web,Ghana,C-10209,476.0,2,47.63,0,0,0,card,DEV-97537,CLR,N,0
TXN-001396,2026-09-05T21:53:00,16.19,GHS,M-2025,Grocery,web,gh,C-10725,520.0,31,11.27,0,4,1,momo,DEV-28407,CLR,Y,0
TXN-002051,31/08/2026 09:42,58.28,GHS,M-2008,grocery,ios,Nigeria,C-10507,821.0,23,60.28,0,19,0,card,DEV-81423,CLR,N,0
TXN-000959,2026-08-10T02:53:00,20.74,USD,M-2081,TRAVEL,web,GH,C-10458,1292.0,30,13.36,0,14,0,card,DEV-34903,CLR,N,0
TXN-002801,2026-09-10T15:11:00,16.50,GHS,M-2012,restaurants,android,GH,C-10068,10.0,28,13.82,1,10,0,momo,DEV-33633,CLR,N,0
TXN-001660,28/07/2026 16:17,43.46,NGN,M-2062,RESTAURANTS,android,GHA,C-10038,616.0,5,33.29,0,10,0,momo,DEV-30579,ESC,N,0
TXN-001273,05/09/2026 15:35,29.46,NGN,M-2078,RESTAURANTS,ios,Nigeria,C-10343,574.0,26,41.11,0,14,0,card,DEV-51063,CLR,N,0
TXN-003127,2026-08-13 04:13:00,18.17,NGN,M-2044, fuel ,android,NGA,C-10737,47.0,33,10.03,0,12,0,card,DEV-94321,CLR,N,0
TXN-000350,11/08/2026 19:20,NA,NGN,M-2045,telecom,web,ng,C-10542,207.0,20,7.85,0,5,1,card,DEV-61599,CLR,Y,0
TXN-001558,09-07-2026,24.18,GHS,M-2056,gambling,ios,GHA,C-10561,248.0,10,36.1,0,6,0,momo,DEV-85211,ESC,Y,0
TXN-000644,09/08/2026 13:09,150.14,NGN,M-2028,,web,GHA,C-10320,516.0,5,110.23,0,23,0,card,DEV-24677,CLR,N,0
TXN-001226,2026-09-07T06:51:00,35.65,GHS,M-2014,gambling,android,Ghana,C-10529,11.0,38,52.42,0,6,0,momo,DEV-29120,CLR,Y,0
TXN-001351,2026-09-07 12:48:00,14.69,NGN,M-2066, restaurants ,ios,GH,C-10386,709.0,38,19.19,0,,0,momo,DEV-53208,CLR,N,0
TXN-000670,07-27-2026,40,GHS,M-2053,restaurants,android,Nigeria,C-10117,1356.0,6,53.5,0,8,1,momo,DEV-96556,CLR,Y,0
TXN-001460,2026-07-30T21:37:00,30.59 GHS,GHS,M-2084,grocery,android,gh,C-10537,248.0,12,23.73,0,15,0,card,DEV-44464,CLR,N,0
TXN-002358,2026-09-04T22:20:00,36.42,GHS,M-2050,grocery,ios,GHA,C-10736,835.0,26,20.17,5,6,0,card,DEV-26601,CLR,Y,0
TXN-001989,2026-08-30T01:18:00,17.00,GHS,M-2047,ELECTRONICS,web,Nigeria,C-10317,9.0,34,25.05,0,11,0,bank,DEV-78551,CLR,N,0
TXN-001221,06/09/2026 23:09,52.41,GHS,M-2082,Fuel,pos,Nigeria,C-10704,1536.0,30,45.41,0,2,0,card,DEV-30227,CLR,N,0
TXN-002552,05/08/2026 15:01,10.89,NGN,M-2007,telecom,ussd,NG,C-10221,1278.0,13,16.1,0,8,0,momo,DEV-42978,CNF,N,0
TXN-002947,2026-08-26T19:16:00,3.75,NGN,M-2014,gambling,web,GHA,C-10029,321.0,36,4.96,0,0,0,momo,DEV-77803,CLR,Y,0
TXN-002178,2026-08-15T07:41:00,36.34,GHS,M-2062,restaurants,ios,Ghana,C-10193,11.0,16,48.0,0,2,0,card,DEV-17165,CNF,N,1
TXN-000787,2026-08-12 09:21:00,157.85,GHS,M-2023,,pos,GH,C-10190,,38,227.71,0,2,0,momo,DEV-82405,CLR,N,0
TXN-002891,2026-08-27T16:35:00,10.07,GHS,M-2087,gambling,ios,gh,C-10511,1160.0,29,7.06,7,14,0,card,DEV-41425,ESC,Y,0
TXN-000141,2026-08-19T16:51:00,9.93,GHS,M-2028,GROCERY,web,Kenya,C-10614,11.0,33,15.16,6,17,0,card,DEV-39210,CLR,Y,0
TXN-000789,2026-09-08T10:14:00,33.15,GHS,M-2035,grocery,android,GH,C-10641,95.0,25,16.96,0,17,1,card,DEV-56916,CLR,Y,0
TXN-002310,2026-08-15 00:03:00,57.30,NGN,M-2019,RESTAURANTS,pos,Kenya,C-10480,1541.0,17,64.47,0,22,0,card,DEV-72513,CLR,N,0
TXN-002187,17/08/2026 15:55,4.57,GHS,M-2052,telecom,web,GH,C-10238,133.0,32,2.95,4,10,0,card,DEV-34335,CLR,Y,0
TXN-000715,2026-08-05T05:46:00,10.86,GHS,M-2047,,ussd,NGA,C-10588,,8,9.64,0,11,0,card,DEV-34364,CLR,N,0
TXN-001903,2026-08-18T04:55:00,30.78,GHS,M-2063,telecom,ussd,NG,C-10524,523.0,14,47.3,0,11,0,card,DEV-57866,CLR,N,0
TXN-002011,2026-09-09 23:16:00,19.84,GHS,M-2084,GROCERY,web,gh,C-10049,1335.0,1,15.32,0,,1,momo,DEV-17147,CLR,Y,0
TXN-001715,2026-08-20T19:31:00,10.28,GHS,M-2074,grocery,pos,GHA,C-10379,544.0,2,7.57,0,7,1,card,DEV-84731,CLR,Y,0
TXN-001375,2026-08-21T14:03:00,3.96,GHS,M-2064,,ios,GHA,C-10279,1094.0,14,2.49,2,12,0,momo,DEV-85923,CLR,Y,0
TXN-001779,2026-08-14T04:51:00,22.79,GHS,M-2059,grocery,ios,gh,C-10483,881.0,16,19.73,3,6,0,card,DEV-27212,ESC,Y,0
TXN-003019,22/07/2026 12:24,75.76,GHS,M-2001,,pos,GH,C-10278,1647.0,19,88.45,0,6,0,bank,DEV-34196,CLR,Y,0
TXN-000619,25/07/2026 21:48,34.97,GHS,M-2045,telecom,android,gh,C-10594,1230.0,11,40.33,0,8,0,card,DEV-90213,CLR,N,0
TXN-000407,09-09-2026,34.98,GHS,M-2006,telecom,ios,GHA,C-10130,818.0,21,25.18,7,15,0,card,DEV-64312,CLR,Y,0
TXN-001362,07-18-2026,18.99,NGN,M-2023,fuel,web,GH,C-10562,1059.0,2,27.13,0,2,0,momo,DEV-35433,CNF,N,0
TXN-001692,08-16-2026,46.83,USD,M-2018,FUEL,ussd,GH,C-10167,995.0,38,67.79,0,1,0,momo,DEV-96724,CLR,N,0
TXN-002244,2026-08-13 16:40:00,14.54,GHS,M-2072,fuel,ios,GH,C-10244,507.0,9,18.08,0,7,1,momo,DEV-79538,CLR,Y,0
TXN-001993,14/08/2026 21:52,13.69,NGN,M-2032,Electronics,web,GH,C-10642,408.0,22,11.63,0,8,0,card,DEV-41284,CLR,N,0
TXN-001868,2026-09-10T10:39:00,15.51,USD,M-2055,telecom,ios,GHA,C-10388,1609.0,28,11.45,0,20,1,bank,DEV-94034,CLR,Y,0
TXN-000498,21/08/2026 01:49,155.83,NGN,M-2055,telecom,pos,Nigeria,C-10159,1715.0,28,218.47,0,20,1,momo,DEV-78002,ESC,Y,0
TXN-000343,2026-07-23 02:44:00,34.34,GHS,M-2024,,android,gh,C-10146,243.0,1,25.19,0,1,0,momo,DEV-60813,CLR,N,0
TXN-002213,2026-07-26T17:09:00,25.20,GHS,M-2023,fuel,pos,GHA,C-10036,,24,32.97,2,23,0,momo,DEV-57566,CLR,Y,0
TXN-002440,23/07/2026 01:38,11.65,GHS,M-2063,telecom,pos,GH,C-10603,764.0,13,12.03,0,0,0,momo,DEV-97674,CLR,N,0
TXN-000783,2026-08-04T18:29:00,19.58,GHS,M-2026,gambling,web,Ghana,C-10037,,2,12.76,7,,0,card,DEV-91631,CNF,Y,1
TXN-001714,2026-08-21 17:21:00,14.64,GHS,M-2047,electronics,pos,GHA,C-10376,1351.0,11,14.8,2,8,1,momo,DEV-22475,CLR,Y,0
TXN-000304,2026-08-28T15:28:00,42.03,NGN,M-2017,unk,android,GHA,C-10532,,27,41.29,0,14,0,bank,DEV-76095,CLR,N,0
TXN-002637,2026-09-11T06:45:00,42.76,USD,M-2091, telecom ,pos,Ghana,C-10078,1676.0,2,27.58,0,7,0,card,DEV-96825,CLR,N,0
TXN-002697,27/08/2026 06:22,27.60,GHS,M-2095,Restaurants,ios,GH,C-10188,1331.0,4,42.19,0,21,0,bank,DEV-92658,CLR,N,0
TXN-000665,23/07/2026 15:40,34.67,GHS,M-2061,crypto,web,Ghana,C-10562,1059.0,15,39.99,0,9,0,momo,DEV-46449,CLR,Y,0
TXN-001178,2026-08-03 00:21:00,40.89,GHS,M-2092,gambling,web,gh,C-10240,5.0,29,37.48,0,19,0,momo,DEV-28886,CLR,Y,0
TXN-002665,2026-08-20T16:57:00,94.49,GHS,M-2077,restaurants,android,Nigeria,C-10294,5.0,15,45.87,3,7,0,card,DEV-71021,CLR,Y,0
TXN-001707,2026-08-09T21:19:00,$22.60,GHS,M-2014,GAMBLING,pos,Ghana,C-10043,1581.0,23,18.73,4,5,0,momo,DEV-21586,CLR,Y,0
TXN-001678,11/08/2026 01:43,104.44,GHS,M-2010,Travel,web,GHA,C-10495,1517.0,11,134.26,0,,0,momo,DEV-27374,CLR,N,0
TXN-001712,2026-09-10T13:32:00,7.48,GHS,M-2052,telecom,android,NG,C-10009,22.0,22,7.23,0,5,0,momo,DEV-18588,CLR,N,0
TXN-000085,2026-07-28 09:46:00,62.77,NGN,M-2009,gambling,ios,Nigeria,C-10395,1632.0,4,74.6,0,16,1,card,DEV-78146,CLR,Y,0
TXN-002381,2026-08-19T19:10:00,26.24,GHS,M-2070,grocery,ios,Ghana,C-10458,1292.0,11,29.29,0,10,0,card,DEV-65162,CLR,N,0
TXN-000942,2026-07-21 22:48:00,47.89,GHS,M-2095,restaurants,android,Ghana,C-10244,507.0,0,48.09,0,14,0,momo,DEV-20291,CLR,N,0
TXN-000962,2026-08-29T06:42:00,14.41,GHS,M-2047,electronics,web,Kenya,C-10688,1167.0,3,10.76,0,,0,card,DEV-46453,ESC,N,0
TXN-000842,2026-09-05T22:52:00,40,GHS,M-2017,grocery,ios,gh,C-10612,1226.0,38,53.94,5,9,0,momo,DEV-97852,CLR,Y,0
TXN-001731,08/09/2026 12:35,24.55,USD,M-2015,,web,NGA,C-10434,1378.0,5,36.14,0,20,0,card,DEV-68212,CLR,N,0
TXN-002555,2026-09-06 02:02:00,180.89,GHS,M-2006,telecom,web,GH,C-10637,960.0,10,164.96,0,18,0,momo,DEV-55159,CLR,N,0
TXN-001360,2026-08-27T23:45:00,30.56,GHS,M-2048,restaurants,ussd,Kenya,C-10243,931.0,5,43.27,0,10,0,card,DEV-71934,CLR,N,0
TXN-001492,08-20-2026,46.06,GHS,M-2057,Restaurants,web,gh,C-10374,815.0,6,70.92,0,0,0,momo,DEV-58293,CLR,N,0
TXN-000291,2026-08-13 15:36:00,44.42,USD,M-2030,,android,gh,C-10037,381.0,22,49.8,0,0,0,card,DEV-73363,ESC,N,0
TXN-002064,2026-08-31 20:47:00, 86.06 ,GHS,M-2095,restaurants,ios,ng,C-10515,464.0,4,88.24,0,4,0,card,DEV-72684,CLR,N,0
TXN-002286,07-29-2026,19.71,GHS,M-2010,travel,web,GHA,C-10167,995.0,22,23.95,6,15,0,bank,DEV-37003,CLR,Y,0
TXN-000605,26/08/2026 03:51,30.88 GHS,GHS,M-2088,GROCERY,ussd,Nigeria,C-10346,1295.0,34,34.72,0,19,0,momo,DEV-87619,CLR,N,0
TXN-002195,07-30-2026,22.50,USD,M-2081,travel,pos,GH,C-10491,1642.0,26,29.87,0,11,0,card,DEV-17231,CLR,N,0
TXN-000917,09-06-2026,35.84,GHS,M-2066,Restaurants,ios,Ghana,C-10410,584.0,7,38.78,0,12,0,momo,DEV-18261,ESC,N,0
TXN-001462,2026-07-28T19:09:00,26.26,GHS,M-2081,travel,android,Ghana,C-10120,,12,21.14,0,11,0,momo,DEV-25858,ESC,N,0
TXN-001913,2026-07-31 00:09:00,60.03,GHS,M-2029,restaurants,web,GH,C-10539,1393.0,16,51.68,7,18,1,momo,DEV-96422,CNF,Y,1
TXN-001100,08-07-2026,27.72,GHS,M-2028,grocery,android,Ghana,C-10041,2.0,33,41.82,0,13,0,card,DEV-81481,CLR,N,0
TXN-001089,27/08/2026 09:10,20.27,GHS,M-2067,electronics,android,Nigeria,C-10246,5.0,19,17.38,0,23,0,bank,DEV-79036,CLR,N,0
TXN-002261,2026-07-21T22:32:00,16.61,GHS,M-2037,CRYPTO,ios,GH,C-10330,,9,25.36,3,13,0,momo,DEV-68897,ESC,Y,0
TXN-001519,18/07/2026 08:08,22.02,GHS,M-2041,fuel,pos,GHA,C-10176,937.0,6,20.36,0,5,0,momo,DEV-83999,CLR,N,0
TXN-000822,08-05-2026,69.14,GHS,M-2050,grocery,web,NGA,C-10229,955.0,21,67.02,0,0,1,momo,DEV-83180,CLR,Y,0
TXN-002651,2026-08-05T05:12:00,21.78,GHS,M-2049,grocery,web,GH,C-10596,212.0,32,16.62,2,5,0,bank,DEV-59256,CLR,Y,0
TXN-001001,20/08/2026 20:01,21.32,GHS,M-2025,Grocery,android,NG,C-10023,2.0,30,17.71,7,19,1,momo,DEV-51517,CNF,Y,1
TXN-001656,14/08/2026 17:47,9.42,USD,M-2021,travel,ios,Nigeria,C-10560,1689.0,7,8.08,0,3,0,momo,DEV-92723,CLR,N,0
TXN-000019,2026-08-02 01:50:00,17.57,USD,M-2084,grocery,ios,gh,C-10087,1045.0,39,24.26,0,17,0,momo,DEV-70104,CLR,N,0
TXN-000494,2026-07-23 15:01:00,7.32,GHS,M-2014,GAMBLING,ios,Ghana,C-10735,1278.0,8,8.05,0,16,0,momo,DEV-71319,ESC,Y,0
TXN-001126,07/09/2026 09:22,19.69,GHS,M-2058,,web,gh,C-10075,678.0,17,10.35,0,7,0,card,DEV-98478,CLR,N,0
TXN-001423,02/08/2026 13:53,14.37,GHS,M-2020,telecom,android,gh,C-10012,645.0,0,10.5,7,15,0,momo,DEV-94479,CLR,Y,0
TXN-002900,08-05-2026,78.87,GHS,M-2051,grocery,pos,Nigeria,C-10398,341.0,3,47.34,0,7,0,momo,DEV-46699,CLR,N,0
TXN-002602,18/08/2026 20:06,124.86,GHS,M-2094,,ios,ng,C-10611,1.0,9,75.51,0,9,0,card,DEV-70504,ESC,Y,0
TXN-002753,2026-08-19T17:34:00,20.94,GHS,M-2089,crypto,web,GH,C-10372,8.0,9,12.83,0,16,0,momo,DEV-61355,CLR,Y,0
TXN-001804,25/07/2026 07:19, 8.61 ,NGN,M-2049,grocery,android,ng,C-10346,1295.0,17,7.67,0,0,0,momo,DEV-53887,CLR,N,0
TXN-002628,2026-08-12T15:03:00,$190.08,GHS,M-2001,gambling,android,gh,C-10049,1335.0,6,173.72,0,14,0,momo,DEV-97365,CNF,Y,1
TXN-000976,2026-09-01 19:31:00, 17.81 ,NGN,M-2066,Restaurants,web,GHA,C-10380,,24,10.83,0,8,0,card,DEV-11211,CLR,N,0
TXN-001742,2026-08-12T21:22:00,13.77,GHS,M-2080,restaurants,android,Nigeria,C-10565,,7,11.0,0,4,0,bank,DEV-10385,CLR,N,0
TXN-001287,2026-07-29T19:08:00,65.45,GHS,M-2069,gambling,web,NGA,C-10178,147.0,9,49.71,0,11,0,momo,DEV-70419,CNF,Y,0
TXN-002173,16/08/2026 20:50,$19.69,GHS,M-2062,restaurants,ios,GHA,C-10050,1174.0,9,20.7,0,5,1,card,DEV-91807,CLR,Y,0
TXN-002024,08/08/2026 22:38,31.72,GHS,M-2060,RESTAURANTS,android,NGA,C-10543,702.0,27,17.47,6,,0,momo,DEV-94995,CLR,Y,0
TXN-001010,2026-08-22T21:32:00,68,NGN,M-2014,gambling,android,ng,C-10297,275.0,24,77.66,5,9,0,momo,DEV-54945,CLR,Y,0
TXN-000361,01/09/2026 04:38,26.63,USD,M-2015,electronics,android,GH,C-10215,744.0,22,29.34,0,17,0,card,DEV-29000,CLR,N,0
TXN-002747,2026-08-01T08:54:00,,GHS,M-2078,restaurants,web,GHA,C-10103,235.0,15,19.96,4,2,0,card,DEV-68881,CLR,Y,0
TXN-002485,2026-08-30T23:50:00,28.25 GHS,GHS,M-2067,electronics,android,GHA,C-10056,799.0,21,17.44,7,21,0,momo,DEV-43565,CLR,Y,0
TXN-001433,2026-08-18T15:47:00,130.44,GHS,M-2015,,pos,GH,C-10723,1180.0,1,170.18,0,3,1,card,DEV-19611,CLR,Y,0
TXN-001601,05/09/2026 00:21,50.79,GHS,M-2020,telecom,web,Ghana,C-10662,995.0,5,78.38,0,13,0,card,DEV-13652,ESC,N,0
TXN-002235,17/08/2026 05:33,18.61,GHS,M-2091,telecom,android,Ghana,C-10074,4.0,6,25.4,0,12,0,card,DEV-67674,ESC,N,0
TXN-001877,2026-09-07T19:06:00,41.33,NGN,M-2001,gambling,web,GH,C-10636,554.0,28,23.37,0,19,0,card,DEV-90883,CNF,Y,0
TXN-000345,21/08/2026 02:11,3.00,GHS,M-2068,grocery,ussd,GHA,C-10463,1233.0,28,2.92,0,15,0,momo,DEV-27124,CLR,N,0
TXN-000987,14/08/2026 14:45,24.60,NGN,M-2023,fuel,web,GHA,C-10133,81.0,39,29.13,0,16,0,card,DEV-98031,ESC,N,0
TXN-002513,07-21-2026,21.79 GHS,GHS,M-2011,other,android,Kenya,C-10065,6.0,17,11.87,0,3,0,card,DEV-93765,CLR,N,0
TXN-002003,2026-07-24T20:29:00,28.49,NGN,M-2017, grocery ,android,gh,C-10051,1316.0,10,15.22,0,7,0,momo,DEV-25647,CNF,N,1
TXN-001555,2026-08-11 23:11:00,4.90,NGN,M-2076,Electronics,android,Ghana,C-10029,321.0,2,2.62,0,7,0,card,DEV-92374,ESC,N,0
TXN-001337,2026-08-26 12:49:00,11.75,GHS,M-2019,restaurants,web,GHA,C-10112,1309.0,16,14.02,6,7,0,momo,DEV-84136,CLR,Y,0
TXN-000114,2026-09-01T01:16:00,113.10,GHS,M-2012,restaurants,android,GHA,C-10051,1316.0,16,135.56,0,20,0,card,DEV-28814,CLR,N,0
TXN-001269,11/09/2026 08:02,70.55,GHS,M-2030,telecom,ios,Kenya,C-10129,,12,61.47,0,6,0,card,DEV-48278,ESC,N,1
TXN-001242,09/08/2026 02:19,75.96,USD,M-2058,grocery,android,ng,C-10355,1710.0,13,66.1,0,3,0,momo,DEV-14515,CLR,N,0
TXN-001143,2026-09-10T10:26:00,13.60,GHS,M-2067,electronics,ios,NGA,C-10132,230.0,14,17.39,0,13,0,card,DEV-47529,CLR,N,0
TXN-001851,26/08/2026 10:27,67.33,GHS,M-2031, other ,ios,GHA,C-10093,1683.0,36,72.9,0,,0,card,DEV-10120,CLR,N,0
TXN-001217,2026-08-23T09:08:00,9.40,NGN,M-2010,TRAVEL,android,KE,C-10013,936.0,30,12.44,0,8,0,momo,DEV-34238,CLR,N,0
TXN-001199,2026-08-29T17:17:00,56.68,NGN,M-2029,Restaurants,android,gh,C-10031,359.0,26,72.31,0,8,0,bank,DEV-88807,CLR,N,0
TXN-000086,2026-09-04T05:32:00,66.14,GHS,M-2068,grocery,ussd,Nigeria,C-10273,214.0,24,87.43,0,17,0,momo,DEV-32327,CLR,N,0
TXN-002314,2026-08-03T01:41:00,19.59,NGN,M-2014,gambling,web,Nigeria,C-10475,1684.0,7,14.32,0,9,0,momo,DEV-15057,CLR,Y,0
TXN-000669,2026-08-24 19:05:00,25.09,GHS,M-2067,electronics,web,NGA,C-10577,762.0,4,21.69,0,4,0,momo,DEV-29095,CLR,N,0
TXN-001015,2026-08-19T09:25:00,,GHS,M-2072,fuel,ussd,GHA,C-10474,317.0,20,119.62,0,14,0,card,DEV-46056,CLR,N,0
TXN-000129,2026-08-05 09:14:00,69.52,GHS,M-2008,grocery,web,gh,C-10140,1212.0,11,88.48,2,0,0,momo,DEV-52264,CLR,Y,0
TXN-002551,2026-09-02T03:21:00,17.06,NGN,M-2017,grocery,android,Ghana,C-10365,72.0,22,9.39,0,14,0,momo,DEV-56353,CLR,N,0
TXN-001738,2026-07-21T09:04:00,6.74,GHS,M-2024,telecom,ios,GHA,C-10527,301.0,14,4.32,0,19,0,card,DEV-65021,CLR,N,0
TXN-000892,2026-08-10T02:35:00,15.24,GHS,M-2092,gambling,ios,ng,C-10509,432.0,15,22.87,3,14,0,card,DEV-84063,CLR,Y,0
TXN-002352,2026-08-18T08:25:00,7.76,GHS,M-2083,,web,GH,C-10266,1727.0,35,10.11,0,4,0,card,DEV-54474,CLR,N,0
TXN-000308,08/08/2026 04:35,49.54,GHS,M-2012,restaurants,web,KE,C-10668,762.0,28,64.82,0,2,0,momo,DEV-84505,CLR,N,0
TXN-000384,18/07/2026 03:39,17.61,GHS,M-2051,grocery,android,GHA,C-10523,1468.0,29,25.23,0,5,0,bank,DEV-91664,ESC,N,0
TXN-000151,31/07/2026 02:26,51.92,GHS,M-2068,grocery,web,Nigeria,C-10588,2.0,7,43.14,0,8,1,bank,DEV-94924,CLR,Y,0
TXN-002938,2026-09-05T11:46:00,96.76,NGN,M-2072,FUEL,android,KE,C-10668,762.0,15,137.39,0,2,0,card,DEV-80716,CLR,N,0
TXN-002112,2026-08-19T09:55:00,4.75,GHS,M-2064,restaurants,ios,Ghana,C-10718,,11,2.67,0,9,1,card,DEV-47131,CLR,Y,0
TXN-000427,2026-09-10T16:34:00, 22.07 ,NGN,M-2011,other,android,NGA,C-10273,214.0,3,15.45,0,15,1,bank,DEV-47581,CLR,Y,0
TXN-000495,2026-08-04T14:36:00,26.74,GHS,M-2082,fuel,web,gh,C-10412,236.0,38,41.4,0,14,0,card,DEV-91960,CLR,N,0
TXN-001208,2026-08-13T21:15:00,76.79,GHS,M-2013,fuel,pos,Ghana,C-10103,235.0,32,105.22,0,9,0,momo,DEV-45443,CLR,N,0
TXN-001642,26/07/2026 12:10,,GHS,M-2045,telecom,ussd,ng,C-10342,1165.0,36,20.1,0,12,0,momo,DEV-32337,CLR,N,0
TXN-001838,2026-08-31T01:34:00, 16.73 ,GHS,M-2041,fuel,android,Kenya,C-10526,1027.0,3,20.19,3,12,0,card,DEV-51870,CLR,Y,0
TXN-001209,2026-08-01T07:04:00,122.24,GHS,M-2031,other,pos,NG,C-10610,582.0,19,63.26,0,17,0,card,DEV-51697,CLR,N,0
TXN-002612,2026-08-08T14:12:00,54.29,GHS,M-2043,Electronics,pos,GHA,C-10251,782.0,10,75.36,0,5,0,momo,DEV-82585,CLR,N,0
TXN-002365,2026-07-17T21:28:00,20.87,GHS,M-2085,grocery,ussd,Ghana,C-10272,684.0,36,20.71,0,16,0,card,DEV-65312,CLR,N,0
TXN-002059,10/08/2026 00:06,84.92,GHS,M-2013,fuel,android,Ghana,C-10385,1329.0,6,114.97,0,9,0,card,DEV-81828,CLR,N,0
TXN-001240,2026-09-06T19:37:00,30.70,GHS,M-2050,grocery,pos,GHA,C-10694,607.0,25,22.81,0,21,0,momo,DEV-97179,CLR,N,0
TXN-001475,05/08/2026 18:52,,USD,M-2054,unk,web,GHA,C-10137,11.0,9,55.8,0,7,0,momo,DEV-19073,CLR,N,0
TXN-002339,2026-08-24T22:58:00,26.41,GHS,M-2049,GROCERY,web,NG,C-10475,1684.0,28,40.42,0,22,1,momo,DEV-60587,CLR,Y,0
TXN-000276,2026-08-07T13:07:00,7.71,NGN,M-2008,grocery,web,KE,C-10073,6.0,16,3.93,0,10,0,momo,DEV-59656,CLR,N,0
TXN-000490,08-31-2026,83.73,GHS,M-2095,restaurants,web,GHA,C-10465,41.0,19,109.78,5,11,1,card,DEV-62276,CLR,Y,0
TXN-001420,2026-09-01T00:31:00,9,GHS,M-2073,Electronics,web,GHA,C-10067,367.0,12,9.74,5,17,0,card,DEV-96371,CLR,Y,0
TXN-001230,29/08/2026 15:22,17.73,GHS,M-2003,telecom,ussd,GHA,C-10172,1337.0,9,21.76,0,19,0,momo,DEV-14104,CLR,N,0
TXN-000691,19/08/2026 09:23,115.94,GHS,M-2061,crypto,pos,gh,C-10176,937.0,10,124.79,0,7,0,card,DEV-44958,CLR,Y,0
TXN-001544,25/08/2026 10:52,37.72,GHS,M-2091,telecom,web,gh,C-10578,1.0,18,26.56,6,23,0,momo,DEV-49418,CLR,Y,0
TXN-002222,01/08/2026 21:55,31.86,NGN,M-2017,Grocery,pos,GHA,C-10459,1757.0,9,16.32,0,6,0,card,DEV-46791,CLR,N,0
TXN-001615,2026-08-20T09:29:00,22.87,GHS,M-2084,grocery,web,GHA,C-10735,1278.0,19,34.43,3,6,0,card,DEV-81941,CNF,Y,0
TXN-001400,2026-08-01T17:26:00,,GHS,M-2061,crypto,ios,KE,C-10668,762.0,30,182.68,0,0,0,momo,DEV-82834,CLR,Y,0
TXN-002373,2026-07-26T19:05:00,46.28,NGN,M-2049,GROCERY,ios,Ghana,C-10675,1354.0,7,58.18,0,15,1,momo,DEV-71513,CLR,Y,0
TXN-003033,31/08/2026 13:03,101.26,GHS,M-2014,gambling,android,NG,C-10489,439.0,35,64.12,0,22,0,momo,DEV-50709,CNF,Y,1
TXN-001059,2026-07-22T07:11:00,4143.88,GHS,M-2092,gambling,android,Nigeria,C-10616,1685.0,14,3535.75,6,8,0,card,DEV-30697,ESC,Y,1
TXN-000119,2026-08-04T23:36:00,40.75,GHS,M-2009,gambling,web,ng,C-10293,1334.0,0,60.36,0,13,0,momo,DEV-87902,CLR,Y,0
TXN-001025,2026-08-19T23:54:00,29.68,GHS,M-2000,telecom,web,ng,C-10370,1343.0,25,41.01,0,22,0,momo,DEV-98264,CLR,N,0
TXN-001570,26/08/2026 17:57,20.07,GHS,M-2074,grocery,web,Nigeria,C-10309,1120.0,19,31.09,0,12,0,card,DEV-56770,CLR,N,0
TXN-000282,14/08/2026 02:16,23.25,GHS,M-2021,travel,ios,ng,C-10720,,10,15.57,6,10,0,bank,DEV-11375,CLR,Y,0
TXN-002862,2026-08-13T02:14:00,43.85,GHS,M-2084,grocery,android,NG,C-10221,,11,31.61,4,17,0,momo,DEV-42439,CLR,Y,0
TXN-002510,27/07/2026 22:14,37.55,GHS,M-2095,restaurants,pos,Nigeria,C-10542,207.0,28,50.43,0,23,0,momo,DEV-63154,CLR,N,0
TXN-000969,09/08/2026 04:44, 18.67 ,GHS,M-2014,Gambling,ios,NG,C-10545,1797.0,11,26.45,0,9,0,card,DEV-62134,CLR,Y,0
TXN-001352,01/08/2026 12:58,64.19,GHS,M-2042,telecom,android,ng,C-10198,77.0,33,45.74,0,6,1,card,DEV-36737,CLR,Y,0
TXN-002068,2026-09-01T21:48:00,10.42,NGN,M-2055,telecom,web,gh,C-10640,918.0,26,15.8,0,1,0,momo,DEV-17294,CLR,N,0
TXN-001711,2026-07-22T13:50:00,9.20 GHS,NGN,M-2062,restaurants,web,gh,C-10603,764.0,10,14.18,0,5,1,card,DEV-93857,CNF,Y,1
TXN-001879,07-25-2026,10.52,GHS,M-2040,gambling,ios,GHA,C-10479,10.0,14,16.12,0,20,0,momo,DEV-88432,CLR,Y,0
TXN-000156,2026-07-25T21:08:00,,GHS,M-2055,telecom,android,Ghana,C-10714,,6,21.63,0,15,1,momo,DEV-86652,CLR,Y,0
TXN-000305,07/09/2026 14:05,,GHS,M-2081,travel,android,GH,C-10479,10.0,3,19.81,0,5,1,card,DEV-65345,CNF,Y,1
TXN-002099,2026-08-28T01:35:00,16.50,USD,M-2095,RESTAURANTS,android,Ghana,C-10053,1409.0,27,15.27,0,8,0,bank,DEV-88637,CNF,N,0
TXN-002739,2026-08-03T19:57:00,22.98,GHS,M-2060,restaurants,ios,Nigeria,C-10475,1684.0,36,30.47,0,3,0,momo,DEV-57598,CLR,N,0
TXN-001778,26/08/2026 06:15,100.77,GHS,M-2061,crypto,android,GH,C-10086,1028.0,24,77.04,0,5,0,card,DEV-56923,CLR,Y,0
TXN-001771,30/07/2026 17:26,21.22,GHS,M-2052,telecom,ussd,GHA,C-10187,1323.0,39,14.95,0,14,0,momo,DEV-75442,CLR,N,0
TXN-002409,08-09-2026,118.97,NGN,M-2045,telecom,pos,Ghana,C-10390,269.0,3,143.22,5,21,0,momo,DEV-37247,CLR,Y,0
TXN-001308,21/08/2026 22:11,86.92,GHS,M-2025,grocery,web,Ghana,C-10307,1430.0,20,83.02,0,11,0,bank,DEV-31458,CLR,N,0
TXN-001780,2026-09-04T07:35:00,16.45,GHS,M-2058,grocery,web,Ghana,C-10075,678.0,24,22.31,3,21,0,bank,DEV-50840,CLR,Y,0
TXN-000576,2026-08-10T01:39:00,$6.22,USD,M-2028,,ios,ke,C-10127,939.0,1,4.95,7,3,0,bank,DEV-16548,CLR,Y,0
TXN-002667,2026-08-08 05:48:00,71.59,USD,M-2082,fuel,web,Nigeria,C-10349,11.0,0,35.8,0,17,0,momo,DEV-85189,CLR,N,0
TXN-002761,2026-09-08 12:52:00,24.68,GHS,M-2079,telecom,ios,gh,C-10379,544.0,6,29.18,5,6,1,card,DEV-45254,CLR,Y,0
TXN-002816,11/09/2026 03:20,44.38,USD,M-2069,gambling,ios,NGA,C-10570,814.0,19,50.27,1,17,0,card,DEV-74549,CLR,Y,0
TXN-001300,23/08/2026 04:08,116.12,GHS,M-2042,telecom,android,NG,C-10333,232.0,12,68.49,0,14,0,card,DEV-99107,CLR,N,0
TXN-001667,08-19-2026,134.59,NGN,M-2078,Restaurants,android,GHA,C-10112,1309.0,31,175.12,0,9,0,card,DEV-32038,CLR,N,0
TXN-001648,08-25-2026,125.69,GHS,M-2077,restaurants,ios,KE,C-10035,1642.0,37,58.17,0,14,0,card,DEV-47128,CLR,N,0
TXN-001499,2026-08-25T09:20:00,44.93,GHS,M-2036,GROCERY,android,GHA,C-10345,1307.0,33,44.54,1,20,0,bank,DEV-36725,CNF,N,0
TXN-000844,2026-07-23T01:34:00,20.78,GHS,M-2026,gambling,web,GHA,C-10215,744.0,8,28.09,0,10,1,momo,DEV-53000,CLR,Y,0
TXN-002116,08-07-2026,,GHS,M-2068,grocery,ios,Ghana,C-10372,8.0,1,37.67,7,17,1,momo,DEV-36280,CNF,Y,1
TXN-000270,2026-08-21 08:36:00,$40.33,GHS,M-2001,gambling,android,Nigeria,C-10023,2.0,33,41.26,6,3,0,bank,DEV-46909,CLR,Y,0
TXN-000630,2026-09-04T07:09:00,15.40 GHS,NGN,M-2026,,ios,gh,C-10379,544.0,15,18.6,0,23,0,momo,DEV-82221,CLR,Y,0
TXN-001034,2026-08-01 08:58:00,21.42,GHS,M-2019,restaurants,android,GHA,C-10536,422.0,27,22.97,5,13,0,momo,DEV-77782,CLR,Y,0
TXN-000287,07-28-2026,$102.75,NGN,M-2074,grocery,android,Kenya,C-10168,765.0,11,134.7,0,20,0,momo,DEV-80136,CLR,N,0
TXN-001327,2026-09-06 07:24:00,52.18,GHS,M-2021,travel,ios,GHA,C-10481,980.0,26,30.49,0,23,1,momo,DEV-20793,CLR,Y,0
TXN-002379,2026-07-20 19:33:00,23.73,GHS,M-2087,gambling,ios,NG,C-10467,720.0,28,14.09,0,0,0,card,DEV-25736,CLR,Y,0
TXN-000301,25/08/2026 04:42,,GHS,M-2083,grocery,android,GHA,C-10044,1.0,15,16.71,0,9,0,card,DEV-35423,CLR,N,0
TXN-001691,2026-08-05 09:36:00,23.52,NGN,M-2089,Crypto,android,gh,C-10125,334.0,6,17.06,0,16,0,card,DEV-35383,CNF,Y,1
TXN-002290,2026-09-07 00:29:00, 29.33 ,GHS,M-2084,grocery,android,GH,C-10633,172.0,0,39.24,0,21,0,momo,DEV-57978,CLR,N,0
TXN-002589,2026-08-26T00:06:00,59.27,GHS,M-2006,,android,Ghana,C-10385,1329.0,16,56.75,0,23,0,momo,DEV-48465,CLR,N,0
TXN-002802,2026-09-03T19:15:00,24.23,GHS,M-2001,gambling,ussd,Kenya,C-10223,1532.0,28,31.95,0,23,1,card,DEV-11737,CLR,Y,0
TXN-000066,2026-08-01T23:01:00,,NGN,M-2025,GROCERY,ussd,Ghana,C-10166,,13,3339.52,0,5,0,momo,DEV-14590,CLR,Y,0
TXN-002388,2026-07-28T04:23:00,31.89 GHS,GHS,M-2013,fuel,android,GH,C-10026,,20,17.59,0,13,1,card,DEV-49653,CLR,Y,0
TXN-000891,2026-09-11T11:10:00,136.27,GHS,M-2065,restaurants,android,KE,C-10623,1442.0,9,207.36,0,21,1,momo,DEV-80091,CLR,Y,0
TXN-001749,2026-07-19T02:18:00,19.65,GHS,M-2041,fuel,pos,NG,C-10682,556.0,31,19.8,0,4,0,bank,DEV-72284,CLR,N,0
TXN-003056,2026-09-09 23:18:00,34.20,GHS,M-2095,restaurants,android,NG,C-10221,1278.0,24,26.39,0,9,0,card,DEV-74767,CLR,N,0
TXN-002023,2026-09-09T02:43:00,NA,NGN,M-2092,,pos,gh,C-10631,1582.0,19,20.64,3,1,0,card,DEV-51006,CLR,Y,0
TXN-002032,21/07/2026 02:07,61.30,NGN,M-2019,restaurants,ios,GH,C-10655,302.0,8,39.04,0,11,0,momo,DEV-58774,CLR,N,0
TXN-000231,2026-08-25T13:31:00,$47.50,NGN,M-2047, electronics ,android,gh,C-10067,,33,66.46,0,23,0,card,DEV-56011,CLR,N,0
TXN-000504,28/08/2026 04:44,63.90,GHS,M-2023,FUEL,web,gh,C-10465,41.0,12,36.59,0,23,0,bank,DEV-84978,CLR,N,0
TXN-001424,2026-08-03T10:48:00,37.36,USD,M-2087,gambling,ios,GH,C-10057,188.0,33,51.13,0,15,1,momo,DEV-81576,CLR,Y,0
TXN-003057,2026-08-15 09:36:00,,GHS,M-2095,restaurants,ios,KE,C-10688,1167.0,0,20.18,2,5,0,card,DEV-23523,CNF,Y,0
TXN-002991,24/07/2026 05:18,9.48,GHS,M-2054, telecom ,web,ng,C-10475,1684.0,32,8.25,0,14,0,card,DEV-27959,CLR,N,0
TXN-001448,2026-09-10T02:59:00,36.99,NGN,M-2037,,pos,NG,C-10405,6.0,16,44.52,0,21,1,momo,DEV-66129,ESC,Y,0
TXN-001005,08-15-2026,35.14,GHS,M-2003,TELECOM,android,NGA,C-10114,356.0,33,24.72,0,19,0,card,DEV-69009,CLR,N,0
TXN-000837,2026-08-03T17:29:00,134.24,GHS,M-2065,restaurants,ios,ke,C-10668,762.0,28,202.19,0,14,0,card,DEV-29375,CLR,N,0
TXN-001809,2026-07-26T16:38:00,20.73,GHS,M-2092,GAMBLING,ios,KE,C-10285,957.0,19,20.13,0,16,0,card,DEV-44215,CLR,Y,0
TXN-000375,24/07/2026 16:28,$66.70,GHS,M-2012,restaurants,ussd,Ghana,C-10354,1105.0,8,49.34,0,21,0,bank,DEV-49357,CLR,N,1
TXN-002263,2026-07-31T11:08:00,46.40,GHS,M-2062,,android,ng,C-10639,121.0,32,65.81,0,6,1,card,DEV-40774,CNF,Y,0
TXN-002273,2026-09-07T20:34:00,20.46,GHS,M-2062,restaurants,web,ke,C-10105,293.0,4,28.19,0,5,0,card,DEV-37053,CLR,N,0
TXN-002385,2026-07-18T21:40:00,14.59,GHS,M-2041,,web,NGA,C-10510,1091.0,30,18.19,3,15,0,card,DEV-82465,CLR,Y,0
TXN-000940,2026-07-20 07:34:00,11.16,GHS,M-2075,electronics,web,NGA,C-10737,47.0,5,15.59,0,6,0,card,DEV-33545,CLR,N,0
TXN-001322,2026-09-10T16:58:00,16.93,GHS,M-2025, grocery ,ios,gh,C-10026,647.0,7,19.21,5,8,0,momo,DEV-78789,ESC,Y,1
TXN-002230,2026-07-21T14:48:00,166.95,USD,M-2030,TELECOM,android,GHA,C-10700,110.0,2,150.35,5,12,0,momo,DEV-79776,CLR,Y,0
TXN-000752,23/08/2026 22:13,31.63,GHS,M-2018,Fuel,ussd,GH,C-10153,1622.0,3,43.07,0,5,0,card,DEV-44751,CLR,N,0
TXN-000100,24/07/2026 10:41,7.09,USD,M-2058,GROCERY,web,NG,C-10230,1295.0,19,8.81,0,17,1,momo,DEV-73398,CLR,Y,0
TXN-002014,21/08/2026 10:24,32.50,NGN,M-2071,Travel,web,GHA,C-10523,1468.0,28,27.01,0,20,0,momo,DEV-48240,CLR,N,0
TXN-000867,2026-09-11T10:02:00,13.92,GHS,M-2015,ELECTRONICS,web,ng,C-10652,1344.0,33,11.67,0,20,0,momo,DEV-50839,CLR,N,0
TXN-000911,2026-08-14T03:50:00,94.35,GHS,M-2088,grocery,android,GH,C-10218,333.0,15,113.68,0,12,1,bank,DEV-13916,CLR,Y,0
TXN-002622,08/08/2026 04:21,14.83,NGN,M-2026,gambling,android,GHA,C-10131,466.0,7,20.7,2,,0,card,DEV-43411,CLR,Y,0
TXN-000530,27/07/2026 17:32,50.16,GHS,M-2081,travel,android,ng,C-10710,1652.0,4,76.85,0,13,1,momo,DEV-16176,CLR,Y,0
TXN-001261,2026-07-28T23:27:00,58.31,NGN,M-2073,electronics,ios,Ghana,C-10231,,21,52.74,0,10,0,card,DEV-57315,CNF,N,0
TXN-001923,15/08/2026 17:21,7.36,GHS,M-2077,RESTAURANTS,web,gh,C-10559,,22,6.33,2,16,0,momo,DEV-25874,CLR,Y,0
TXN-000637,31/08/2026 02:55,13.94,GHS,M-2054,,web,gh,C-10295,843.0,32,11.34,1,2,0,momo,DEV-32109,CLR,N,0
TXN-001270,2026-08-13T06:09:00,33.86,NGN,M-2057,Restaurants,android,Ghana,C-10278,1647.0,4,44.75,0,17,0,momo,DEV-40906,CLR,N,0
TXN-000186,2026-08-29T03:15:00,20.40,GHS,M-2036,grocery,ussd,GH,C-10233,440.0,24,20.77,0,6,0,card,DEV-69268,CLR,N,0
TXN-001398,2026-09-03T14:47:00,$96.06,NGN,M-2048,restaurants,ios,NG,C-10182,192.0,29,48.78,0,,0,card,DEV-66015,CLR,N,0
TXN-002688,2026-08-30 04:41:00,33.99,NGN,M-2003,,web,GHA,C-10492,1718.0,36,45.6,0,,0,momo,DEV-91359,CLR,N,0
TXN-000932,2026-08-29T18:28:00,15.21,GHS,M-2039,restaurants,pos,GH,C-10450,1048.0,25,10.94,0,15,0,bank,DEV-62956,CLR,N,0
TXN-001624,2026-07-29 08:58:00,111.83,GHS,M-2072,FUEL,pos,Kenya,C-10494,568.0,15,117.13,0,3,0,momo,DEV-86611,CLR,N,0
TXN-002469,2026-09-07T00:40:00,11.47,GHS,M-2075, electronics ,android,Ghana,C-10403,734.0,4,14.31,1,10,0,card,DEV-75297,CNF,N,1
TXN-001736,2026-07-26T12:48:00,59.46,GHS,M-2059,grocery,web,GHA,C-10348,545.0,19,89.95,1,8,1,momo,DEV-77821,ESC,Y,0
TXN-002578,07/09/2026 18:15,28.13,GHS,M-2039,,web,GHA,C-10495,1517.0,21,39.68,2,7,0,bank,DEV-10640,CLR,Y,0
TXN-001274,02/09/2026 16:47,109.64,GHS,M-2040,gambling,android,Ghana,C-10438,505.0,23,156.89,0,5,0,bank,DEV-12013,ESC,Y,0
TXN-002227,2026-08-10 20:03:00,74.47,GHS,M-2043,ELECTRONICS,android,Ghana,C-10584,1.0,16,92.16,0,13,1,momo,DEV-11128,CLR,Y,0
TXN-000608,20/07/2026 20:46,83.14,GHS,M-2012,restaurants,pos,GH,C-10128,,10,63.59,0,2,0,card,DEV-73286,CNF,N,1
TXN-001585,2026-08-13 17:54:00,30.18,GHS,M-2055,telecom,android,GHA,C-10733,11.0,10,39.48,1,16,1,momo,DEV-50396,ESC,Y,0
TXN-000152,2026-07-19 00:26:00,30.20,GHS,M-2073,Electronics,ios,Ghana,C-10222,241.0,31,33.61,0,13,1,card,DEV-65328,ESC,Y,0
TXN-002413,2026-07-31T20:06:00,13.62,NGN,M-2002,FUEL,ios,gh,C-10717,1571.0,21,15.06,0,2,0,card,DEV-24203,ESC,N,0
TXN-002307,24/08/2026 01:19,59.99,GHS,M-2017,grocery,android,Nigeria,C-10683,662.0,4,56.83,0,4,0,momo,DEV-79461,ESC,N,1
TXN-000732,2026-07-19 12:49:00,16.96 GHS,GHS,M-2088,grocery,ussd,GH,C-10164,1694.0,18,20.37,0,10,1,card,DEV-98424,CLR,Y,0
TXN-001577,2026-08-23T21:40:00,26.08,GHS,M-2068,grocery,web,GHA,C-10066,5.0,22,26.92,0,10,0,card,DEV-49569,ESC,N,0
TXN-001874,2026-07-29T02:59:00,65.37,GHS,M-2014,gambling,android,NG,C-10524,523.0,4,68.73,7,16,0,card,DEV-58763,CNF,Y,1
TXN-002929,08-01-2026,$3.00,NGN,M-2044,fuel,ios,NG,C-10088,6.0,38,2.95,6,19,0,card,DEV-81769,CLR,Y,0
TXN-000024,2026-09-08T00:11:00,68.69,GHS,M-2018,fuel,web,GH,C-10050,1174.0,24,67.64,0,1,0,momo,DEV-60590,CLR,N,0
TXN-002543,2026-09-05T12:58:00,9.20,GHS,M-2034,GAMBLING,web,Ghana,C-10606,6.0,10,8.73,0,0,0,bank,DEV-49530,CNF,Y,1
TXN-000159,2026-08-29T14:40:00,141.42,GHS,M-2022,other,ios,NGA,C-10719,346.0,18,174.84,0,15,1,card,DEV-68480,CLR,Y,0
TXN-000862,2026-08-15T19:33:00,31.31,NGN,M-2050,grocery,android,ng,C-10062,1550.0,38,18.71,0,10,0,card,DEV-85825,CNF,N,0
TXN-001726,2026-08-08T16:20:00,25.64,GHS,M-2048,RESTAURANTS,web,GHA,C-10191,668.0,10,16.09,4,18,0,card,DEV-96853,CLR,Y,0
TXN-000903,2026-07-29T08:51:00,53.57,GHS,M-2067,electronics,ios,GH,C-10227,610.0,27,33.83,0,22,1,card,DEV-71446,CNF,Y,0
TXN-002845,2026-08-19T10:31:00,,NGN,M-2063,unk,ios,GHA,C-10074,4.0,4,41.39,7,9,0,momo,DEV-46715,CLR,Y,0
TXN-001231,01/09/2026 07:10,82.91,NGN,M-2076,Electronics,ussd,GH,C-10718,818.0,12,82.78,0,11,0,card,DEV-42517,CLR,N,0
TXN-002427,21/07/2026 18:58,309.33,GHS,M-2045,telecom,web,Nigeria,C-10703,1782.0,27,387.89,0,20,0,momo,DEV-73295,CLR,N,0
TXN-000445,2026-08-25T09:37:00,37.24,GHS,M-2013,fuel,android,ng,C-10658,,30,17.06,0,6,0,bank,DEV-82536,CLR,N,0
TXN-003150,2026-08-28T21:21:00,$10.02,GHS,M-2021,,web,GH,C-10244,507.0,23,11.49,2,,0,card,DEV-10501,CLR,Y,0
TXN-000755,2026-08-31T12:54:00,23.07,NGN,M-2009,,ios,GH,C-10448,1384.0,39,35.21,0,13,0,momo,DEV-15126,CLR,Y,0
TXN-000924,2026-08-03 12:15:00,98.25,GHS,M-2042,telecom,web,GH,C-10684,740.0,38,132.0,0,1,0,card,DEV-86099,CLR,N,0
TXN-003186,2026-08-03T04:41:00,NA,GHS,M-2082,fuel,web,Ghana,C-10531,605.0,15,6.53,0,17,0,momo,DEV-28827,CNF,N,1
TXN-002671,2026-08-11T03:00:00,62.84,GHS,M-2004,grocery,ios,NGA,C-10370,1343.0,10,28.39,0,13,0,card,DEV-51112,CNF,N,1
TXN-000312,2026-08-26T09:47:00,42.18,GHS,M-2025,unk,ussd,GH,C-10142,1590.0,35,53.18,7,5,0,bank,DEV-15668,CLR,Y,0
TXN-001376,2026-08-17T15:46:00,11.34,NGN,M-2087,Gambling,ios,GH,C-10626,399.0,16,7.73,7,19,1,card,DEV-13197,CLR,Y,0
TXN-000549,2026-09-06T01:01:00,59.75,NGN,M-2014,gambling,android,Kenya,C-10617,749.0,20,68.65,6,21,0,card,DEV-77559,CLR,Y,0
TXN-002150,19/07/2026 17:42,,GHS,M-2024,TELECOM,android,Ghana,C-10257,1714.0,5,12.36,0,12,1,momo,DEV-63416,CLR,Y,0
TXN-002993,2026-08-27T12:16:00,52,GHS,M-2079,Telecom,web,ke,C-10480,1541.0,32,66.34,0,19,0,bank,DEV-21545,CLR,N,0
TXN-000307,2026-08-28T05:05:00,104.08,GHS,M-2092,gambling,ios,GH,C-10578,1.0,3,119.89,7,1,0,bank,DEV-67130,CLR,Y,0
TXN-000288,13/08/2026 18:08,4.81,GHS,M-2078,restaurants,ios,GHA,C-10532,818.0,26,5.23,5,7,0,bank,DEV-90212,CLR,Y,0
TXN-000695,2026-08-15T18:39:00,7.90,GHS,M-2040,unk,ios,gh,C-10373,1785.0,31,6.79,0,23,0,momo,DEV-20850,CLR,Y,0
TXN-000309,2026-08-13 04:15:00,79,GHS,M-2044,fuel,ios,GH,C-10316,379.0,25,38.99,6,3,0,momo,DEV-18427,CNF,Y,1
TXN-002495,07-18-2026,21.09,GHS,M-2012,restaurants,ios,Kenya,C-10122,860.0,10,23.41,0,7,0,card,DEV-98010,CLR,N,0
TXN-002054,2026-08-05T17:06:00,26.96,NGN,M-2063,telecom,pos,Ghana,C-10612,1226.0,36,37.16,0,19,0,card,DEV-16577,CLR,N,0
TXN-000750,2026-09-02T19:44:00,35.46,GHS,M-2046,TRAVEL,android,Ghana,C-10184,674.0,36,22.61,0,11,0,card,DEV-31579,CLR,N,0
TXN-001685,04/09/2026 07:11,105.61,GHS,M-2089,crypto,web,gh,C-10620,423.0,28,152.01,3,22,0,momo,DEV-29360,CLR,Y,0
TXN-001463,2026-08-08T17:03:00,29.74,GHS,M-2058,,web,NG,C-10331,,38,28.02,0,,0,card,DEV-75141,CLR,N,0
TXN-002378,15/08/2026 10:43,27.06,NGN,M-2049,grocery,android,gh,C-10188,1331.0,23,27.53,0,4,0,momo,DEV-86559,CLR,N,0
TXN-001495,2026-08-03 23:23:00,4.56,GHS,M-2091,telecom,ussd,gh,C-10258,160.0,20,5.02,1,0,0,card,DEV-14880,CLR,N,0
TXN-000909,03/08/2026 06:51,30.03,GHS,M-2071,,android,NG,C-10673,463.0,9,19.39,0,7,0,momo,DEV-59713,CLR,N,0
TXN-000087,2026-08-23T23:33:00,23.20,NGN,M-2058,grocery,android,GHA,C-10735,1278.0,28,13.41,0,9,0,card,DEV-44363,ESC,N,0
TXN-003152,2026-08-24 21:28:00,14.04,USD,M-2062,restaurants,android,Ghana,C-10608,1373.0,11,6.96,0,10,0,momo,DEV-42793,CLR,N,0
TXN-001512,26/07/2026 08:45,$28.28,GHS,M-2027,grocery,ussd,NGA,C-10548,1702.0,14,16.12,0,7,1,momo,DEV-94512,CLR,Y,0
TXN-002678,2026-07-18T10:27:00,34.84,GHS,M-2056,gambling,web,gh,C-10048,159.0,30,35.63,7,16,0,card,DEV-99058,CLR,Y,0
TXN-000971,2026-09-06 05:18:00,NA,NGN,M-2050,grocery,android,Ghana,C-10053,1409.0,38,32.2,0,10,0,card,DEV-90232,CLR,N,0
TXN-000014,24/07/2026 15:23,38.82,USD,M-2051,grocery,web,gh,C-10691,214.0,22,32.34,0,17,0,momo,DEV-34081,CLR,N,0
TXN-000874,2026-08-29T12:06:00,,GHS,M-2063,telecom,ios,NG,C-10306,2.0,30,39.47,0,11,0,card,DEV-54307,CLR,N,0
TXN-000809,2026-08-03T14:25:00,11.85 GHS,NGN,M-2048,restaurants,web,gh,C-10525,1549.0,4,6.85,0,8,0,momo,DEV-42515,CLR,N,0
TXN-002767,2026-07-18T11:14:00,167.17,GHS,M-2005,other,ios,gh,C-10303,9.0,6,183.71,0,13,0,card,DEV-81102,CLR,N,0
TXN-000515,2026-08-12T22:29:00,,GHS,M-2009,gambling,web,KE,C-10129,0.0,0,4.65,0,20,0,card,DEV-92151,CNF,Y,1
TXN-002591,2026-09-09 01:47:00,12.38,GHS,M-2016,RESTAURANTS,ios,NGA,C-10317,9.0,2,13.69,0,9,0,momo,DEV-57413,CLR,N,0
TXN-000410,10/08/2026 17:13,,GHS,M-2038,electronics,web,GHA,C-10254,647.0,33,25.15,0,4,0,momo,DEV-72277,CLR,N,0
TXN-002340,2026-08-12 16:16:00,20.59,GHS,M-2030,telecom,web,Ghana,C-10651,8.0,2,26.91,0,2,0,momo,DEV-37380,CLR,N,0
TXN-001338,2026-07-30T20:31:00,30.26,GHS,M-2024,,ios,KE,C-10138,440.0,25,26.68,0,10,1,card,DEV-10348,ESC,Y,0
TXN-001414,01/09/2026 12:14,,GHS,M-2022,other,android,Nigeria,C-10710,1652.0,33,32.49,0,5,0,momo,DEV-37214,CNF,N,0
TXN-002997,31/07/2026 10:05,63.69,GHS,M-2028,grocery,ussd,gh,C-10275,0.0,34,39.58,0,10,0,card,DEV-56343,CLR,N,0
TXN-001539,24/07/2026 14:43, 8.90 ,GHS,M-2070,Grocery,ussd,GH,C-10120,618.0,34,10.12,0,2,0,bank,DEV-60795,CLR,N,0
TXN-001443,2026-09-03T06:22:00,48.37,GHS,M-2087, gambling ,android,Kenya,C-10196,54.0,3,67.72,0,9,0,bank,DEV-81743,CLR,Y,0
TXN-001584,08-05-2026,96.40,GHS,M-2043,electronics,web,ng,C-10443,,18,95.17,0,13,1,momo,DEV-48497,CLR,Y,0
TXN-001668,2026-07-28T01:41:00,42.13,GHS,M-2045,telecom,web,GH,C-10567,1592.0,29,33.18,4,2,0,momo,DEV-71494,CNF,Y,0
TXN-000383,2026-07-20T00:34:00,,NGN,M-2086,Telecom,ussd,KE,C-10094,907.0,27,64.38,0,20,1,card,DEV-78154,ESC,Y,1
TXN-002021,02/08/2026 01:16,NA,GHS,M-2040,gambling,android,gh,C-10041,2.0,21,46.17,4,13,0,card,DEV-79245,CLR,Y,0
TXN-002354,2026-08-09 14:21:00,8.84,GHS,M-2034,gambling,web,Ghana,C-10015,734.0,5,9.59,0,21,1,momo,DEV-30762,CLR,Y,0
TXN-002922,25/07/2026 13:22,106.06,GHS,M-2074,grocery,web,ke,C-10007,926.0,23,49.98,0,7,1,bank,DEV-52513,ESC,Y,0
TXN-001564,2026-07-28 09:14:00,48.89 GHS,GHS,M-2064,restaurants,android,NGA,C-10260,9.0,8,59.31,6,1,0,card,DEV-65645,CLR,Y,0
TXN-001939,2026-09-11T01:07:00,NA,GHS,M-2078,RESTAURANTS,android,Nigeria,C-10664,818.0,3,58.03,0,22,0,card,DEV-16791,ESC,N,0
TXN-002104,19/08/2026 06:14,27.03,USD,M-2069,Gambling,ios,gh,C-10624,301.0,5,39.62,0,14,0,card,DEV-12954,CLR,Y,1
TXN-001755,02/09/2026 19:27,$30.21,NGN,M-2026,unk,ios,Ghana,C-10687,375.0,6,39.65,0,19,1,card,DEV-41004,CNF,Y,1
TXN-001394,2026-08-07T12:48:00,42.09,GHS,M-2007,Telecom,web,GH,C-10240,,32,51.61,0,1,0,card,DEV-95423,ESC,N,0
TXN-000553,16/08/2026 07:14,42.07,GHS,M-2034,unk,android,ke,C-10003,1770.0,21,19.02,0,14,0,card,DEV-28555,CLR,Y,0
TXN-001841,07-30-2026,27.71,NGN,M-2045,telecom,ussd,ke,C-10516,1.0,0,26.64,0,,1,card,DEV-53834,CNF,Y,1
TXN-000223,23/08/2026 12:37,246.53,USD,M-2009,gambling,android,KE,C-10457,3.0,0,153.95,0,11,0,momo,DEV-95290,CNF,Y,1
TXN-001821,03/09/2026 02:44,9.61,GHS,M-2040,gambling,ios,NG,C-10395,1632.0,8,4.79,0,16,1,card,DEV-76273,CLR,Y,0
TXN-001097,2026-09-08T15:03:00,66.17,GHS,M-2020,telecom,ios,GHA,C-10629,259.0,11,70.8,1,21,0,momo,DEV-79381,CLR,N,0
TXN-002788,2026-08-24 22:25:00,29.26,GHS,M-2002,fuel,web,GHA,C-10408,11.0,5,43.84,4,8,0,card,DEV-13762,CLR,Y,0
TXN-000009,2026-08-15 05:04:00,48.65,GHS,M-2027,,android,gh,C-10726,453.0,31,53.01,0,6,1,momo,DEV-12147,CLR,Y,0
TXN-001733,03/08/2026 22:16,,GHS,M-2063,telecom,web,Ghana,C-10531,605.0,38,19.67,0,9,0,card,DEV-93479,CLR,N,0
TXN-000317,2026-08-19 01:15:00,NA,GHS,M-2024,telecom,ios,gh,C-10257,1714.0,32,7.64,0,7,0,card,DEV-48920,ESC,N,0
TXN-001329,2026-07-24T14:01:00,76.44 GHS,GHS,M-2089,crypto,web,Nigeria,C-10085,1095.0,14,55.11,0,19,0,card,DEV-91675,CLR,Y,0
TXN-000428,19/08/2026 00:51,14.71,GHS,M-2038,,web,GHA,C-10666,78.0,17,20.84,1,12,0,card,DEV-91878,CLR,N,0
TXN-002269,08-17-2026,85.39,NGN,M-2002,fuel,ios,Ghana,C-10272,684.0,36,118.26,0,23,0,card,DEV-53791,CLR,N,0
TXN-000106,25/08/2026 11:20,32.79,NGN,M-2087,gambling,pos,gh,C-10209,476.0,34,19.99,0,6,0,momo,DEV-42042,CLR,Y,0
TXN-001627,07-23-2026,18.38,GHS,M-2072,fuel,android,ke,C-10591,929.0,5,27.18,0,15,0,momo,DEV-42618,CLR,N,0
TXN-000143,2026-08-03T22:22:00,22.57,NGN,M-2085,grocery,ios,Nigeria,C-10722,851.0,25,23.14,0,22,0,momo,DEV-22562,CNF,N,0
TXN-000122,2026-08-26T16:49:00,,GHS,M-2061,crypto,android,GHA,C-10731,991.0,7,63.31,0,17,1,card,DEV-26002,CLR,Y,0
TXN-002548,2026-08-27T00:03:00,23.81,GHS,M-2053,restaurants,web,ng,C-10063,1436.0,36,19.57,0,5,1,momo,DEV-23400,CLR,Y,0
TXN-003073,02/08/2026 23:16,41.73,USD,M-2051,grocery,android,Nigeria,C-10203,217.0,22,60.61,2,7,0,momo,DEV-38879,CLR,Y,0
TXN-001190,2026-07-21T20:33:00,58.17,GHS,M-2028,GROCERY,web,GHA,C-10033,1546.0,7,33.49,5,15,0,momo,DEV-62948,CLR,Y,0
TXN-002620,25/07/2026 05:37,38.16,GHS,M-2026,gambling,ios,gh,C-10049,1335.0,38,38.03,0,20,1,momo,DEV-87274,CNF,Y,1
TXN-002790,26/08/2026 06:58,51.78,GHS,M-2065,restaurants,web,gh,C-10439,1214.0,5,72.75,0,9,0,momo,DEV-93099,CLR,N,0
TXN-001610,2026-08-31T04:48:00,12.90,GHS,M-2010,travel,ussd,Ghana,C-10050,1174.0,12,16.45,0,7,0,momo,DEV-30399,CLR,N,0
TXN-000116,08-22-2026,18.87,GHS,M-2082,fuel,pos,gh,C-10644,156.0,14,24.77,0,6,0,card,DEV-59480,CLR,N,0
TXN-001652,2026-08-27T00:08:00,63.21,NGN,M-2080,restaurants,web,gh,C-10637,960.0,13,30.32,0,4,0,momo,DEV-82863,CLR,N,0
TXN-002149,2026-09-01 03:41:00,$21.62,NGN,M-2054,telecom,android,Kenya,C-10360,163.0,31,11.35,0,4,1,bank,DEV-85709,CLR,Y,0
TXN-002308,05/08/2026 05:17,39.24,NGN,M-2014,,web,GHA,C-10689,1352.0,13,56.75,0,11,0,bank,DEV-40345,CLR,Y,0
TXN-003003,30/08/2026 19:06,118.67,GHS,M-2030,telecom,pos,gh,C-10320,516.0,8,147.56,0,18,0,momo,DEV-10179,ESC,N,0
TXN-003162,10/08/2026 14:09,23.47,NGN,M-2052,telecom,android,GHA,C-10410,584.0,24,26.52,2,3,0,card,DEV-35844,CLR,Y,0
TXN-001872,2026-08-16 22:10:00,56.49,GHS,M-2019, restaurants ,android,KE,C-10073,6.0,18,73.26,0,9,0,momo,DEV-19790,CLR,N,0
TXN-002371,07-19-2026,39.40,GHS,M-2014,gambling,ios,NG,C-10111,,9,18.83,0,22,0,card,DEV-19803,CLR,Y,0
TXN-000673,09-08-2026,47.06,NGN,M-2046,travel,pos,GH,C-10538,1259.0,4,32.99,0,10,0,card,DEV-13528,CNF,N,1
TXN-001682,2026-08-12 02:47:00,56.11,NGN,M-2047,electronics,android,gh,C-10367,809.0,23,63.57,0,20,0,momo,DEV-23533,CLR,N,0
TXN-002272,2026-07-23T07:51:00, 30.78 ,GHS,M-2041,fuel,android,Ghana,C-10579,993.0,28,32.17,0,23,0,card,DEV-30211,CLR,N,0
TXN-001777,2026-08-16T22:21:00,22.63,NGN,M-2089,crypto,ios,GHA,C-10028,477.0,14,14.11,0,12,0,card,DEV-42927,CLR,Y,0
TXN-000592,2026-08-05T22:09:00,12.11,GHS,M-2043,electronics,web,NGA,C-10482,1268.0,23,11.53,0,20,0,card,DEV-25983,CLR,N,0
TXN-002234,18/07/2026 02:10,63.76,GHS,M-2029,restaurants,android,Ghana,C-10575,,3,43.31,3,19,0,momo,DEV-71994,CLR,Y,0
TXN-000889,08-05-2026,61.15,GHS,M-2019,RESTAURANTS,ios,NGA,C-10182,192.0,32,74.22,0,9,0,momo,DEV-56179,CLR,N,0
TXN-002939,2026-07-25 12:05:00,,GHS,M-2015,electronics,pos,ke,C-10122,860.0,31,97.77,4,4,0,momo,DEV-86971,CLR,Y,0
TXN-001609,28/08/2026 09:10,14.94,GHS,M-2008,grocery,ios,ng,C-10228,962.0,9,16.44,0,19,0,card,DEV-70141,CLR,N,0
TXN-002103,2026-09-07T22:08:00,105.42,NGN,M-2040,gambling,android,GH,C-10559,125.0,29,53.13,0,22,0,momo,DEV-73277,CLR,Y,0
TXN-000214,2026-08-23T08:37:00,27.31,GHS,M-2030,Telecom,pos,GHA,C-10193,,24,37.95,0,17,0,momo,DEV-19763,CLR,N,0
TXN-000779,27/08/2026 22:10,NA,USD,M-2021,travel,android,NG,C-10293,1334.0,28,43.68,3,14,1,card,DEV-83310,CLR,Y,0
TXN-002316,09-01-2026,7.98,GHS,M-2032,electronics,web,Nigeria,C-10552,721.0,32,9.92,0,6,0,card,DEV-51979,CLR,N,0
TXN-001449,2026-08-04T07:15:00,32.22,NGN,M-2023,fuel,android,Kenya,C-10313,1428.0,6,47.4,5,9,1,momo,DEV-33888,CLR,Y,0
TXN-001954,09/08/2026 05:08,78.07,GHS,M-2088,grocery,ussd,gh,C-10074,,17,70.4,0,9,0,momo,DEV-59684,CLR,N,0
TXN-000801,2026-07-18T09:41:00,57.23,GHS,M-2032,electronics,web,GHA,C-10181,288.0,25,75.11,0,7,0,card,DEV-76081,CLR,N,0
TXN-002664,2026-08-29 17:10:00,48.81,GHS,M-2012,restaurants,ios,Nigeria,C-10211,3.0,14,55.11,0,9,0,card,DEV-18761,CLR,N,0
TXN-001698,04/09/2026 01:35,69.89,GHS,M-2059,grocery,ussd,KE,C-10122,860.0,35,93.22,0,7,0,momo,DEV-32050,CLR,N,0
TXN-002945,2026-08-30T10:02:00,$18.77,GHS,M-2071,travel,ios,GHA,C-10513,520.0,8,9.86,0,21,0,momo,DEV-80716,ESC,N,0
TXN-002457,14/08/2026 04:35,29.46,GHS,M-2051,Grocery,android,gh,C-10484,796.0,13,38.02,0,23,0,momo,DEV-37753,ESC,N,0
TXN-002858,2026-09-02T17:38:00,13.50,GHS,M-2068,grocery,pos,GH,C-10604,377.0,28,16.22,0,3,1,card,DEV-79674,CLR,Y,0
TXN-002231,2026-07-25T12:58:00,23.64,GHS,M-2081,travel,ios,gh,C-10397,754.0,24,24.66,0,6,1,card,DEV-27067,ESC,Y,0
TXN-002911,2026-07-17T20:31:00,117.56,GHS,M-2042, telecom ,android,Ghana,C-10428,1643.0,1,178.54,0,23,0,momo,DEV-37467,CLR,N,0
TXN-001344,2026-07-23 13:58:00,,GHS,M-2049,grocery,android,ng,C-10336,1417.0,3,21.27,0,19,0,card,DEV-52037,ESC,N,0
TXN-000274,2026-07-30T07:19:00,9.01,GHS,M-2000,telecom,android,NGA,C-10204,419.0,28,8.37,0,19,0,card,DEV-29884,CLR,N,0
TXN-000072,2026-08-14 16:33:00,17.73,GHS,M-2018,fuel,ios,KE,C-10431,,9,23.32,0,3,0,momo,DEV-96651,ESC,N,0
TXN-000721,2026-07-18 17:49:00,$27.32,GHS,M-2090,GROCERY,ios,ng,C-10679,11.0,12,40.42,0,23,1,momo,DEV-32432,CLR,Y,0
TXN-001088,28/07/2026 06:51,33.38,GHS,M-2052,telecom,web,Ghana,C-10597,1757.0,23,46.88,0,2,1,card,DEV-27698,CLR,Y,0
TXN-000395,2026-08-12T01:52:00,49.65,GHS,M-2005,other,web,GH,C-10553,1115.0,13,35.62,0,23,0,card,DEV-49444,CLR,N,0
TXN-000584,2026-09-10 18:37:00,14.63,NGN,M-2012,restaurants,android,gh,C-10389,1011.0,16,17.46,1,20,0,momo,DEV-38971,CLR,N,0
TXN-001789,2026-09-05T17:10:00,11.22,GHS,M-2027,grocery,web,GH,C-10553,1115.0,26,8.99,0,11,0,card,DEV-93825,CLR,N,0
TXN-002169,2026-08-21T08:45:00,37.91,GHS,M-2076,electronics,web,GHA,C-10666,78.0,24,19.88,0,4,0,momo,DEV-73339,CLR,N,0
TXN-002175,2026-07-29T22:37:00,23.11,NGN,M-2063, telecom ,ussd,Ghana,C-10511,1160.0,11,35.26,0,16,0,card,DEV-21778,CLR,N,0
TXN-000501,2026-08-07 04:51:00,6.64,GHS,M-2018,Fuel,web,ng,C-10144,1.0,37,9.25,0,1,0,bank,DEV-86594,CLR,N,0
TXN-002305,2026-09-04T13:20:00,203.85,USD,M-2080,restaurants,web,Ghana,C-10037,381.0,27,313.28,4,21,0,momo,DEV-94229,CLR,Y,0
TXN-002391,31/07/2026 20:21,19.16,GHS,M-2001,gambling,ios,GHA,C-10433,495.0,33,16.22,0,20,0,card,DEV-81086,CNF,Y,1
TXN-003195,2026-08-29 15:20:00,24.30,GHS,M-2083,grocery,android,Nigeria,C-10063,1436.0,34,30.59,7,0,0,card,DEV-58210,CLR,Y,0
TXN-002941,2026-09-06 14:58:00,10.01,GHS,M-2035,grocery,pos,Ghana,C-10033,1546.0,13,11.48,0,18,0,momo,DEV-89541,CNF,N,0
TXN-001724,2026-08-01 11:36:00,33.97,GHS,M-2007,,android,GHA,C-10193,11.0,38,28.57,0,4,0,bank,DEV-85353,CLR,N,0
TXN-001260,08-27-2026,88.73,NGN,M-2017,grocery,android,Ghana,C-10403,734.0,26,61.85,1,6,0,momo,DEV-89790,ESC,N,0
TXN-001884,2026-07-19T00:17:00,86.91,GHS,M-2044,fuel,web,Ghana,C-10663,970.0,0,125.3,2,8,0,momo,DEV-97304,CNF,Y,1
TXN-002034,01/08/2026 11:06,,GHS,M-2012,restaurants,android,ng,C-10020,1183.0,22,50.88,0,11,1,momo,DEV-51303,CLR,Y,0
TXN-000206,2026-07-25T00:21:00,20.96,GHS,M-2042,TELECOM,android,NG,C-10690,1731.0,23,18.78,0,0,0,bank,DEV-15049,CLR,N,0
TXN-000734,2026-08-06T19:51:00,54.81,GHS,M-2019,restaurants,android,GHA,C-10442,1334.0,19,67.07,0,12,1,card,DEV-24433,CLR,Y,0
TXN-001785,2026-07-23T02:18:00,15.53,GHS,M-2039,restaurants,web,gh,C-10069,1338.0,20,7.66,0,4,1,momo,DEV-53019,CLR,Y,0
TXN-000527,13/08/2026 14:58,97.92,GHS,M-2062,,android,NGA,C-10602,,18,105.02,2,9,0,card,DEV-17520,CLR,Y,0
TXN-002535,05/09/2026 00:27,9.97,GHS,M-2005,other,android,gh,C-10172,1337.0,15,10.98,0,23,0,card,DEV-66949,CLR,N,0
TXN-000899,22/08/2026 11:33,70.45,GHS,M-2025,grocery,web,GHA,C-10057,,2,101.54,4,4,0,card,DEV-39880,CLR,Y,0
TXN-000378,28/08/2026 05:23,12.09,GHS,M-2070,grocery,pos,Ghana,C-10287,337.0,14,18.63,0,18,0,card,DEV-14061,CNF,N,0
TXN-002017,2026-08-27T05:01:00,30.43,GHS,M-2084,,web,ke,C-10065,6.0,20,46.66,0,4,0,momo,DEV-27190,CLR,N,0
TXN-002878,28/07/2026 18:10,45.66,GHS,M-2021,travel,android,GHA,C-10390,269.0,3,60.32,0,14,0,bank,DEV-53663,CLR,N,0
TXN-001695,07-21-2026,22.75,GHS,M-2012,RESTAURANTS,web,ng,C-10432,1568.0,34,31.09,0,10,0,momo,DEV-38309,CLR,N,0
TXN-000387,2026-08-16T08:16:00,22.60,GHS,M-2004,grocery,android,GH,C-10521,393.0,31,27.78,0,13,0,momo,DEV-35795,CLR,N,0
TXN-000199,2026-08-28T04:41:00,199.18,GHS,M-2061,crypto,ios,GH,C-10723,1180.0,4,99.97,0,1,1,momo,DEV-78770,CLR,Y,0
TXN-001051,2026-08-05 18:05:00,29.72,GHS,M-2076,,ios,Ghana,C-10636,554.0,33,44.78,0,22,0,momo,DEV-87729,CLR,N,0
TXN-000591,11/08/2026 10:53,49.70,GHS,M-2012,restaurants,web,GHA,C-10304,1677.0,25,48.66,0,11,1,momo,DEV-34242,CLR,Y,0
TXN-000520,2026-08-08T03:59:00,NA,GHS,M-2051,GROCERY,web,gh,C-10681,,3,30.42,0,13,0,card,DEV-57663,CLR,N,0
TXN-002177,2026-08-06T02:40:00,$40.74,USD,M-2046,Travel,ussd,NGA,C-10467,720.0,20,29.85,0,2,0,card,DEV-25140,CLR,N,0
TXN-002197,19/08/2026 09:36,9.74,GHS,M-2036,grocery,ios,KE,C-10323,4.0,38,14.45,0,13,0,card,DEV-66154,CLR,N,0
TXN-000430,2026-09-08T15:24:00,20.91 GHS,GHS,M-2046,travel,ios,GHA,C-10399,1164.0,10,11.08,0,9,0,bank,DEV-27933,CLR,N,0
TXN-001084,28/08/2026 04:34,,GHS,M-2007,telecom,web,Kenya,C-10305,616.0,2,49.9,0,3,0,momo,DEV-50596,CLR,N,0
TXN-000208,2026-08-11T05:43:00,30.45,GHS,M-2037,,ussd,Ghana,C-10109,0.0,21,33.1,0,,0,card,DEV-48379,CLR,Y,0
TXN-000492,11/08/2026 11:56,15.22 GHS,NGN,M-2090,grocery,web,gh,C-10319,788.0,22,14.7,0,21,0,bank,DEV-95930,ESC,N,0
TXN-002345,2026-09-10T00:34:00,23.92,GHS,M-2073,ELECTRONICS,pos,NGA,C-10088,6.0,4,28.04,0,11,0,momo,DEV-70394,CLR,N,0
TXN-003123,2026-07-18T08:43:00,37.77,GHS,M-2043,electronics,pos,GHA,C-10689,1352.0,13,17.01,0,11,0,card,DEV-56673,CLR,N,0
TXN-000793,2026-08-13 23:41:00,119.81,GHS,M-2050,Grocery,web,Ghana,C-10655,302.0,2,166.97,7,18,0,bank,DEV-72084,CLR,Y,0
TXN-002677,2026-09-02T23:56:00,23.44,USD,M-2027,grocery,ios,Ghana,C-10551,761.0,18,26.77,0,4,1,card,DEV-51420,CLR,Y,0
TXN-001187,02/08/2026 03:04,72.84,GHS,M-2015,electronics,android,GH,C-10599,572.0,24,48.7,0,17,0,bank,DEV-14506,CLR,N,0
TXN-001186,2026-08-16T09:04:00,27.20,GHS,M-2000,telecom,ios,Ghana,C-10386,709.0,29,25.55,2,,0,momo,DEV-47375,CLR,Y,0
TXN-002882,2026-08-23 22:12:00,54.85,GHS,M-2074,GROCERY,android,Ghana,C-10582,531.0,39,35.92,0,12,1,bank,DEV-23043,CLR,Y,0
TXN-001583,2026-08-17T10:53:00,47.09,GHS,M-2087,Gambling,android,GH,C-10559,125.0,18,47.61,0,5,0,momo,DEV-60759,CNF,Y,1
TXN-002400,2026-09-08T03:31:00,89.01,GHS,M-2060,restaurants,ios,Nigeria,C-10234,533.0,26,103.35,0,,0,card,DEV-36110,CLR,N,0
TXN-001981,2026-08-26T03:10:00,12.60,USD,M-2051,grocery,android,Ghana,C-10429,,18,16.85,0,2,0,bank,DEV-25998,CLR,N,0
TXN-001411,24/08/2026 08:07,18.27,GHS,M-2072,fuel,android,GH,C-10031,359.0,30,9.88,0,18,0,card,DEV-86340,CLR,N,0
TXN-001477,2026-08-04T01:24:00,17.30,GHS,M-2026, gambling ,ussd,KE,C-10223,,1,21.06,0,16,0,bank,DEV-69833,CLR,Y,0
TXN-000084,2026-09-03T13:51:00,3.00,GHS,M-2071,travel,web,Ghana,C-10151,1.0,13,4.3,0,17,0,bank,DEV-80421,CLR,N,0
TXN-002546,19/07/2026 19:24,16.63,GHS,M-2025,GROCERY,ios,NG,C-10230,1295.0,17,16.18,0,2,0,momo,DEV-38799,CLR,N,0
TXN-002416,20/07/2026 15:28,28.39,GHS,M-2075,,android,GHA,C-10455,1125.0,25,30.9,0,23,0,momo,DEV-99539,CLR,N,0
TXN-000021,2026-08-02 10:25:00,3.96,GHS,M-2014,gambling,web,NG,C-10588,2.0,32,2.02,0,15,0,bank,DEV-43693,CLR,Y,1
TXN-001621,2026-08-27T13:18:00,18.34 GHS,GHS,M-2008,GROCERY,android,GH,C-10485,1137.0,14,14.29,6,20,0,momo,DEV-35140,CLR,Y,0
TXN-001792,2026-07-23T14:37:00,73.58,GHS,M-2068,GROCERY,android,GH,C-10361,1220.0,20,42.13,5,3,0,bank,DEV-42511,CLR,Y,0
TXN-001831,2026-07-23T01:47:00,21.95,GHS,M-2021,travel,web,GHA,C-10386,709.0,12,12.19,5,21,0,momo,DEV-81167,CLR,Y,0
TXN-001406,02/09/2026 08:51,43.05,GHS,M-2063,Telecom,web,KE,C-10199,,15,50.35,7,8,1,card,DEV-71749,CLR,Y,0
TXN-002865,2026-08-15T05:09:00,12.95,GHS,M-2049,GROCERY,web,gh,C-10656,47.0,0,6.35,0,7,1,card,DEV-81146,CLR,Y,0
TXN-000250,2026-08-27T21:10:00,30.29,GHS,M-2006,telecom,android,GHA,C-10128,102.0,2,28.33,0,,0,momo,DEV-60885,CLR,N,0
TXN-002890,2026-07-27 10:47:00,47.17,GHS,M-2049,,ussd,Ghana,C-10563,1423.0,14,70.42,1,23,1,card,DEV-52980,CLR,Y,0
TXN-002463,23/08/2026 19:57,37.41,GHS,M-2067,electronics,android,GHA,C-10412,236.0,17,35.67,6,2,0,momo,DEV-27029,CLR,Y,0
TXN-000974,2026-07-27T13:20:00,67.68,USD,M-2083,Grocery,web,Kenya,C-10494,568.0,30,75.6,0,16,1,card,DEV-15320,CLR,Y,0
TXN-002995,09/09/2026 01:07,14.17,GHS,M-2022,,pos,KE,C-10200,1086.0,6,20.19,0,9,0,momo,DEV-69546,CLR,N,0
TXN-000884,03/09/2026 12:42,25.15,GHS,M-2046,travel,pos,GHA,C-10578,1.0,39,37.68,0,14,0,card,DEV-73643,ESC,N,0
TXN-001099,2026-08-14T19:17:00,$77.20,GHS,M-2047,electronics,android,Ghana,C-10330,10.0,23,92.5,0,10,0,momo,DEV-53693,CLR,N,0
TXN-000157,02/08/2026 02:44,59.35,GHS,M-2031,,android,gh,C-10665,1474.0,15,75.54,0,2,0,card,DEV-41320,CLR,N,0
TXN-003140,2026-09-06 02:39:00,98.56,GHS,M-2072,Fuel,pos,Ghana,C-10453,459.0,12,135.73,0,4,0,card,DEV-13466,CLR,N,0
TXN-000887,2026-09-06T19:55:00,10.60,GHS,M-2053,restaurants,ussd,Ghana,C-10113,438.0,0,5.13,0,2,0,bank,DEV-12815,CNF,N,1
TXN-002681,08/08/2026 12:49,6.90,GHS,M-2000, telecom ,web,ng,C-10592,190.0,11,9.88,1,19,0,card,DEV-18234,CLR,N,0
TXN-001867,2026-07-23T12:44:00,29.05,USD,M-2011,other,web,KE,C-10623,1442.0,21,31.63,0,11,0,momo,DEV-49527,CLR,N,0
TXN-001513,2026-09-05T12:33:00,37.75,NGN,M-2028,GROCERY,web,GHA,C-10028,477.0,38,45.96,0,3,0,momo,DEV-95669,CLR,N,0
TXN-002662,2026-07-28 16:39:00,25.33,GHS,M-2045,telecom,web,gh,C-10419,587.0,5,14.25,0,18,0,momo,DEV-42819,CLR,N,0
TXN-001757,19/08/2026 01:06,12.51,NGN,M-2065,Restaurants,ios,GH,C-10701,717.0,1,10.64,0,17,0,card,DEV-31521,CLR,N,0
TXN-002721,2026-09-07T06:54:00,28.22,GHS,M-2045,,ussd,NGA,C-10509,432.0,22,36.44,5,22,0,momo,DEV-89869,CNF,Y,1
TXN-002087,2026-07-19T09:39:00,43.59,GHS,M-2022,other,ios,Ghana,C-10006,0.0,32,67.46,0,,0,momo,DEV-59085,CLR,N,0
TXN-001727,2026-08-04T05:27:00,45.11,GHS,M-2017,grocery,ussd,GH,C-10137,11.0,25,45.28,0,19,0,momo,DEV-87793,CLR,N,0
TXN-001454,31/07/2026 07:20,$84.54,GHS,M-2032,electronics,android,Ghana,C-10730,1342.0,33,111.62,0,14,0,momo,DEV-36588,CLR,N,0
TXN-001506,08-19-2026,16.81,GHS,M-2075,,android,ke,C-10196,54.0,18,20.18,3,22,0,momo,DEV-66482,ESC,Y,0
TXN-002411,2026-08-01T23:08:00,114.29,NGN,M-2024,telecom,pos,Ghana,C-10277,578.0,35,83.87,0,12,0,momo,DEV-55343,CLR,N,0
TXN-002844,28/08/2026 21:15,88.31,NGN,M-2089,CRYPTO,web,GH,C-10453,459.0,4,44.72,0,19,0,momo,DEV-44427,CLR,Y,0
TXN-000459,03/08/2026 15:47,22.77,USD,M-2057,restaurants,ios,GH,C-10365,72.0,35,16.91,0,14,0,card,DEV-91070,CNF,N,1
TXN-002122,2026-09-10T10:32:00,15.54,GHS,M-2025,grocery,web,GH,C-10163,,3,14.91,5,18,0,card,DEV-10224,CLR,Y,0
TXN-000079,2026-07-28T13:45:00,23.17,GHS,M-2084,Grocery,android,Nigeria,C-10317,9.0,17,19.68,0,13,0,momo,DEV-49569,CLR,N,0
TXN-003125,2026-07-30T13:58:00,26.48,GHS,M-2059,grocery,android,Ghana,C-10110,42.0,1,30.03,0,10,0,card,DEV-99432,ESC,N,0
TXN-001057,2026-08-03 03:31:00,26,GHS,M-2029,restaurants,android,GHA,C-10391,1295.0,20,12.64,0,14,0,momo,DEV-74006,CLR,N,0
TXN-000907,2026-08-16T17:08:00,34.17,GHS,M-2002,fuel,android,ng,C-10509,432.0,36,42.06,0,20,0,card,DEV-16029,CLR,N,0
TXN-001836,2026-09-06 21:22:00,30.40 GHS,GHS,M-2064,restaurants,android,NGA,C-10260,9.0,33,42.61,0,17,0,card,DEV-38905,CLR,N,0
TXN-002382,2026-09-04T22:34:00, 50.24 ,NGN,M-2075,ELECTRONICS,android,gh,C-10456,115.0,21,50.11,0,3,0,card,DEV-34602,CLR,N,0
TXN-002893,2026-08-28T08:36:00,8.79,NGN,M-2029,restaurants,web,Kenya,C-10508,1259.0,29,9.45,0,15,0,momo,DEV-29647,CLR,N,0
TXN-000381,21/07/2026 19:39,16.89,GHS,M-2040,gambling,web,NGA,C-10228,962.0,23,21.14,0,21,0,momo,DEV-48993,CNF,Y,1
TXN-000948,08-31-2026,17.52,NGN,M-2045,Telecom,android,GH,C-10625,884.0,33,19.67,4,23,0,card,DEV-14563,CLR,Y,0
TXN-002094,2026-08-31T07:46:00,15.59,GHS,M-2012,restaurants,ios,ke,C-10199,372.0,26,14.3,1,5,0,momo,DEV-38599,CLR,N,0
TXN-002163,2026-09-05T02:42:00,24.07,NGN,M-2018,,web,Ghana,C-10146,243.0,31,23.23,0,19,0,momo,DEV-49226,CNF,N,1
TXN-000716,2026-09-01T09:17:00,26.21,GHS,M-2082,,ios,ng,C-10335,274.0,16,37.87,0,,0,bank,DEV-60742,CLR,N,0
TXN-002511,26/07/2026 20:43,139.58,GHS,M-2049,grocery,web,gh,C-10675,1354.0,39,215.85,0,20,0,bank,DEV-39264,CLR,N,0
TXN-000687,10/08/2026 04:25,8.65,USD,M-2009,gambling,web,gh,C-10213,323.0,38,10.55,2,22,0,card,DEV-21975,CNF,Y,0
TXN-002754,2026-07-28T12:03:00,61.14,GHS,M-2078,unk,ios,gh,C-10389,1011.0,38,40.55,0,13,0,bank,DEV-89933,CLR,N,0
TXN-001294,09-01-2026,24.46,NGN,M-2010,TRAVEL,android,NG,C-10070,11.0,14,33.25,0,0,0,momo,DEV-92657,CLR,N,0
TXN-000306,2026-09-09T10:15:00,19.24,GHS,M-2037,,web,GH,C-10553,1115.0,38,28.68,0,6,0,momo,DEV-48561,CLR,Y,0
TXN-000210,09-10-2026,40.40,GHS,M-2020,Telecom,web,gh,C-10109,,33,38.6,3,,0,momo,DEV-55687,CLR,Y,0
TXN-001744,2026-07-25 01:25:00,84.20,GHS,M-2084,Grocery,ussd,NGA,C-10232,599.0,23,130.49,3,5,0,momo,DEV-68114,CNF,Y,1
TXN-003178,2026-08-23T04:49:00,88.55,GHS,M-2095,,ios,gh,C-10253,237.0,17,107.42,0,,0,momo,DEV-42999,CLR,N,0
TXN-003191,30/08/2026 00:06,71.24,USD,M-2008,GROCERY,android,NG,C-10349,11.0,33,91.58,0,15,0,momo,DEV-65541,CLR,N,0
TXN-001906,26/08/2026 19:59,6.84,GHS,M-2068,grocery,ios,GHA,C-10158,638.0,26,7.65,0,5,0,momo,DEV-84839,CLR,N,0
TXN-000886,2026-08-24T17:36:00,99.72,GHS,M-2063,telecom,pos,gh,C-10312,1147.0,18,68.15,0,10,0,card,DEV-52238,CLR,N,0
TXN-001912,2026-08-23T12:59:00,44.22,GHS,M-2071,travel,android,gh,C-10053,1409.0,37,44.35,2,2,0,card,DEV-33049,CLR,Y,0
TXN-000918,24/07/2026 14:35,62.43,GHS,M-2045,TELECOM,web,Ghana,C-10210,320.0,16,57.99,0,16,0,momo,DEV-81063,CLR,N,0
TXN-001952,22/07/2026 21:06,43.51,GHS,M-2038,electronics,ussd,NGA,C-10203,217.0,2,53.13,6,0,0,momo,DEV-78938,CNF,Y,1
TXN-001946,08-12-2026,19.80,GHS,M-2027,grocery,web,GH,C-10002,1291.0,33,27.45,2,6,0,momo,DEV-20648,CLR,Y,0
TXN-000192,08-08-2026,46.14,GHS,M-2068,,android,Ghana,C-10605,92.0,19,37.44,0,20,1,card,DEV-71770,CLR,Y,0
TXN-002292,31/08/2026 10:46,NA,GHS,M-2028,,web,NGA,C-10618,,23,6.11,4,8,0,momo,DEV-97448,CLR,Y,0
TXN-002245,2026-08-02T07:04:00,61.08,GHS,M-2015,electronics,android,GHA,C-10066,5.0,19,49.94,3,11,0,bank,DEV-52521,CLR,Y,0
TXN-001266,26/08/2026 17:30,131.69,GHS,M-2085,grocery,ios,GH,C-10017,169.0,8,81.71,3,7,0,card,DEV-10413,CLR,Y,1
TXN-000484,2026-08-20T20:06:00,25.53,GHS,M-2078,restaurants,ios,Kenya,C-10094,907.0,20,18.04,0,22,0,card,DEV-53898,CLR,N,0
TXN-000916,06/08/2026 09:15,48.15,GHS,M-2007,telecom,web,Ghana,C-10251,782.0,30,56.1,0,22,0,card,DEV-62217,CLR,N,0
TXN-002789,2026-07-28 15:58:00,11.34,NGN,M-2080,Restaurants,android,NG,C-10201,1694.0,10,13.3,0,16,0,momo,DEV-16221,CLR,N,0
TXN-000278,2026-08-28T20:08:00,12.95,GHS,M-2074,Grocery,android,GH,C-10379,544.0,1,17.38,0,6,0,card,DEV-85968,ESC,N,1
TXN-000989,2026-08-10T19:35:00,86.02,NGN,M-2007,telecom,ussd,Nigeria,C-10160,1059.0,33,116.49,0,23,0,card,DEV-70322,CLR,N,0
TXN-002832,2026-08-12 07:14:00,19.69,GHS,M-2082,FUEL,android,gh,C-10670,982.0,6,28.65,0,17,0,momo,DEV-75483,CLR,N,0
TXN-001246,2026-08-06T07:54:00,26.80,GHS,M-2085,GROCERY,ussd,Kenya,C-10371,1349.0,16,29.59,0,14,0,card,DEV-28984,CLR,N,0
TXN-001905,09/08/2026 10:53,82.68,GHS,M-2049,Grocery,web,gh,C-10451,1098.0,3,45.92,5,1,0,momo,DEV-80080,CLR,Y,0
TXN-000572,21/08/2026 20:11,192.64,GHS,M-2094,electronics,ios,GHA,C-10115,178.0,35,119.43,0,18,0,card,DEV-13344,CLR,N,0
TXN-001436,09-11-2026,NA,GHS,M-2064,restaurants,ios,ke,C-10013,936.0,33,78.92,0,12,1,momo,DEV-96243,CLR,Y,0
TXN-000994,22/08/2026 01:54,31.81,NGN,M-2042,telecom,ussd,ng,C-10478,,12,36.13,0,8,0,momo,DEV-74227,CLR,N,0
TXN-002923,2026-08-31 02:25:00,43.93,GHS,M-2071,travel,pos,Ghana,C-10364,1050.0,30,66.63,0,13,0,momo,DEV-12882,CLR,N,0
TXN-001645,07/09/2026 10:35,12.91,GHS,M-2008,grocery,ios,NG,C-10290,256.0,19,11.59,3,23,0,momo,DEV-97606,CLR,Y,0
TXN-000586,2026-07-19 10:25:00,26.62,GHS,M-2035,grocery,android,GH,C-10546,515.0,5,16.44,0,10,0,momo,DEV-24565,ESC,N,0
TXN-003153,2026-08-04T11:48:00,,GHS,M-2041,fuel,web,GH,C-10180,2.0,8,43.21,4,0,0,momo,DEV-72067,CLR,Y,0
TXN-002289,2026-08-06T02:11:00,90.18,NGN,M-2051,grocery,ios,Ghana,C-10603,764.0,13,56.64,0,14,0,momo,DEV-83909,CNF,N,1
TXN-002878,28/07/2026 18:10,45.66,GHS,M-2021,travel,android,GHA,C-10390,269.0,3,60.32,0,14,0,bank,DEV-53663,CLR,N,0
TXN-001350,2026-08-23T21:09:00,50.13,GHS,M-2055,Telecom,pos,GHA,C-10400,724.0,32,50.59,0,7,0,momo,DEV-82908,CLR,N,0
TXN-001008,2026-08-12 08:19:00,4668.64,GHS,M-2009,GAMBLING,ios,gh,C-10715,1756.0,35,2442.26,0,19,0,momo,DEV-21522,CNF,Y,1
TXN-000675,2026-07-22 21:41:00, 26.18 ,GHS,M-2051,grocery,android,gh,C-10326,7.0,27,30.26,0,7,0,momo,DEV-60445,CLR,N,0
TXN-001980,2026-08-27T23:11:00,76.92,GHS,M-2062,restaurants,pos,Nigeria,C-10615,1478.0,15,53.62,0,13,0,momo,DEV-42827,CLR,N,0
TXN-000856,08-01-2026,98.08,GHS,M-2038,electronics,android,GH,C-10022,288.0,17,104.26,7,10,0,momo,DEV-98898,CLR,Y,0
TXN-000448,2026-08-26T16:18:00,103.72,GHS,M-2007,TELECOM,pos,GH,C-10373,1785.0,36,96.17,0,14,1,momo,DEV-55142,CLR,Y,0
TXN-002313,2026-08-14T21:36:00,26.14,GHS,M-2056,gambling,android,GHA,C-10408,11.0,12,22.52,0,20,0,card,DEV-10086,CLR,Y,0
TXN-001953,18/08/2026 09:27,14.18,GHS,M-2049, grocery ,web,KE,C-10129,0.0,16,14.6,0,4,1,card,DEV-24883,CLR,Y,0
TXN-002683,2026-08-03T18:27:00,27.17,USD,M-2034,gambling,web,GH,C-10631,1582.0,1,31.87,0,5,1,card,DEV-42692,CLR,Y,0
TXN-002432,2026-08-19T05:22:00,32.01,GHS,M-2039,restaurants,web,GHA,C-10734,667.0,28,42.05,0,12,0,momo,DEV-85797,ESC,N,0
TXN-002871,2026-08-23T14:13:00,22.31,NGN,M-2016,,ios,gh,C-10262,264.0,33,20.21,0,21,0,card,DEV-76545,CLR,N,0
TXN-002562,2026-09-06T10:32:00,29.35,GHS,M-2029,restaurants,android,GH,C-10672,1057.0,36,32.64,1,11,1,momo,DEV-50737,CLR,Y,0
TXN-002006,2026-08-20T09:28:00,13.29,GHS,M-2031,other,web,GHA,C-10701,717.0,25,7.66,0,12,1,momo,DEV-76967,CLR,Y,0
TXN-002867,2026-09-07T22:19:00,,GHS,M-2015, electronics ,android,gh,C-10036,438.0,15,5.12,3,13,0,bank,DEV-26800,CLR,Y,0
TXN-002673,2026-09-04 05:14:00,74.34,GHS,M-2038,,ios,NG,C-10349,11.0,30,72.87,0,15,0,momo,DEV-55275,CLR,N,0
TXN-001248,2026-09-07T04:05:00,14.49,GHS,M-2028, grocery ,ussd,Ghana,C-10490,725.0,5,9.07,0,21,0,card,DEV-96971,CLR,N,0
TXN-000295,2026-08-01T04:26:00,18.63,GHS,M-2043,,ussd,GH,C-10347,829.0,2,13.41,0,3,0,momo,DEV-54597,CLR,N,0
TXN-001548,2026-08-30T17:56:00,,NGN,M-2085,grocery,android,Ghana,C-10257,1714.0,31,26.34,0,22,0,card,DEV-28441,CLR,N,0
TXN-000589,2026-09-11 02:57:00,10.91,GHS,M-2015,electronics,pos,Nigeria,C-10727,1322.0,7,10.2,0,0,0,momo,DEV-52149,CLR,N,0
TXN-001282,08-29-2026,,NGN,M-2060, restaurants ,ios,Ghana,C-10485,,27,21.3,0,20,0,bank,DEV-18386,CLR,N,0
TXN-001672,2026-08-04T17:27:00,10.55,GHS,M-2047,electronics,android,Ghana,C-10407,226.0,10,6.46,0,8,0,card,DEV-20385,CLR,N,0
TXN-002887,2026-08-03 02:51:00,9.02 GHS,GHS,M-2045,telecom,web,NG,C-10260,9.0,12,5.69,1,16,0,card,DEV-21994,CNF,N,1
TXN-002884,25/08/2026 18:31,176.92,GHS,M-2028,GROCERY,ios,GH,C-10068,10.0,31,185.94,7,12,1,momo,DEV-91333,CNF,Y,1
TXN-002343,04/09/2026 03:04,6.10,GHS,M-2079,telecom,ussd,GHA,C-10310,97.0,27,8.76,0,5,0,bank,DEV-51655,CLR,N,0
TXN-001676,2026-08-02T19:29:00,13.19,GHS,M-2077,RESTAURANTS,android,GHA,C-10714,10.0,9,8.7,0,7,1,card,DEV-25954,CLR,Y,0
TXN-002426,2026-08-10T05:39:00,16.66,GHS,M-2045,unk,android,gh,C-10561,248.0,36,13.68,0,7,1,bank,DEV-41319,CLR,Y,0
TXN-001418,2026-07-21 02:52:00,40.67,USD,M-2041,fuel,ios,GHA,C-10587,-3.0,16,44.06,7,4,0,card,DEV-95208,CLR,Y,0
TXN-000426,2026-07-19T04:14:00,20.68,GHS,M-2077,restaurants,android,GHA,C-10636,554.0,24,28.31,4,5,0,momo,DEV-73634,CLR,Y,0
TXN-000535,08-05-2026,36,GHS,M-2006,telecom,web,GHA,C-10195,,8,53.18,0,19,1,card,DEV-42825,CLR,Y,0
TXN-001055,2026-08-27T22:24:00,39.42,NGN,M-2028,unk,ios,GHA,C-10150,,14,28.1,0,16,0,momo,DEV-92704,CLR,N,0
TXN-002437,21/08/2026 12:41,35.78,NGN,M-2043,Electronics,web,Nigeria,C-10343,574.0,39,46.0,0,16,0,momo,DEV-31109,CLR,N,0
TXN-002689,2026-07-19T10:35:00,36.75,GHS,M-2086,telecom,pos,ng,C-10211,,34,30.08,4,22,0,momo,DEV-35949,CLR,Y,0
TXN-001675,23/07/2026 07:15,41.53,NGN,M-2007,TELECOM,web,GH,C-10609,636.0,31,25.99,0,16,0,momo,DEV-35899,CLR,N,0
TXN-000133,2026-08-06 03:30:00,63.97,GHS,M-2056,gambling,android,ke,C-10713,1575.0,23,56.16,0,11,0,card,DEV-29428,CLR,Y,0
TXN-000007,2026-09-03T06:57:00,19.81,NGN,M-2016,RESTAURANTS,web,GHA,C-10417,35.0,27,10.5,0,22,0,momo,DEV-33372,CLR,N,0
TXN-002857,2026-07-19T00:25:00,37.06,GHS,M-2014,gambling,android,ng,C-10622,1286.0,13,37.5,6,17,0,momo,DEV-42991,CLR,Y,0
TXN-000422,27/08/2026 20:42,NA,NGN,M-2015,electronics,android,Ghana,C-10010,63.0,17,187.48,0,10,0,card,DEV-23800,CLR,N,0
TXN-003198,24/07/2026 10:09,56.22,GHS,M-2009,GAMBLING,web,gh,C-10485,1137.0,19,50.3,0,2,0,card,DEV-44031,CLR,Y,0
TXN-002737,2026-09-03 16:47:00,13.11,GHS,M-2090,grocery,ios,NGA,C-10126,6.0,0,13.77,0,2,0,momo,DEV-53682,CLR,N,0
TXN-002043,03/08/2026 00:25,10.06,GHS,M-2012,RESTAURANTS,web,Ghana,C-10038,616.0,3,10.67,0,11,0,card,DEV-65957,CLR,N,0
TXN-001369,2026-08-19T00:58:00,56.76,GHS,M-2064,restaurants,web,Nigeria,C-10337,1138.0,2,80.51,6,13,0,card,DEV-16596,CLR,Y,0
TXN-000557,2026-08-05T19:44:00,NA,USD,M-2026, gambling ,ios,GHA,C-10735,1278.0,11,62.94,1,23,1,card,DEV-40686,CLR,Y,0
TXN-002949,2026-09-11T15:28:00,27.56,GHS,M-2024,telecom,web,NGA,C-10020,1183.0,38,13.21,0,12,0,bank,DEV-55943,CLR,N,0
TXN-001745,28/08/2026 07:20,7.60,GHS,M-2054,telecom,android,GH,C-10645,785.0,16,10.1,0,0,0,card,DEV-82884,CLR,N,0
TXN-002875,28/07/2026 12:49,134.66,USD,M-2018,fuel,ussd,Ghana,C-10380,11.0,6,205.87,0,13,0,card,DEV-73826,CLR,N,0
TXN-001781,2026-09-11T14:51:00,21.54,GHS,M-2045,TELECOM,android,ke,C-10250,1485.0,32,25.86,0,23,0,momo,DEV-26144,CLR,N,0
TXN-000571,26/08/2026 00:47,44.37,USD,M-2077,restaurants,ios,NG,C-10552,721.0,19,31.8,0,22,0,card,DEV-32021,CLR,N,0
TXN-000353,2026-08-03T18:59:00,25,GHS,M-2015,electronics,web,ke,C-10081,710.0,0,24.69,0,13,0,bank,DEV-34553,CLR,N,0
TXN-000092,2026-08-28T04:28:00,10.20,USD,M-2047,electronics,android,gh,C-10150,,0,5.79,5,19,1,card,DEV-51086,CLR,Y,0
TXN-002285,2026-09-11T05:53:00,86.12,GHS,M-2070,grocery,android,GHA,C-10078,1676.0,6,123.58,0,9,0,card,DEV-30997,CLR,N,0
TXN-002720,2026-08-05 14:01:00,23.91,GHS,M-2078,restaurants,pos,GH,C-10630,1025.0,31,23.72,0,13,0,bank,DEV-62300,ESC,N,0
TXN-001171,2026-09-11T00:48:00,$9.45,GHS,M-2041,Fuel,android,GH,C-10034,1770.0,33,5.3,0,7,1,momo,DEV-43717,CLR,Y,0
TXN-001748,2026-07-23 23:12:00,29.29,GHS,M-2069,gambling,android,ng,C-10570,814.0,10,41.45,0,21,0,bank,DEV-84123,CLR,Y,0
TXN-001286,08/08/2026 18:08,32.34,GHS,M-2056,gambling,ios,GHA,C-10581,901.0,9,49.07,0,,0,momo,DEV-72973,CNF,Y,1
TXN-001992,21/07/2026 17:33,72.06 GHS,GHS,M-2043,electronics,ios,NG,C-10155,1772.0,3,77.6,0,20,0,bank,DEV-11697,CLR,N,0
TXN-001722,2026-08-03T23:00:00,70.96,GHS,M-2026,gambling,web,gh,C-10295,843.0,13,91.07,0,4,1,card,DEV-60917,CNF,Y,1
TXN-003103,2026-08-30 04:41:00,7.14,NGN,M-2081,travel,ios,gh,C-10726,453.0,23,3.47,0,14,0,momo,DEV-18769,CLR,N,0
TXN-001592,2026-09-03T00:18:00,18.94,GHS,M-2021,travel,ios,ng,C-10690,99999.0,17,13.58,2,21,0,card,DEV-77297,CLR,Y,0
TXN-002341,2026-07-27 05:05:00,,GHS,M-2030,telecom,ios,NGA,C-10342,1165.0,31,194.94,1,20,0,card,DEV-91183,ESC,N,0
TXN-000698,20/07/2026 07:41,10.24,NGN,M-2012,restaurants,android,GHA,C-10634,586.0,26,4.74,4,5,0,bank,DEV-31073,ESC,Y,0
TXN-003078,22/07/2026 13:40,38.40,GHS,M-2040,gambling,ios,GHA,C-10397,754.0,3,47.94,0,1,0,card,DEV-19725,CNF,Y,1
TXN-000349,2026-09-10T07:09:00, 14.63 ,GHS,M-2043,electronics,pos,GHA,C-10662,995.0,17,20.52,0,4,0,card,DEV-40208,CLR,N,0
TXN-001833,08/09/2026 21:59,,GHS,M-2077, restaurants ,ios,NGA,C-10673,463.0,20,6.56,0,3,0,momo,DEV-19274,CLR,N,0
TXN-002951,02/09/2026 21:05,74.53,NGN,M-2074, grocery ,pos,Ghana,C-10413,1179.0,23,108.93,0,7,0,momo,DEV-60065,CLR,N,0
TXN-002611,2026-07-20T03:43:00,29.92,NGN,M-2025,grocery,ios,NG,C-10652,1344.0,38,29.47,3,11,0,momo,DEV-45419,ESC,Y,0
TXN-002334,2026-08-24T17:05:00,72.79,GHS,M-2004,grocery,web,GH,C-10487,601.0,23,36.55,0,22,0,card,DEV-64906,CLR,N,0
TXN-001138,2026-08-20T04:41:00,12.50,GHS,M-2044,fuel,ios,gh,C-10463,1233.0,3,14.41,0,11,0,card,DEV-56936,CLR,N,0
TXN-002452,29/08/2026 15:13,197.53,NGN,M-2068,grocery,pos,gh,C-10352,131.0,26,303.44,0,13,0,card,DEV-92118,CLR,N,0
TXN-001704,15/08/2026 12:18,27.79,GHS,M-2000,telecom,web,Nigeria,C-10283,720.0,17,39.7,0,,0,momo,DEV-23376,CLR,N,0
TXN-003043,2026-09-01T10:52:00,63.55,NGN,M-2039,restaurants,ios,GHA,C-10388,1609.0,30,75.65,4,20,0,card,DEV-24402,CLR,Y,0
TXN-003027,2026-08-27 19:00:00,37.00,GHS,M-2063,telecom,ios,Nigeria,C-10237,8.0,38,54.43,3,3,0,momo,DEV-34082,CLR,Y,0
TXN-001340,21/08/2026 13:38,90.97,GHS,M-2034,gambling,android,Ghana,C-10098,608.0,19,51.65,0,11,0,momo,DEV-65934,CLR,Y,0
TXN-002674,07-28-2026,64.20,NGN,M-2090,GROCERY,ussd,Kenya,C-10580,438.0,33,94.12,0,,0,card,DEV-64939,ESC,N,0
TXN-000454,29/08/2026 03:57,20.12,NGN,M-2006,telecom,ios,GHA,C-10525,1549.0,28,26.16,0,11,0,bank,DEV-96261,CLR,N,0
TXN-000914,01/09/2026 15:45,3.70,GHS,M-2070,grocery,pos,Ghana,C-10184,674.0,25,3.45,1,0,0,card,DEV-88877,CLR,N,0
TXN-002171,2026-08-21T22:44:00,29.81,GHS,M-2090,grocery,ussd,Ghana,C-10537,248.0,15,19.77,7,7,0,momo,DEV-58836,CLR,Y,0
TXN-001200,03/09/2026 00:37,43.56,GHS,M-2032,ELECTRONICS,ios,NG,C-10639,121.0,38,53.67,0,20,0,card,DEV-13845,CLR,N,0
TXN-001275,18/07/2026 14:05,$8.10,GHS,M-2024,telecom,ios,GHA,C-10697,315.0,25,9.06,0,4,0,momo,DEV-92866,CLR,N,0
TXN-002105,2026-09-05 22:37:00,75.81,NGN,M-2007,,web,gh,C-10265,997.0,8,45.69,3,10,0,momo,DEV-77278,CLR,Y,0
TXN-000038,22/07/2026 09:50,35.07,GHS,M-2065,RESTAURANTS,android,gh,C-10429,1202.0,29,23.7,0,16,0,card,DEV-46564,CLR,N,0
TXN-000975,21/08/2026 19:09,,NGN,M-2084,grocery,pos,Nigeria,C-10356,946.0,16,63.73,5,21,0,card,DEV-40077,CLR,Y,0
TXN-002974,2026-08-02 07:53:00,92.41,USD,M-2054,telecom,ios,GHA,C-10181,288.0,27,49.64,0,21,0,momo,DEV-68989,CLR,N,0
TXN-000984,2026-08-24 21:24:00,15.66,GHS,M-2086,telecom,android,GHA,C-10379,544.0,36,7.69,3,13,0,momo,DEV-20989,CLR,Y,0
TXN-001250,2026-07-22T20:56:00,35.37,GHS,M-2030,telecom,ussd,NG,C-10524,523.0,9,49.65,2,4,0,momo,DEV-90219,CLR,Y,0
TXN-002165,22/08/2026 05:28,12.16,NGN,M-2030,telecom,android,Ghana,C-10566,857.0,0,10.42,0,6,0,momo,DEV-55681,CLR,N,0
TXN-001419,2026-07-24T01:42:00,24.45,USD,M-2082,FUEL,android,Nigeria,C-10248,5.0,38,15.74,0,10,0,card,DEV-73982,CNF,N,0
TXN-001285,2026-08-06T05:22:00,15.65,GHS,M-2038,electronics,web,GHA,C-10630,1025.0,4,10.2,0,4,0,momo,DEV-78857,CNF,N,0
TXN-001926,09/09/2026 15:20,32.76,GHS,M-2022,other,web,gh,C-10177,4.0,34,42.89,6,2,0,bank,DEV-44092,CLR,Y,0
TXN-000040,2026-07-23T14:11:00,9.84,GHS,M-2014,GAMBLING,ios,gh,C-10463,1233.0,28,8.35,5,14,0,momo,DEV-90267,CNF,Y,1
TXN-001487,09-05-2026,25.45,NGN,M-2046,travel,web,GH,C-10134,15.0,5,30.02,0,22,0,momo,DEV-82318,CLR,N,0
TXN-002214,06/09/2026 22:34, 31.43 ,NGN,M-2032, electronics ,android,NGA,C-10356,946.0,36,18.54,0,3,0,momo,DEV-94014,CLR,N,0
TXN-000170,2026-08-15T07:38:00,21.76,GHS,M-2039,RESTAURANTS,ios,ng,C-10144,,35,29.9,0,17,0,bank,DEV-43237,CLR,N,0
TXN-001356,25/08/2026 01:01,40.16,USD,M-2080,Restaurants,web,Nigeria,C-10507,821.0,34,55.87,0,22,0,momo,DEV-78418,CLR,N,0
TXN-000738,2026-09-02 03:58:00,16.80,GHS,M-2030,Telecom,web,GHA,C-10072,378.0,2,16.41,0,14,0,card,DEV-71957,CLR,N,0
TXN-002669,2026-09-02 02:55:00,24.37,GHS,M-2020,telecom,ios,KE,C-10430,309.0,36,22.4,1,7,0,card,DEV-93326,CLR,N,0
TXN-002897,22/07/2026 20:55,20.87,GHS,M-2069,gambling,android,gh,C-10691,214.0,4,19.22,0,4,0,momo,DEV-33260,CLR,Y,0
TXN-001673,24/08/2026 01:43,7.19,NGN,M-2067,electronics,ios,ke,C-10305,616.0,39,4.36,0,6,0,bank,DEV-89729,CLR,N,0
TXN-001565,2026-08-27 08:41:00,21.49,GHS,M-2081,travel,pos,GHA,C-10206,1308.0,34,13.81,0,12,1,momo,DEV-72458,CLR,Y,0
TXN-002125,08-14-2026,20.87,GHS,M-2081,TRAVEL,ios,Ghana,C-10557,1765.0,2,15.04,0,5,1,momo,DEV-45122,CLR,Y,0
TXN-000635,15/08/2026 10:28,33.57,GHS,M-2029,restaurants,web,GH,C-10626,399.0,7,41.45,1,8,0,momo,DEV-75307,ESC,N,0
TXN-003072,2026-08-28T08:28:00,18.94,NGN,M-2035,grocery,ios,ng,C-10088,6.0,23,13.53,0,17,0,card,DEV-31164,CLR,N,0
TXN-002135,2026-07-18T06:34:00,145.03,NGN,M-2014,GAMBLING,web,Ghana,C-10220,1582.0,1,99.51,4,7,0,card,DEV-11523,CLR,Y,0
TXN-001641,2026-08-01 13:30:00,8.17,GHS,M-2094,electronics,android,Nigeria,C-10331,824.0,9,7.94,0,10,0,card,DEV-63241,CLR,N,0
TXN-001291,08-19-2026,35.64,USD,M-2076,electronics,android,ke,C-10685,,3,51.57,1,18,0,bank,DEV-83513,CLR,N,0
TXN-002972,31/07/2026 09:03,69.52,NGN,M-2052,telecom,web,Nigeria,C-10042,1159.0,0,32.9,0,,0,momo,DEV-32711,CLR,N,0
TXN-001381,2026-07-26 21:19:00,4.40,GHS,M-2010,travel,web,GH,C-10016,1691.0,19,2.32,2,7,0,bank,DEV-98216,CLR,Y,0
TXN-000580,2026-08-07T07:57:00,38.16,GHS,M-2016,,ios,GHA,C-10322,1357.0,20,28.98,3,7,0,card,DEV-77542,CLR,Y,0
TXN-000329,06/08/2026 09:24,18.74,GHS,M-2061,crypto,ios,Nigeria,C-10600,534.0,25,21.94,5,15,0,bank,DEV-88802,CNF,Y,1
TXN-003060,08-29-2026,43.70,GHS,M-2008,GROCERY,pos,Nigeria,C-10555,1679.0,39,39.99,0,17,1,card,DEV-52936,CLR,Y,0
TXN-000893,29/08/2026 14:45, 88.57 ,GHS,M-2052,telecom,android,GH,C-10244,507.0,3,61.74,0,0,0,momo,DEV-45852,CLR,N,0
TXN-001144,28/07/2026 20:10,NA,NGN,M-2011,other,android,GH,C-10439,1214.0,10,10.35,0,,1,momo,DEV-29246,CNF,Y,0
TXN-000781,2026-09-05 01:57:00,41.07,GHS,M-2090,grocery,ios,gh,C-10699,1481.0,7,36.19,0,1,0,card,DEV-23620,CLR,N,0
TXN-000160,2026-08-16T21:36:00,53.15,NGN,M-2038,Electronics,pos,ng,C-10324,994.0,5,68.55,0,19,1,card,DEV-76485,CLR,Y,0
TXN-001816,2026-07-20T02:35:00,45,GHS,M-2049,grocery,android,GHA,C-10244,507.0,36,36.12,6,22,1,card,DEV-14928,CLR,Y,0
TXN-001937,09/08/2026 06:23,18.58 GHS,GHS,M-2052,telecom,android,gh,C-10442,1334.0,2,19.68,0,4,0,momo,DEV-24118,CLR,N,0
TXN-002499,09-02-2026,8.31,GHS,M-2047,electronics,pos,Nigeria,C-10297,275.0,14,8.94,0,1,0,card,DEV-24501,CLR,N,0
TXN-000062,2026-09-08T15:36:00,$11.29,NGN,M-2019,restaurants,pos,gh,C-10378,310.0,4,11.68,0,19,0,card,DEV-29665,CLR,N,0
TXN-000850,2026-08-11T18:05:00,15.58,NGN,M-2066,restaurants,android,Ghana,C-10281,837.0,37,21.96,0,5,0,momo,DEV-90836,CLR,N,0
TXN-002293,31/07/2026 19:50,22,GHS,M-2051,grocery,pos,ke,C-10571,5.0,38,24.87,0,2,0,card,DEV-99702,CLR,N,0
TXN-003102,2026-07-30T01:39:00,6.94,NGN,M-2083,grocery,android,ng,C-10653,6.0,26,3.33,0,9,0,card,DEV-42212,CLR,N,0
TXN-001886,06/09/2026 06:28,81.00,NGN,M-2084,grocery,web,Ghana,C-10521,393.0,0,76.67,3,22,0,card,DEV-13736,CLR,Y,0
TXN-001597,2026-07-28 09:54:00,96.41,GHS,M-2076,,web,ng,C-10565,487.0,8,76.73,0,3,0,momo,DEV-94252,CLR,N,0
TXN-001044,31/08/2026 11:01,23.88,GHS,M-2033,travel,ios,gh,C-10006,,11,20.62,0,23,0,momo,DEV-96540,CLR,N,0
TXN-002680,29/07/2026 16:27,,GHS,M-2092,GAMBLING,web,gh,C-10484,796.0,30,31.58,0,12,0,card,DEV-81930,CLR,Y,0
TXN-001545,06/09/2026 05:06,11.30,GHS,M-2095,,ussd,Ghana,C-10131,466.0,25,11.28,0,20,0,card,DEV-62228,CLR,N,0
TXN-002145,2026-08-13T17:28:00,,NGN,M-2089,Crypto,android,KE,C-10308,1183.0,2,53.3,0,19,0,momo,DEV-74406,CLR,Y,0
TXN-002842,2026-08-17 01:43:00,17.49,NGN,M-2072,FUEL,pos,Nigeria,C-10555,1679.0,31,25.09,4,1,0,momo,DEV-76777,CLR,Y,0
TXN-001071,2026-08-03T18:55:00,$39.74,GHS,M-2041,fuel,ios,Ghana,C-10590,57.0,9,42.71,0,17,0,bank,DEV-90073,CLR,N,0
TXN-000054,2026-08-25T00:33:00,9.64,NGN,M-2080,RESTAURANTS,web,NGA,C-10331,824.0,4,13.21,0,22,0,momo,DEV-19710,CLR,N,0
TXN-002623,2026-08-06T01:42:00,,GHS,M-2014,gambling,ios,GHA,C-10310,97.0,28,32.35,3,13,0,momo,DEV-77295,CLR,Y,0
TXN-000259,2026-07-28T19:24:00,90.19,GHS,M-2043,electronics,ios,Ghana,C-10124,1756.0,26,112.82,5,12,0,bank,DEV-94366,CLR,Y,0
TXN-000506,07/09/2026 06:23,$30.23,NGN,M-2046,travel,web,GH,C-10566,857.0,10,34.51,6,23,0,card,DEV-67973,CLR,Y,0
TXN-000753,2026-07-23T01:32:00,18.50 GHS,GHS,M-2070,grocery,ios,NG,C-10249,9.0,19,14.19,0,,1,momo,DEV-88530,CLR,Y,0
TXN-002441,2026-08-22T23:55:00,250.51,GHS,M-2050,grocery,pos,KE,C-10457,3.0,8,355.27,0,16,1,momo,DEV-59100,ESC,Y,0
TXN-000218,28/07/2026 06:48,$45.20,GHS,M-2075,,web,GHA,C-10589,1798.0,7,27.13,0,0,0,card,DEV-26528,ESC,N,0
TXN-000825,2026-08-25 14:27:00,5.94,GHS,M-2003,TELECOM,pos,gh,C-10657,264.0,27,7.06,6,0,0,card,DEV-48613,CLR,Y,0
TXN-002158,2026-07-25 22:16:00,4.70,NGN,M-2031,,ios,GH,C-10629,259.0,27,3.78,0,13,1,momo,DEV-76274,CLR,Y,0
TXN-000160,2026-08-16T21:36:00,53.15,NGN,M-2038,Electronics,pos,ng,C-10324,994.0,5,68.55,0,19,1,card,DEV-76485,CLR,Y,0
TXN-002447,21/08/2026 14:13,206.37,NGN,M-2038,ELECTRONICS,web,NGA,C-10382,1286.0,23,157.64,0,,0,card,DEV-80072,ESC,N,0
TXN-001390,2026-07-22T01:58:00,$113.38,GHS,M-2029,RESTAURANTS,pos,NGA,C-10071,41.0,38,121.93,0,6,1,card,DEV-81706,CLR,Y,0
TXN-002687,29/07/2026 19:18,174.97,GHS,M-2012,restaurants,android,Kenya,C-10431,9.0,22,169.6,6,10,0,momo,DEV-79691,CLR,Y,0
TXN-001267,2026-09-07 03:04:00,26.04,GHS,M-2042,telecom,ussd,Nigeria,C-10273,214.0,39,28.51,3,19,1,momo,DEV-35283,CLR,Y,0
TXN-002648,2026-09-10T04:57:00,25.97,GHS,M-2089,Crypto,web,GHA,C-10135,866.0,39,26.12,0,14,0,card,DEV-42970,CLR,Y,0
TXN-002682,2026-09-08 21:33:00,19.10,NGN,M-2093,Travel,android,ke,C-10431,9.0,36,9.36,0,2,0,momo,DEV-30838,CLR,N,0
TXN-001599,2026-08-31 11:15:00,34.62,GHS,M-2042,Telecom,android,GH,C-10624,301.0,10,42.17,2,13,0,card,DEV-37111,CLR,Y,0
TXN-002869,30/07/2026 19:16,17.35,USD,M-2056,gambling,web,NG,C-10558,1138.0,28,19.26,0,19,0,momo,DEV-71583,CLR,Y,0
TXN-001608,22/08/2026 05:13,59.14,GHS,M-2001,unk,pos,NGA,C-10565,487.0,11,46.16,0,15,0,momo,DEV-11555,CLR,Y,0
TXN-002084,2026-08-12T22:15:00,15.11,GHS,M-2005,other,web,ke,C-10323,,9,9.65,4,12,0,card,DEV-15929,CLR,Y,0
TXN-000772,14/08/2026 13:06,136.14,GHS,M-2089,crypto,android,Kenya,C-10334,781.0,25,140.58,0,20,0,momo,DEV-21802,CLR,Y,0
TXN-003009,04/09/2026 10:19,27.55,GHS,M-2010,travel,web,Nigeria,C-10154,189.0,27,34.29,0,9,1,card,DEV-38099,CLR,Y,0
TXN-002961,10/08/2026 22:02,29.41,GHS,M-2029,restaurants,ios,Ghana,C-10212,,14,41.36,0,13,0,card,DEV-25956,ESC,N,0
TXN-001177,09-08-2026,63.76,NGN,M-2080,Restaurants,pos,Kenya,C-10013,936.0,7,33.1,1,19,0,card,DEV-47451,CLR,N,0
TXN-002881,08-05-2026,38.07,NGN,M-2050,grocery,web,GH,C-10086,1028.0,25,56.5,0,7,1,momo,DEV-74527,CLR,Y,0
TXN-001086,2026-07-30T23:53:00,41.08,NGN,M-2086,TELECOM,ios,ke,C-10502,,2,52.87,0,19,0,momo,DEV-80109,CLR,N,0
TXN-002009,2026-08-11T17:34:00,144.26,NGN,M-2017,grocery,web,Nigeria,C-10535,1510.0,29,130.1,2,2,0,card,DEV-55616,CLR,Y,0
TXN-001801,2026-09-05T05:44:00,,GHS,M-2065, restaurants ,pos,GH,C-10219,441.0,15,14.59,0,21,0,bank,DEV-32133,CLR,N,0
TXN-001326,27/07/2026 15:10,20.56,GHS,M-2094,ELECTRONICS,ussd,gh,C-10186,943.0,38,31.25,3,21,0,card,DEV-14999,CLR,Y,0
TXN-002282,2026-09-08T19:20:00,19.98,GHS,M-2032,electronics,android,Ghana,C-10729,1019.0,16,22.63,5,10,1,card,DEV-26770,CLR,Y,0
TXN-002609,14/08/2026 01:57,77.14,GHS,M-2068,Grocery,ios,GH,C-10215,744.0,38,58.25,0,15,0,momo,DEV-75968,CLR,N,0
TXN-002004,2026-08-05 16:36:00,6.68,GHS,M-2078,restaurants,web,NG,C-10382,1286.0,20,4.06,0,3,0,momo,DEV-56985,CLR,N,0
TXN-001928,30/08/2026 09:31,35.16,GHS,M-2010,travel,pos,gh,C-10645,785.0,24,25.92,0,3,1,bank,DEV-95834,CLR,Y,0
TXN-001404,08-13-2026,29.97,NGN,M-2010,TRAVEL,web,ke,C-10371,1349.0,36,38.02,1,3,1,card,DEV-76921,CLR,Y,0
TXN-001967,2026-07-23T23:26:00,9.23,NGN,M-2088,GROCERY,web,NG,C-10059,1627.0,32,6.15,0,7,0,bank,DEV-19903,CLR,N,0
TXN-001968,07-21-2026,3.50,GHS,M-2006,telecom,ios,GH,C-10216,110.0,37,3.25,0,2,1,momo,DEV-66182,CLR,Y,0
TXN-002045,2026-08-05T08:12:00,65.41,GHS,M-2066,restaurants,web,gh,C-10353,851.0,23,62.65,0,5,0,momo,DEV-79703,CLR,N,0
TXN-001164,2026-09-11T07:54:00,15.35,GHS,M-2080,,android,GH,C-10681,836.0,0,17.29,0,13,0,bank,DEV-14692,CLR,N,0
TXN-000964,29/08/2026 21:42,19.08,GHS,M-2026,gambling,ussd,Ghana,C-10709,807.0,17,18.28,0,16,0,momo,DEV-79267,ESC,Y,0
TXN-003112,26/07/2026 08:24,100.40,USD,M-2095,restaurants,android,Nigeria,C-10290,256.0,7,65.92,0,22,0,momo,DEV-56730,CLR,N,0
TXN-001948,2026-08-28T14:26:00,17.16,NGN,M-2052,telecom,web,GH,C-10564,448.0,2,13.21,0,15,0,card,DEV-56015,CLR,N,0
TXN-000399,04/09/2026 13:23,23.45,GHS,M-2036,GROCERY,web,ng,C-10331,824.0,17,20.45,0,14,1,card,DEV-46539,ESC,Y,0
TXN-000585,01/08/2026 11:35,9.19,NGN,M-2049,grocery,web,ng,C-10475,1684.0,23,11.27,5,2,0,card,DEV-21025,CLR,Y,0
TXN-000949,2026-08-17T21:22:00,20.48,GHS,M-2028,grocery,ios,Kenya,C-10614,11.0,5,29.04,3,9,0,momo,DEV-16957,CNF,Y,1
TXN-000705,2026-08-10 15:21:00,30.43,GHS,M-2055,telecom,ios,NGA,C-10182,192.0,5,23.82,0,6,0,card,DEV-18507,CLR,N,0
TXN-000432,2026-07-23T07:26:00,47.31,GHS,M-2004,grocery,android,Ghana,C-10043,1581.0,9,72.37,0,12,0,momo,DEV-68377,ESC,N,0
TXN-001689,17/08/2026 07:53,39.33,NGN,M-2050,GROCERY,android,GHA,C-10389,1011.0,17,22.33,0,18,0,momo,DEV-52560,CLR,N,0
TXN-000293,2026-07-18 17:16:00,6.81,NGN,M-2019,restaurants,ios,Ghana,C-10726,453.0,30,3.76,0,10,0,card,DEV-47005,CLR,N,0
TXN-000146,07-26-2026,,NGN,M-2043,electronics,android,Ghana,C-10267,373.0,24,33.61,0,22,0,card,DEV-27052,CLR,N,0
TXN-000324,2026-07-27T14:07:00,47.57,GHS,M-2005,OTHER,ios,GHA,C-10521,393.0,36,58.2,0,12,0,bank,DEV-58819,CLR,N,0
TXN-002779,2026-08-12T00:13:00,13.42,GHS,M-2088,grocery,android,GH,C-10660,483.0,9,19.41,0,16,0,bank,DEV-51479,CLR,N,0
TXN-002271,2026-08-06T23:22:00,38.20,GHS,M-2039,RESTAURANTS,android,Ghana,C-10037,381.0,21,54.12,0,20,0,momo,DEV-73038,CLR,N,0
TXN-001166,2026-07-30T08:43:00,21.23,GHS,M-2057, restaurants ,pos,KE,C-10571,5.0,4,32.79,3,16,0,card,DEV-21751,CLR,Y,0
TXN-001453,2026-08-10T15:24:00,56.24,GHS,M-2020,telecom,pos,ke,C-10371,1349.0,38,54.92,4,21,1,card,DEV-44096,CLR,Y,0
TXN-000003,29/08/2026 06:55,16.61 GHS,GHS,M-2021,travel,android,NGA,C-10600,534.0,24,10.33,0,23,0,bank,DEV-48322,CLR,N,0
TXN-001713,2026-09-04T12:40:00,26.71,GHS,M-2062,restaurants,android,Ghana,C-10049,1335.0,23,30.22,0,6,1,momo,DEV-30067,CLR,Y,0
TXN-000577,2026-07-29T12:47:00,2091.18,GHS,M-2062,restaurants,ios,NG,C-10144,1.0,17,1928.4,5,20,0,momo,DEV-60191,CLR,Y,0
TXN-002475,2026-07-28T07:47:00,7.42,GHS,M-2094,electronics,pos,Ghana,C-10635,276.0,28,11.06,0,7,0,momo,DEV-40430,CLR,N,0
TXN-000340,26/08/2026 21:39,26.20,GHS,M-2027,GROCERY,web,GH,C-10258,160.0,37,15.39,7,4,0,card,DEV-33983,CNF,Y,1
TXN-001383,08-07-2026,92.38,GHS,M-2092,gambling,android,gh,C-10381,6.0,25,57.66,0,,0,card,DEV-53853,CLR,Y,0
TXN-001861,2026-08-16T01:33:00,37.78,GHS,M-2035,GROCERY,web,GHA,C-10465,41.0,1,50.72,0,13,1,card,DEV-71239,CLR,Y,0
TXN-000926,2026-08-24T14:06:00,105.11,GHS,M-2047,Electronics,ios,GHA,C-10242,10.0,9,145.25,0,15,1,momo,DEV-68380,ESC,Y,0
TXN-000266,2026-08-16T20:30:00, 4.35 ,GHS,M-2051,Grocery,android,NGA,C-10435,249.0,2,6.45,3,21,0,momo,DEV-67915,CLR,Y,0
TXN-000377,2026-07-29T20:13:00,11.51,GHS,M-2066,RESTAURANTS,ios,GH,C-10109,0.0,29,17.19,0,17,0,card,DEV-37217,ESC,N,0
TXN-002520,08-29-2026,38.65,GHS,M-2065,restaurants,web,GH,C-10322,1357.0,4,34.28,7,4,0,momo,DEV-42700,CLR,Y,0
TXN-001772,08-19-2026,147.29,GHS,M-2027,grocery,pos,Ghana,C-10353,851.0,9,172.82,0,4,0,card,DEV-74823,CLR,N,0
TXN-001464,2026-07-31 12:44:00,42.76,USD,M-2070,grocery,web,Ghana,C-10095,841.0,4,40.15,0,11,0,card,DEV-20516,CLR,N,0
TXN-000272,2026-08-05T06:36:00,22.61,GHS,M-2063,telecom,android,GHA,C-10693,154.0,5,31.71,0,9,0,momo,DEV-30185,CLR,N,0
TXN-000697,2026-08-27T20:14:00,13.67,NGN,M-2008,grocery,web,KE,C-10431,9.0,24,17.87,0,,0,momo,DEV-30190,CLR,N,0
TXN-003189,2026-09-08T03:54:00,67.47,GHS,M-2048,restaurants,web,GHA,C-10493,1662.0,10,68.39,6,15,0,card,DEV-73347,CLR,Y,0
TXN-000245,24/07/2026 18:26,5.52,GHS,M-2023,fuel,ussd,GH,C-10135,866.0,30,5.56,0,,0,card,DEV-16568,CLR,N,0
TXN-003020,08-19-2026,9.15,USD,M-2012,restaurants,pos,GHA,C-10461,719.0,23,13.61,0,9,1,card,DEV-69248,CLR,Y,0
TXN-000477,2026-09-05 02:42:00,131.87,GHS,M-2000,telecom,android,GHA,C-10736,835.0,7,141.68,0,7,0,momo,DEV-30985,CLR,N,0
TXN-003039,2026-08-29T21:38:00,,NGN,M-2079,telecom,android,GH,C-10338,,17,14.65,0,8,0,momo,DEV-73014,CLR,N,0
TXN-002013,2026-09-06T23:35:00,10,GHS,M-2020,,web,GHA,C-10638,505.0,28,11.93,1,12,0,card,DEV-82033,ESC,N,0
TXN-000814,28/07/2026 19:27,94.46,GHS,M-2013,FUEL,pos,GH,C-10686,8.0,6,52.64,0,2,0,momo,DEV-27056,CLR,N,0
TXN-001963,2026-08-20T04:42:00,,USD,M-2083,grocery,ussd,Ghana,C-10049,1335.0,26,30.66,0,21,0,card,DEV-28843,CLR,N,0
TXN-001986,2026-08-09T04:13:00,47.03,GHS,M-2067,,android,Ghana,C-10227,610.0,31,35.52,0,22,0,card,DEV-40896,CLR,N,0
TXN-002724,2026-08-05 20:32:00,91.93,NGN,M-2017,grocery,android,GH,C-10018,1389.0,21,58.06,0,23,0,card,DEV-25998,CLR,N,0
TXN-002989,23/07/2026 12:06,37.58,GHS,M-2055,telecom,web,KE,C-10506,1127.0,37,30.94,0,21,0,momo,DEV-98539,CLR,N,0
TXN-003167,2026-08-10T12:57:00,89.96,GHS,M-2081, travel ,android,GH,C-10498,37.0,33,92.42,0,16,0,card,DEV-48753,ESC,N,1
TXN-001165,2026-08-27T14:51:00,20.44,GHS,M-2010,travel,android,Ghana,C-10353,851.0,21,19.42,0,13,0,card,DEV-58921,CLR,N,0
TXN-001805,2026-08-08 15:48:00,20.11,GHS,M-2062,restaurants,ios,GH,C-10272,684.0,32,28.88,0,16,0,card,DEV-21568,CLR,N,0
TXN-002336,07-19-2026,56.70,GHS,M-2056,gambling,web,GHA,C-10041,2.0,39,85.91,0,14,0,momo,DEV-72139,CLR,Y,0
TXN-000251,2026-08-04T19:03:00,45.08,GHS,M-2042,telecom,web,Ghana,C-10497,1760.0,33,49.08,0,21,0,bank,DEV-92353,CLR,N,0
TXN-000414,2026-07-29T07:51:00,26.98,GHS,M-2006,unk,web,NG,C-10673,463.0,25,37.98,0,7,1,momo,DEV-54784,CLR,Y,0
TXN-000546,28/08/2026 16:28,22.96,USD,M-2093,travel,ios,GHA,C-10428,1643.0,18,20.68,0,23,0,card,DEV-80017,CLR,N,0
TXN-001194,27/08/2026 06:59,10.65,NGN,M-2068,GROCERY,web,GHA,C-10459,1757.0,37,15.87,0,14,0,momo,DEV-96889,CLR,N,0
TXN-000739,2026-08-16 16:18:00,46.32,GHS,M-2006,telecom,ios,GH,C-10210,320.0,2,40.55,0,7,0,momo,DEV-42276,CLR,N,0
TXN-000311,09/08/2026 05:01,,NGN,M-2004,grocery,ios,gh,C-10472,652.0,33,28.45,0,,0,momo,DEV-78747,CLR,N,0
TXN-002347,10/08/2026 23:17,12.23,USD,M-2048,restaurants,web,NG,C-10071,41.0,14,10.97,6,21,0,momo,DEV-74828,CLR,Y,0
TXN-000894,2026-08-23 20:25:00,31.50 GHS,GHS,M-2090,,ios,GH,C-10705,246.0,23,36.59,0,22,1,card,DEV-58744,ESC,Y,0
TXN-001132,01/08/2026 05:22,25.38,GHS,M-2071,travel,android,gh,C-10499,1340.0,25,35.54,0,2,0,card,DEV-63959,CLR,N,0
TXN-001450,2026-09-01T09:53:00,,GHS,M-2024,telecom,web,Ghana,C-10006,0.0,1,20.75,0,20,1,momo,DEV-67522,CNF,Y,1
TXN-003118,2026-09-05T11:06:00, 30.19 ,GHS,M-2008,grocery,web,GHA,C-10416,549.0,26,35.62,0,4,0,momo,DEV-66220,ESC,N,0
TXN-000016,2026-09-09T07:31:00,$14.36,USD,M-2002,fuel,ios,Kenya,C-10094,907.0,24,15.06,0,7,1,card,DEV-22049,CLR,Y,0
TXN-002154,2026-09-01T00:52:00, 38.29 ,GHS,M-2077,restaurants,android,NG,C-10722,851.0,12,20.53,0,5,0,momo,DEV-76670,CLR,N,0
TXN-000722,2026-08-07T18:01:00,20.30,GHS,M-2045,,web,Ghana,C-10115,178.0,20,10.88,2,11,0,momo,DEV-19643,CLR,Y,0
TXN-001421,2026-08-06T08:36:00,14.94,GHS,M-2028,grocery,web,gh,C-10730,1342.0,37,12.68,0,13,0,momo,DEV-71165,CLR,N,0
TXN-002827,2026-08-11T07:50:00,4644.95,GHS,M-2004,grocery,ios,NGA,C-10059,1627.0,37,6869.32,0,3,0,momo,DEV-96218,CLR,Y,0
TXN-000982,2026-09-11T04:04:00,68.37,NGN,M-2017,grocery,android,ke,C-10716,1720.0,15,36.55,0,14,0,momo,DEV-41212,CLR,N,0
TXN-002738,2026-09-04 22:44:00,85.50,GHS,M-2001,GAMBLING,ios,GHA,C-10413,1179.0,27,70.39,0,17,0,card,DEV-57828,CLR,Y,0
TXN-001540,23/08/2026 19:39,30.62,NGN,M-2068,grocery,web,NG,C-10082,1127.0,1,43.19,3,19,0,bank,DEV-41226,CLR,Y,0
TXN-002717,2026-07-29T08:32:00,189.48,GHS,M-2051,grocery,pos,ke,C-10291,1472.0,32,258.47,0,4,0,card,DEV-35173,CLR,N,0
TXN-001551,2026-08-26 22:49:00,15.69,GHS,M-2079,,web,GHA,C-10686,,5,17.63,0,15,1,momo,DEV-62343,CLR,Y,0
TXN-002601,2026-07-27T13:58:00,52.65,USD,M-2075,electronics,ios,NGA,C-10530,70.0,9,36.56,0,6,1,bank,DEV-75861,CLR,Y,0
TXN-000364,09-01-2026,22.51,NGN,M-2077,restaurants,ios,ng,C-10139,1174.0,33,29.0,0,23,0,momo,DEV-37515,CLR,N,0
TXN-000983,2026-08-12T04:00:00,196.39,NGN,M-2053,restaurants,ios,GHA,C-10712,330.0,16,270.81,0,1,1,momo,DEV-10886,CLR,Y,0
TXN-000183,09-04-2026,24.37,GHS,M-2006,telecom,ios,Ghana,C-10453,459.0,21,16.37,6,1,0,momo,DEV-59350,CLR,Y,0
TXN-000986,2026-07-28T15:13:00,115.88,GHS,M-2043,electronics,android,NGA,C-10435,249.0,17,176.51,0,9,0,bank,DEV-32679,CLR,N,0
TXN-002179,25/08/2026 04:48,51.81,GHS,M-2086,TELECOM,android,NGA,C-10560,1689.0,29,35.94,0,4,0,momo,DEV-33267,CLR,N,0
TXN-001195,2026-09-02T19:29:00,12.92,GHS,M-2056,gambling,pos,Nigeria,C-10446,2.0,18,6.9,0,14,0,bank,DEV-25660,CLR,Y,0
TXN-002399,2026-09-06T21:56:00,12.96,GHS,M-2076,,web,Ghana,C-10377,1187.0,7,11.28,0,7,1,card,DEV-35587,CLR,Y,0
TXN-001961,2026-08-15T11:34:00,13.94,NGN,M-2020,telecom,android,gh,C-10024,843.0,16,7.3,0,15,0,card,DEV-39717,CLR,N,0
TXN-001122,2026-08-06T20:33:00,112.55,NGN,M-2093,travel,android,Nigeria,C-10595,1310.0,9,122.82,0,14,0,momo,DEV-92296,CLR,N,0
TXN-002412,2026-08-14 11:45:00,20.77,NGN,M-2005,,web,Ghana,C-10034,1770.0,6,15.17,0,20,0,card,DEV-73382,CLR,N,0
TXN-000188,2026-08-15T16:58:00,89.74,GHS,M-2014,,ios,gh,C-10636,554.0,14,62.84,2,2,0,card,DEV-93324,ESC,Y,1
TXN-000620,2026-08-06 02:42:00,,NGN,M-2011,other,pos,NG,C-10470,1732.0,35,42.51,0,20,0,card,DEV-18050,CLR,N,0
TXN-002250,16/08/2026 06:48,29.73,GHS,M-2013,fuel,android,Ghana,C-10011,1432.0,7,27.39,0,6,0,card,DEV-36930,CLR,N,0
TXN-001176,08-21-2026,8.22,GHS,M-2036,,ussd,GHA,C-10265,997.0,32,8.56,0,15,0,momo,DEV-83571,CLR,N,0
TXN-001183,16/08/2026 20:25,96.22,USD,M-2001,GAMBLING,pos,Ghana,C-10451,1098.0,33,44.09,0,16,0,card,DEV-50821,CLR,Y,0
TXN-002561,2026-08-10T19:45:00,212.03,GHS,M-2017,Grocery,web,gh,C-10649,62.0,14,277.52,0,5,0,momo,DEV-53674,CLR,N,0
TXN-002368,15/08/2026 02:55,63.92,GHS,M-2040,gambling,pos,gh,C-10215,744.0,24,61.63,0,21,0,momo,DEV-50067,CLR,Y,0
TXN-000615,2026-07-31T15:22:00, 24.37 ,GHS,M-2076,ELECTRONICS,web,gh,C-10589,1798.0,18,23.71,1,1,0,momo,DEV-84839,CLR,N,0
TXN-001514,2026-08-13T07:17:00,31.76,GHS,M-2056,gambling,web,GH,C-10417,35.0,0,19.81,0,1,0,momo,DEV-58604,CNF,Y,1
TXN-001467,2026-08-27T00:19:00,11.07,GHS,M-2033,travel,ussd,gh,C-10633,172.0,36,11.26,0,6,0,card,DEV-27219,CLR,N,0
TXN-000402,2026-07-19T17:53:00,53.23,GHS,M-2057,restaurants,ios,NG,C-10204,419.0,15,28.33,0,11,0,card,DEV-75743,CLR,N,0
TXN-000995,2026-08-24T15:52:00,16.39,GHS,M-2030,,ios,Ghana,C-10319,788.0,18,16.05,0,22,1,card,DEV-42535,CLR,Y,0
TXN-000935,2026-09-10T08:45:00,24.70,GHS,M-2024,telecom,web,Ghana,C-10330,10.0,24,28.43,0,13,0,momo,DEV-97036,CLR,N,0
TXN-000372,09-07-2026,NA,GHS,M-2026,gambling,android,NG,C-10555,1679.0,15,32.21,0,9,0,bank,DEV-73156,CLR,Y,0
TXN-000706,2026-08-07T10:19:00,20.57,GHS,M-2052, telecom ,android,Ghana,C-10572,1279.0,21,15.92,0,7,0,momo,DEV-88117,CLR,N,0
TXN-002331,2026-09-03T14:24:00,,GHS,M-2009,GAMBLING,android,Ghana,C-10039,845.0,19,15.62,0,18,1,bank,DEV-63876,CLR,Y,0
TXN-000594,2026-08-09T22:24:00,33.65 GHS,GHS,M-2023,,ussd,gh,C-10179,455.0,10,26.63,0,13,0,card,DEV-88824,CNF,N,1
TXN-002131,2026-08-03T00:09:00,25.86,GHS,M-2017,grocery,android,NGA,C-10182,192.0,32,34.09,0,14,0,momo,DEV-49427,CLR,N,0
TXN-000727,07-24-2026,,NGN,M-2095,,ussd,GHA,C-10472,652.0,39,71.11,0,3,1,momo,DEV-30253,CLR,Y,0
TXN-000827,2026-08-22T09:39:00,132.97 GHS,NGN,M-2031,other,ios,Nigeria,C-10600,534.0,9,68.6,0,4,0,momo,DEV-51415,ESC,N,0
TXN-002958,25/08/2026 22:34,,GHS,M-2065,unk,ios,Ghana,C-10080,1131.0,35,10.58,0,4,1,momo,DEV-62335,CLR,Y,0
TXN-002944,2026-08-19T19:43:00,85.15,GHS,M-2068,grocery,android,GHA,C-10153,1622.0,22,86.07,0,22,0,momo,DEV-54263,CNF,N,0
TXN-000688,2026-07-18 12:01:00,122.81,GHS,M-2015,electronics,web,KE,C-10313,1428.0,23,129.61,0,21,1,bank,DEV-88177,CLR,Y,0
TXN-002383,2026-08-30T17:30:00,6.70,USD,M-2060,RESTAURANTS,android,GHA,C-10473,799.0,2,9.87,7,8,0,card,DEV-93232,CNF,Y,1
TXN-000137,08/08/2026 19:06,42,GHS,M-2007,telecom,web,GH,C-10641,95.0,34,32.8,0,21,0,momo,DEV-51553,CLR,N,0
TXN-002630,2026-08-22T08:33:00,42.52,GHS,M-2064,restaurants,android,gh,C-10674,589.0,27,54.75,0,2,0,card,DEV-19937,CLR,N,0
TXN-000629,25/08/2026 22:37,99.24 GHS,GHS,M-2003,telecom,android,gh,C-10698,79.0,17,65.68,0,20,0,card,DEV-48653,CLR,N,0
TXN-000335,2026-08-04T04:01:00,18,GHS,M-2062,,android,GHA,C-10340,275.0,2,24.16,0,12,1,momo,DEV-35297,CNF,Y,0
TXN-001806,2026-07-24T08:49:00,90.58,NGN,M-2006,TELECOM,pos,GH,C-10402,1253.0,0,133.22,0,16,0,momo,DEV-97856,CLR,N,0
TXN-000391,2026-09-01 17:12:00,$53.32,USD,M-2073,electronics,ios,Nigeria,C-10356,946.0,38,50.86,0,17,0,bank,DEV-12600,CLR,N,0
TXN-002484,10/08/2026 02:56,$36.53,GHS,M-2084,GROCERY,web,GHA,C-10262,264.0,21,41.7,0,18,0,momo,DEV-67298,CLR,N,0
TXN-001110,2026-09-09T08:43:00,70.84,GHS,M-2054,,pos,ng,C-10082,1127.0,23,90.31,0,3,0,card,DEV-45249,CLR,N,0
TXN-002029,2026-09-01T02:21:00,,GHS,M-2006,telecom,pos,ng,C-10315,381.0,0,5.54,0,19,0,card,DEV-37236,CLR,N,0
TXN-001818,2026-07-17T23:51:00,9.79,GHS,M-2007,TELECOM,android,gh,C-10180,2.0,5,11.67,4,3,0,momo,DEV-47490,CLR,Y,0
TXN-002896,2026-08-18T11:55:00,28.93,NGN,M-2079,telecom,web,Ghana,C-10428,1643.0,17,20.31,0,4,0,bank,DEV-58088,ESC,N,0
TXN-000711,2026-08-06 21:59:00,16.17,GHS,M-2092,gambling,web,GH,C-10387,725.0,3,12.54,0,8,0,card,DEV-67472,CLR,Y,0
TXN-001040,07-20-2026,210.50,GHS,M-2024, telecom ,ios,Ghana,C-10472,652.0,8,179.93,0,15,1,momo,DEV-20115,CLR,Y,0
TXN-002207,01/09/2026 08:03,7.87,GHS,M-2088,grocery,android,GHA,C-10399,1164.0,25,8.14,0,16,0,card,DEV-67175,CLR,N,0
TXN-002927,2026-08-17 08:33:00,69.68,NGN,M-2026,gambling,web,gh,C-10440,1645.0,11,71.05,0,2,0,card,DEV-52435,CNF,Y,1
TXN-002785,2026-08-13 13:09:00,42.27,USD,M-2006,Telecom,android,GHA,C-10410,584.0,10,61.69,6,12,1,momo,DEV-18678,CLR,Y,0
TXN-001562,2026-08-22 10:30:00,51.29,GHS,M-2054,telecom,ussd,NG,C-10610,582.0,21,74.37,0,12,0,card,DEV-43346,CLR,N,0
TXN-003046,2026-08-13 21:12:00,106.80,GHS,M-2020,,web,GH,C-10387,725.0,16,157.55,0,8,0,momo,DEV-30233,ESC,N,0
TXN-002959,07/09/2026 20:12,141.86,GHS,M-2049,grocery,web,Nigeria,C-10683,,6,185.5,0,23,0,momo,DEV-39518,CLR,N,0
TXN-001595,2026-09-02T02:23:00,21.91,USD,M-2069,gambling,web,GH,C-10572,1279.0,10,33.75,2,1,0,momo,DEV-60412,CLR,Y,0
TXN-003055,07-30-2026, 97.78 ,GHS,M-2063,telecom,pos,gh,C-10412,236.0,16,52.95,0,3,0,momo,DEV-87506,CLR,N,0
TXN-002707,2026-08-30T18:41:00,28.59,NGN,M-2056,gambling,web,Ghana,C-10730,1342.0,27,36.32,3,19,0,card,DEV-71581,CNF,Y,1
TXN-001113,08-15-2026, 20.30 ,GHS,M-2068,grocery,android,Ghana,C-10485,1137.0,28,11.74,5,23,0,momo,DEV-85929,CLR,Y,0
TXN-000466,2026-08-20T09:00:00,41.70,GHS,M-2053,restaurants,ios,NGA,C-10475,1684.0,32,32.05,0,,1,card,DEV-71713,CLR,Y,0
TXN-001561,2026-07-29 07:49:00, 15.48 ,GHS,M-2061,CRYPTO,web,ng,C-10202,735.0,6,12.45,0,11,0,card,DEV-34183,CLR,Y,0
TXN-001224,2026-07-31T01:14:00,11.90,GHS,M-2027,grocery,android,NG,C-10646,1531.0,27,8.65,1,,0,card,DEV-35962,CLR,N,0
TXN-002156,2026-09-10T03:58:00,21.07,GHS,M-2092,gambling,android,NGA,C-10101,709.0,28,15.67,0,12,1,momo,DEV-98317,CLR,Y,0
TXN-003182,2026-07-31T11:24:00,35.69,GHS,M-2061,CRYPTO,web,GH,C-10427,444.0,18,47.9,6,13,0,momo,DEV-87752,CNF,Y,1
TXN-002523,11/08/2026 04:13,14.62,GHS,M-2077,RESTAURANTS,web,Ghana,C-10493,1662.0,34,14.23,1,23,0,card,DEV-42179,CLR,N,0
TXN-001509,2026-08-23T13:23:00,16.30,GHS,M-2072,fuel,android,GHA,C-10666,,37,9.72,7,23,0,momo,DEV-62727,CLR,Y,0
TXN-001751,2026-07-19 23:38:00,75.60,GHS,M-2037,crypto,pos,Ghana,C-10064,905.0,12,93.03,0,3,0,bank,DEV-67715,CNF,Y,1
TXN-001105,2026-08-12 17:37:00, 16.09 ,NGN,M-2082,Fuel,web,NG,C-10409,165.0,12,19.15,0,11,1,momo,DEV-48050,CLR,Y,0
TXN-000661,2026-07-24T22:07:00,12.17,GHS,M-2092,,web,gh,C-10226,1344.0,24,9.69,0,10,0,card,DEV-57104,CLR,Y,0
TXN-002883,2026-07-19T09:52:00,3.81,NGN,M-2030,telecom,android,GHA,C-10076,1448.0,2,2.18,0,2,0,momo,DEV-23109,CLR,N,0
TXN-000339,2026-07-27T09:36:00,3.57,GHS,M-2090,grocery,android,GHA,C-10551,761.0,11,4.76,0,14,0,bank,DEV-49380,CLR,N,0
TXN-000216,2026-08-02 09:08:00,30.01,NGN,M-2065,restaurants,android,ke,C-10488,1456.0,16,29.24,4,9,0,card,DEV-60519,CLR,Y,0
TXN-001616,2026-09-07T06:37:00,81.40,GHS,M-2073,electronics,android,ng,C-10329,,10,65.59,0,8,0,bank,DEV-76213,CLR,N,0
TXN-001342,2026-07-21 22:01:00,28.99,USD,M-2038,electronics,ios,ng,C-10401,616.0,38,43.07,0,2,0,card,DEV-43141,CLR,N,0
TXN-002701,2026-08-20T15:13:00,113.20,NGN,M-2008,grocery,android,GHA,C-10701,,1,102.48,0,1,0,card,DEV-91817,CLR,N,0
TXN-002532,11/08/2026 08:57,11.86,GHS,M-2022,other,android,Ghana,C-10341,1659.0,27,10.01,0,16,0,momo,DEV-16075,CLR,N,0
TXN-003011,2026-07-24T10:42:00,56.21,NGN,M-2043,ELECTRONICS,ios,ng,C-10434,1378.0,22,76.77,5,21,0,card,DEV-55190,CLR,Y,0
TXN-001847,2026-08-29T01:45:00,14.26,NGN,M-2032,electronics,web,GH,C-10068,10.0,38,9.35,0,5,0,momo,DEV-39653,CLR,N,0
TXN-001593,2026-08-05T03:25:00,26.26,GHS,M-2024,telecom,web,NGA,C-10232,599.0,14,38.44,0,4,0,momo,DEV-65230,CLR,N,0
TXN-002092,09/09/2026 02:37,11.47,GHS,M-2041,fuel,pos,GHA,C-10131,466.0,38,6.29,0,17,0,momo,DEV-61254,CLR,N,0
TXN-002239,08-21-2026,17.34,USD,M-2076,Electronics,ios,gh,C-10390,269.0,13,25.15,0,20,0,card,DEV-87670,CNF,N,0
TXN-002709,2026-09-01T18:10:00,37.91,GHS,M-2077,RESTAURANTS,ios,gh,C-10647,1394.0,32,38.66,2,10,0,card,DEV-12993,CLR,Y,0
TXN-000817,2026-07-29T14:44:00,17.70,GHS,M-2074,GROCERY,android,GHA,C-10352,131.0,23,13.59,6,17,0,momo,DEV-93795,ESC,Y,0
TXN-001068,2026-08-29 16:18:00,60.62,NGN,M-2036,grocery,android,GHA,C-10680,1285.0,30,60.43,0,0,0,bank,DEV-94641,CLR,N,0
TXN-002184,05/08/2026 08:58,8.90,USD,M-2074,,android,GHA,C-10650,608.0,0,5.18,0,22,0,card,DEV-47569,CLR,N,0
TXN-000275,2026-08-29T02:59:00,5.01,GHS,M-2058,grocery,web,GH,C-10736,835.0,24,6.58,0,8,0,card,DEV-34370,CNF,N,1
TXN-002417,2026-08-15T17:52:00,10.08,GHS,M-2041,fuel,android,NG,C-10236,65.0,39,6.47,1,,0,momo,DEV-44627,CLR,N,0
TXN-000866,01/09/2026 10:51,NA,GHS,M-2001,GAMBLING,android,Ghana,C-10302,1006.0,30,19.09,0,14,0,card,DEV-81949,CLR,Y,0
TXN-000102,25/08/2026 11:36,34.51,NGN,M-2089,,android,GH,C-10563,1423.0,24,27.27,0,17,0,card,DEV-66091,CLR,Y,0
TXN-001502,2026-07-29T09:57:00,,GHS,M-2022,other,ios,GH,C-10074,4.0,5,54.87,0,20,0,card,DEV-57884,CLR,N,0
TXN-002315,2026-07-29T13:27:00,25.38,GHS,M-2059,grocery,android,GH,C-10156,1105.0,22,33.99,0,20,0,card,DEV-40557,CLR,N,0
TXN-000172,2026-08-27T21:06:00,5.70,GHS,M-2037,CRYPTO,ios,NGA,C-10084,626.0,35,7.43,0,4,0,card,DEV-35976,CNF,Y,1
TXN-000108,23/07/2026 04:29,69.39,GHS,M-2083,,android,Kenya,C-10003,1770.0,16,48.27,7,10,0,card,DEV-67849,CLR,Y,0
TXN-002264,19/07/2026 11:41,23.92,GHS,M-2057,restaurants,pos,GH,C-10026,647.0,26,34.04,0,0,0,card,DEV-17913,CNF,N,1
TXN-001522,2026-07-24 01:14:00,94.98,GHS,M-2008,grocery,web,Ghana,C-10254,647.0,31,146.53,0,21,1,momo,DEV-85790,CLR,Y,0
TXN-001486,06/09/2026 18:36,83.58,GHS,M-2069,GAMBLING,web,NG,C-10342,1165.0,35,105.74,0,7,0,bank,DEV-16866,CLR,Y,0
TXN-001827,2026-08-10 09:49:00,104.51,GHS,M-2037,crypto,web,NG,C-10434,1378.0,20,119.11,3,14,0,momo,DEV-85733,CLR,Y,0
TXN-002370,27/08/2026 19:10,14.14,GHS,M-2058,grocery,ios,NG,C-10321,1150.0,32,16.18,3,19,0,card,DEV-29460,CLR,Y,0
TXN-002356,2026-07-28 22:50:00,42.72,GHS,M-2092, gambling ,pos,gh,C-10676,362.0,7,57.16,0,1,0,card,DEV-36969,CNF,Y,1
TXN-000042,2026-09-10T17:10:00, 66.28 ,GHS,M-2062,restaurants,ussd,NG,C-10084,626.0,31,65.26,0,23,0,momo,DEV-29946,CNF,N,1
TXN-002196,2026-09-06 09:13:00,NA,GHS,M-2051,,web,ke,C-10305,616.0,19,4.56,0,1,0,card,DEV-37056,ESC,N,1
TXN-002481,2026-07-25T17:54:00,8.70,NGN,M-2069,gambling,pos,Nigeria,C-10019,11.0,5,13.2,0,20,0,momo,DEV-59938,CLR,Y,0
TXN-002424,2026-08-10T23:42:00,105.39,GHS,M-2031,OTHER,web,Ghana,C-10080,1131.0,20,75.08,0,4,0,card,DEV-60492,ESC,N,0
TXN-002515,2026-08-06T02:34:00,29.18,GHS,M-2084,grocery,android,GHA,C-10301,,5,28.85,5,15,0,card,DEV-43851,ESC,Y,0
TXN-002764,2026-08-16T09:21:00,24.19,GHS,M-2003,TELECOM,android,gh,C-10186,943.0,28,23.9,0,5,0,momo,DEV-47220,CLR,N,0
TXN-001041,2026-09-05T17:26:00,24.03,GHS,M-2043,electronics,android,KE,C-10431,9.0,25,20.15,0,17,0,card,DEV-27165,CLR,N,0
TXN-000296,2026-08-02T23:48:00,8.46,GHS,M-2071,travel,web,Ghana,C-10365,72.0,8,12.13,0,13,0,momo,DEV-46905,CLR,N,0
TXN-000713,2026-08-22T05:08:00,57.66,GHS,M-2072,fuel,ussd,NG,C-10139,1174.0,0,31.03,0,2,0,bank,DEV-67247,CLR,N,0
TXN-000073,09/08/2026 03:58,93.45,GHS,M-2062,restaurants,android,ng,C-10482,1268.0,8,112.89,0,12,0,card,DEV-78852,CLR,N,0
TXN-001525,2026-07-22T10:11:00,10.77,NGN,M-2055,telecom,ussd,GHA,C-10597,1757.0,18,15.74,0,22,0,momo,DEV-36829,CLR,N,0
TXN-002443,2026-09-04T21:04:00,22.24,GHS,M-2026,unk,ios,ng,C-10501,,29,23.69,0,3,1,card,DEV-31428,CNF,Y,1
TXN-002750,2026-07-21T06:33:00,,GHS,M-2042,telecom,android,GH,C-10711,707.0,34,153.76,2,0,1,card,DEV-62375,CLR,Y,0
TXN-003094,2026-07-22 18:18:00,27.68,GHS,M-2017,grocery,web,GH,C-10364,1050.0,7,21.86,0,,0,card,DEV-70829,CLR,N,0
TXN-000482,2026-08-05 16:21:00,,GHS,M-2072,FUEL,ussd,ng,C-10118,,39,14.58,0,20,0,card,DEV-48592,CNF,N,0
TXN-002955,2026-08-04 10:00:00,220.09,NGN,M-2001,Gambling,ios,GHA,C-10441,1638.0,16,188.15,0,15,1,card,DEV-56410,CLR,Y,0
TXN-001531,31/08/2026 00:34,153.08,GHS,M-2014, gambling ,web,Ghana,C-10525,1549.0,25,69.01,0,11,1,momo,DEV-28336,CLR,Y,0
TXN-002741,2026-07-21T12:57:00,13.30,GHS,M-2049,grocery,web,ng,C-10719,346.0,37,17.36,0,15,0,card,DEV-81767,CLR,N,0
TXN-001873,2026-07-30T12:26:00,42.68,GHS,M-2000,telecom,pos,NG,C-10411,8.0,34,60.38,0,20,0,card,DEV-96066,CLR,N,0
TXN-001515,2026-08-16T05:18:00,9.19,NGN,M-2004,Grocery,web,ke,C-10366,1778.0,7,5.7,0,3,0,card,DEV-87730,CLR,N,0
TXN-003174,2026-08-29T05:36:00,29,GHS,M-2092,Gambling,web,gh,C-10304,1677.0,13,21.36,0,22,0,bank,DEV-76366,CLR,Y,0
TXN-001763,06/08/2026 23:36,,GHS,M-2060,unk,web,KE,C-10334,781.0,26,7.66,0,11,0,card,DEV-37206,CLR,N,0
TXN-001491,2026-07-30T10:29:00,19.19,NGN,M-2009,gambling,android,NG,C-10194,199.0,10,20.03,0,20,0,momo,DEV-91802,CLR,Y,0
TXN-001172,2026-07-19T17:28:00,NA,NGN,M-2065,RESTAURANTS,pos,KE,C-10077,1294.0,17,25.34,0,4,1,momo,DEV-18013,CLR,Y,0
TXN-002633,2026-08-18 02:22:00,26.93,GHS,M-2002,,ios,Kenya,C-10291,1472.0,1,17.73,0,11,1,card,DEV-64532,CLR,Y,0
TXN-002088,06/09/2026 13:07,,GHS,M-2000,telecom,web,NG,C-10084,626.0,30,15.68,0,2,1,momo,DEV-58341,CLR,Y,0
TXN-002728,2026-08-02T22:36:00,14.61,GHS,M-2069,gambling,pos,gh,C-10414,1319.0,28,11.77,6,13,0,momo,DEV-76076,CLR,Y,0
TXN-002448,2026-07-21 16:39:00,18.50,GHS,M-2015,Electronics,web,Nigeria,C-10500,,32,26.35,0,20,0,card,DEV-68047,CLR,N,0
TXN-002384,2026-08-21 05:33:00,22.22,GHS,M-2004,grocery,android,gh,C-10380,11.0,26,30.38,0,17,0,card,DEV-24876,CLR,N,0
TXN-002817,2026-07-22 22:25:00,24.24 GHS,GHS,M-2049,grocery,web,Ghana,C-10367,809.0,3,23.18,0,7,0,card,DEV-66979,CLR,N,0
TXN-000406,2026-07-27T14:39:00,25.62,NGN,M-2006,telecom,ios,gh,C-10134,15.0,28,25.65,0,17,0,card,DEV-98463,ESC,N,0
TXN-000758,18/08/2026 02:29,10.39,NGN,M-2075,electronics,web,GH,C-10691,214.0,18,14.58,0,18,0,momo,DEV-52556,CLR,N,0
TXN-002160,2026-08-16T08:18:00,32.59,GHS,M-2085,Grocery,web,Ghana,C-10564,448.0,13,22.65,0,9,0,card,DEV-12740,CLR,N,0
TXN-002351,07-19-2026,,GHS,M-2025,grocery,android,gh,C-10619,10.0,33,83.82,0,19,0,card,DEV-66510,CLR,N,0
TXN-002114,20/08/2026 08:10,36.88,GHS,M-2081,travel,android,Nigeria,C-10293,1334.0,25,30.07,1,6,1,card,DEV-56086,CLR,Y,0
TXN-000098,2026-08-02T20:52:00,86.54,GHS,M-2019,RESTAURANTS,web,GHA,C-10287,337.0,18,87.28,0,7,0,momo,DEV-36608,CLR,N,0
TXN-001334,2026-07-27 03:08:00,26.20,NGN,M-2023,fuel,web,gh,C-10209,476.0,19,38.18,0,21,0,momo,DEV-12125,CLR,N,0
TXN-002866,2026-09-04T15:20:00,$41.64,GHS,M-2008,grocery,pos,NG,C-10114,356.0,15,25.64,0,1,0,card,DEV-71875,CLR,N,0
TXN-000744,2026-09-04T08:56:00,NA,NGN,M-2050,grocery,web,GHA,C-10451,1098.0,21,23.69,0,23,0,momo,DEV-19325,CLR,N,0
TXN-000807,2026-08-08T13:10:00,23.64,GHS,M-2009,GAMBLING,ios,gh,C-10709,807.0,26,14.34,0,5,0,momo,DEV-40873,CNF,Y,0
TXN-002973,2026-08-25T19:08:00,40.47,GHS,M-2017,GROCERY,ios,Nigeria,C-10344,745.0,22,56.01,0,8,0,card,DEV-10417,CLR,N,0
TXN-002124,2026-07-24 22:10:00,4564.26,GHS,M-2090,grocery,web,gh,C-10511,1160.0,34,4355.44,0,8,0,card,DEV-72883,CLR,Y,0
TXN-002684,2026-08-22T08:43:00,67.17,GHS,M-2012,RESTAURANTS,ios,NG,C-10202,735.0,3,97.58,0,13,0,momo,DEV-21272,CLR,N,0
TXN-001536,22/08/2026 06:57,11.91,GHS,M-2078,RESTAURANTS,ios,Ghana,C-10361,1220.0,1,8.78,3,3,0,momo,DEV-15441,CLR,Y,0
TXN-002226,04/09/2026 17:48,18.96,GHS,M-2047,ELECTRONICS,ussd,NGA,C-10211,3.0,16,13.6,0,9,0,card,DEV-32372,CLR,N,0
TXN-003001,2026-08-28T02:22:00,10.14,GHS,M-2003,Telecom,android,GH,C-10582,531.0,17,12.25,0,13,0,momo,DEV-48615,CLR,N,0
TXN-002518,2026-08-02T05:58:00,37.37,GHS,M-2085,grocery,ios,GHA,C-10420,1449.0,35,38.97,5,5,0,card,DEV-35660,ESC,Y,1
TXN-000149,2026-07-21 00:14:00,44.17,GHS,M-2026,GAMBLING,ios,GH,C-10093,1683.0,21,31.16,6,,0,momo,DEV-97857,CNF,Y,1
TXN-000029,2026-08-22 22:34:00,141.94,GHS,M-2049,grocery,android,Ghana,C-10647,1394.0,10,71.8,0,17,0,momo,DEV-61025,CLR,N,0
TXN-002209,2026-07-26T08:51:00,51.66,GHS,M-2046,travel,ios,NGA,C-10356,946.0,11,55.33,0,23,0,momo,DEV-10736,CLR,N,0
TXN-002127,2026-07-22T08:29:00,,NGN,M-2023,fuel,android,Ghana,C-10660,483.0,30,292.13,0,22,0,momo,DEV-24613,CLR,N,0
TXN-001316,2026-07-26T12:18:00,8.57,NGN,M-2029,restaurants,ios,Ghana,C-10018,1389.0,21,4.15,0,0,0,momo,DEV-13019,CLR,N,0
TXN-000693,09/08/2026 03:25,20.82,GHS,M-2060,restaurants,android,gh,C-10372,,35,19.1,0,2,0,momo,DEV-70003,ESC,N,0
TXN-000819,21/08/2026 03:50,14.13,GHS,M-2037,CRYPTO,ussd,GH,C-10332,9.0,21,14.82,6,2,0,momo,DEV-72070,CLR,Y,0
TXN-001729,2026-07-17T23:13:00,92.48 GHS,NGN,M-2001,,web,GH,C-10239,1598.0,7,48.2,0,3,0,card,DEV-73278,CLR,Y,0
TXN-001387,2026-07-19 18:43:00,NA,GHS,M-2039,restaurants,ussd,NG,C-10311,1351.0,31,12.89,0,22,0,momo,DEV-36250,CLR,N,0
TXN-001846,2026-08-06 09:47:00,11.85,NGN,M-2000,TELECOM,web,Kenya,C-10013,936.0,14,5.84,0,19,0,card,DEV-33417,ESC,N,0
TXN-003089,2026-07-26T02:50:00,12.35,NGN,M-2082,,ussd,Nigeria,C-10405,6.0,23,7.53,0,21,0,momo,DEV-52004,ESC,N,0
TXN-002212,2026-09-03T18:34:00,64.29,GHS,M-2063,telecom,ios,NG,C-10042,1159.0,3,37.16,0,15,0,momo,DEV-75901,CLR,N,0
TXN-001600,07-18-2026,8.95,GHS,M-2061, crypto ,web,gh,C-10354,1105.0,39,4.18,0,14,1,card,DEV-56859,CNF,Y,1
TXN-002537,2026-08-06T16:14:00,76.74,GHS,M-2043,Electronics,pos,Ghana,C-10492,1718.0,28,74.27,0,22,0,momo,DEV-56014,CLR,N,0
TXN-002638,2026-08-01 17:11:00,34.71,NGN,M-2088,grocery,pos,Ghana,C-10564,448.0,19,46.63,4,21,1,momo,DEV-57643,CLR,Y,0
TXN-000702,04/08/2026 02:47,70,GHS,M-2059,grocery,android,GH,C-10711,707.0,16,79.64,0,8,0,card,DEV-61371,CLR,N,0
TXN-001500,08-17-2026,47.82,NGN,M-2065,restaurants,android,Ghana,C-10483,881.0,31,25.59,0,23,1,card,DEV-29885,CLR,Y,0
TXN-002852,2026-08-30T04:59:00, 10.72 ,GHS,M-2037,crypto,web,gh,C-10374,815.0,35,15.7,0,18,0,momo,DEV-92091,ESC,Y,0
TXN-000922,2026-08-05 07:29:00,21.02,NGN,M-2050,,web,Nigeria,C-10114,356.0,3,14.18,1,,1,bank,DEV-67266,CLR,Y,0
TXN-001425,07-31-2026,130.29,NGN,M-2029,Restaurants,web,Kenya,C-10334,-1.0,1,187.17,0,22,0,card,DEV-90073,CLR,N,0
TXN-001709,2026-08-26T10:25:00,16.52,GHS,M-2053,restaurants,android,gh,C-10442,1334.0,32,19.79,0,14,0,card,DEV-15396,CLR,N,0
TXN-000906,2026-08-16T09:39:00,22.72,NGN,M-2062,restaurants,ussd,ke,C-10334,781.0,38,18.3,7,,1,momo,DEV-45601,CLR,Y,0
TXN-000455,2026-08-13T17:58:00,NA,GHS,M-2018,Fuel,web,GHA,C-10011,1432.0,24,78.27,0,12,0,momo,DEV-96983,CLR,N,0
TXN-002241,2026-07-20T13:56:00,29.62,USD,M-2092,gambling,android,NG,C-10646,1531.0,37,41.48,6,8,0,card,DEV-98394,CNF,Y,1
TXN-002931,08-08-2026,14.10,GHS,M-2057,restaurants,ussd,GHA,C-10181,288.0,14,11.34,0,9,0,momo,DEV-75297,CLR,N,0
TXN-002479,07-26-2026,22.29,GHS,M-2086, telecom ,android,ke,C-10685,,19,12.79,0,3,0,momo,DEV-61545,CLR,N,0
TXN-000610,2026-08-04T15:31:00,33.50,GHS,M-2084,grocery,ios,GH,C-10298,1491.0,23,47.74,0,10,0,bank,DEV-70701,CLR,N,0
TXN-000168,2026-09-10 00:38:00,116.97,GHS,M-2016,restaurants,web,Ghana,C-10207,180.0,2,132.81,0,20,0,momo,DEV-72212,CNF,N,1
TXN-000731,2026-07-26 19:05:00,84.33,GHS,M-2004,unk,ussd,Ghana,C-10730,1342.0,23,95.32,0,10,0,momo,DEV-62021,CLR,N,0
TXN-002324,2026-07-30T15:15:00,NA,GHS,M-2042,,android,ke,C-10571,5.0,1,56.56,0,19,0,momo,DEV-65928,CLR,Y,0
TXN-001311,04/09/2026 14:27,55.42,GHS,M-2095,,ussd,GHA,C-10557,,8,33.17,0,7,0,momo,DEV-76135,ESC,N,0
TXN-002473,2026-09-05T23:31:00,34.81,GHS,M-2058,grocery,ios,NG,C-10515,464.0,16,23.16,0,21,0,momo,DEV-98114,CLR,N,0
TXN-000027,2026-08-02 04:19:00,15.05,USD,M-2087,gambling,web,ke,C-10224,1033.0,11,7.29,0,14,0,card,DEV-75445,CNF,Y,1
TXN-002005,2026-08-27T15:23:00,14.01,GHS,M-2018,fuel,ussd,Ghana,C-10538,1259.0,10,11.7,6,10,1,momo,DEV-28559,CNF,Y,1
TXN-003166,2026-09-10T06:00:00,9.05,NGN,M-2089,crypto,web,ng,C-10089,736.0,0,5.46,0,18,1,momo,DEV-86998,CNF,Y,1
TXN-001898,2026-09-04T08:34:00,9.29,GHS,M-2040,gambling,ussd,Nigeria,C-10203,217.0,36,4.85,0,19,0,momo,DEV-63624,CLR,Y,0
TXN-001653,19/07/2026 14:33,$43.02,GHS,M-2049,grocery,android,KE,C-10661,1481.0,0,44.89,0,8,0,card,DEV-55267,CLR,N,0
TXN-001623,24/07/2026 14:42,36.88,USD,M-2049,Grocery,android,Nigeria,C-10025,268.0,21,43.63,0,12,1,momo,DEV-95712,CLR,Y,0
TXN-000588,2026-09-05T07:35:00,18.07,NGN,M-2049,grocery,pos,GH,C-10099,678.0,13,10.38,0,13,0,momo,DEV-77833,CLR,N,0
TXN-001402,2026-07-23T07:31:00,18.23,GHS,M-2068,grocery,web,Nigeria,C-10569,1194.0,37,26.5,0,5,0,card,DEV-14277,CLR,N,0
TXN-001701,2026-08-07T15:23:00,62.83,GHS,M-2021,travel,web,NGA,C-10085,1095.0,13,83.65,0,9,0,bank,DEV-61922,CLR,N,0
TXN-002861,2026-09-01T23:32:00,46.37,NGN,M-2027,grocery,web,NGA,C-10119,1585.0,34,59.63,0,20,0,momo,DEV-51966,CLR,N,0
TXN-001380,10/08/2026 11:08,43.59,GHS,M-2019,restaurants,android,Ghana,C-10107,1232.0,29,42.33,0,7,1,momo,DEV-37786,CLR,Y,0
TXN-002672,2026-08-05T22:24:00,133.00,GHS,M-2048,restaurants,ios,ng,C-10089,736.0,0,175.89,0,21,0,card,DEV-69059,CLR,N,0
TXN-002372,2026-08-24T17:22:00,40.51,GHS,M-2003, telecom ,ios,gh,C-10712,330.0,2,53.02,0,4,0,card,DEV-67906,CLR,N,0
TXN-000442,08/08/2026 04:05,44.09,GHS,M-2011,other,android,Ghana,C-10348,545.0,39,61.17,0,6,0,momo,DEV-20536,CNF,N,0
TXN-002052,2026-08-07T23:19:00,37.79,GHS,M-2040,gambling,android,gh,C-10564,448.0,25,36.8,2,7,0,card,DEV-76732,CLR,Y,0
TXN-001302,29/07/2026 16:45,7.68,GHS,M-2005,other,web,GH,C-10496,1684.0,20,7.35,6,0,0,card,DEV-40884,CLR,Y,0
TXN-002726,01/09/2026 20:37,23.30,GHS,M-2030,telecom,android,Nigeria,C-10540,1088.0,7,28.7,0,2,0,card,DEV-42620,CLR,N,0
TXN-001305,19/07/2026 17:40,54.38,GHS,M-2077,RESTAURANTS,pos,gh,C-10251,782.0,30,77.39,0,22,0,card,DEV-69347,CLR,N,0
TXN-000237,05/08/2026 22:14,20,NGN,M-2020,telecom,web,GHA,C-10699,1481.0,22,22.45,0,,0,bank,DEV-51845,CLR,N,0
TXN-000521,2026-08-04T00:22:00,60.11,GHS,M-2073,electronics,web,GHA,C-10675,1354.0,1,46.91,0,7,0,card,DEV-88383,CLR,N,0
TXN-000736,08-09-2026, 13.17 ,GHS,M-2045,,android,gh,C-10455,1125.0,28,15.73,0,2,0,momo,DEV-16227,CLR,N,0
TXN-003188,2026-07-19T17:39:00,,NGN,M-2048,restaurants,ios,gh,C-10684,740.0,27,1520.13,0,14,1,momo,DEV-95789,CLR,Y,0
TXN-000593,21/07/2026 18:44,13.62,NGN,M-2091,telecom,android,Ghana,C-10298,1491.0,38,9.27,0,10,0,momo,DEV-14562,CLR,N,0
TXN-001304,2026-08-13T09:15:00,62.14,NGN,M-2022, other ,android,GHA,C-10634,586.0,8,48.0,0,2,0,card,DEV-64865,CLR,N,0
TXN-001388,2026-09-01 15:34:00,29,GHS,M-2045,TELECOM,ussd,gh,C-10546,515.0,0,40.47,0,14,0,card,DEV-11386,CLR,N,0
TXN-002100,08-25-2026, 51.77 ,USD,M-2084,Grocery,web,Ghana,C-10628,481.0,3,70.62,0,11,1,momo,DEV-46566,CLR,Y,0
TXN-002397,2026-09-07T23:51:00,NA,NGN,M-2068,grocery,android,NGA,C-10009,22.0,35,69.36,1,5,0,momo,DEV-92650,CLR,N,0
TXN-002994,2026-08-01 23:33:00,42.70,NGN,M-2036,Grocery,android,GH,C-10365,72.0,21,41.53,0,1,0,card,DEV-16445,CLR,N,0
TXN-000905,31/07/2026 04:52,13.68,GHS,M-2093,travel,web,NG,C-10160,1059.0,6,16.83,0,15,1,card,DEV-61856,CLR,Y,0
TXN-002731,2026-08-20T06:26:00,108.91,USD,M-2012,restaurants,pos,Nigeria,C-10346,1295.0,0,142.53,3,16,0,momo,DEV-62841,CLR,Y,0
TXN-001280,2026-08-21T14:49:00,18.66,NGN,M-2004,grocery,ios,gh,C-10700,110.0,37,18.47,0,8,0,card,DEV-72155,CLR,N,0
TXN-002579,2026-08-06T15:44:00,20.13,GHS,M-2024,unk,ios,ng,C-10178,147.0,21,26.55,0,15,0,card,DEV-56277,CLR,N,0
TXN-003087,03/08/2026 15:56,66.80,NGN,M-2023,fuel,pos,ke,C-10243,931.0,30,38.76,1,21,0,momo,DEV-59342,CLR,N,0
TXN-002564,2026-08-02T04:43:00,47.88,GHS,M-2071,travel,web,GH,C-10259,867.0,0,30.08,0,18,0,momo,DEV-12090,ESC,N,0
TXN-002647,21/08/2026 19:29,41.51,NGN,M-2078,restaurants,android,NGA,C-10182,192.0,28,39.58,6,19,0,momo,DEV-13035,CLR,Y,0
TXN-002918,2026-07-18 10:43:00,43.19,GHS,M-2081,travel,web,GHA,C-10557,1765.0,34,23.08,0,21,0,momo,DEV-70284,CNF,N,0
TXN-000707,08-15-2026,28.43,GHS,M-2047,Electronics,web,NG,C-10545,1797.0,15,15.83,0,17,1,momo,DEV-18397,CLR,Y,0
TXN-002836,09-06-2026,19.02,GHS,M-2067,electronics,web,GH,C-10388,1609.0,31,18.56,0,19,0,momo,DEV-34722,CLR,N,0
TXN-000746,10/09/2026 03:31,NA,GHS,M-2075,electronics,ios,NG,C-10355,1710.0,29,136.2,0,2,1,bank,DEV-97263,CLR,Y,0
TXN-001940,2026-07-30T11:55:00,42.35,GHS,M-2015,electronics,ios,KE,C-10457,3.0,8,62.13,0,20,0,momo,DEV-26277,CNF,N,0
TXN-002120,2026-08-26T20:24:00,3.65,GHS,M-2062,RESTAURANTS,android,NGA,C-10452,1341.0,36,4.41,0,3,0,card,DEV-77314,CLR,N,0
TXN-000514,08-02-2026,NA,NGN,M-2055,TELECOM,ussd,gh,C-10547,4.0,39,103.08,0,15,0,momo,DEV-66674,CLR,Y,0
TXN-000082,2026-08-24 13:15:00,75.97,USD,M-2079,TELECOM,ios,gh,C-10269,455.0,23,87.5,5,7,0,card,DEV-97808,CLR,Y,0
TXN-001309,07-31-2026,39.85,GHS,M-2004,Grocery,ios,Ghana,C-10351,1079.0,21,45.09,0,7,0,card,DEV-17643,CNF,N,0
TXN-002679,13/08/2026 18:32,13.77,NGN,M-2067,electronics,web,GHA,C-10252,650.0,27,20.55,0,10,0,momo,DEV-95327,CLR,N,0
TXN-000915,2026-08-30 05:10:00,NA,GHS,M-2010,,android,GH,C-10214,1171.0,30,93.87,0,2,0,card,DEV-93482,CLR,N,0
TXN-002963,03/08/2026 22:07,13.58,GHS,M-2017,grocery,android,KE,C-10502,419.0,28,12.34,0,18,0,momo,DEV-74592,ESC,N,0
TXN-000775,26/07/2026 02:02, 26.11 ,NGN,M-2081,Travel,android,Ghana,C-10640,918.0,35,36.16,0,2,0,momo,DEV-77561,CLR,N,0
TXN-000330,2026-07-25 17:00:00,$109.55,GHS,M-2005, other ,android,ng,C-10273,214.0,7,161.35,0,11,0,momo,DEV-63978,CLR,N,0
TXN-002055,2026-09-05 03:02:00,81.80,GHS,M-2015,ELECTRONICS,android,ng,C-10309,1120.0,10,104.44,0,4,0,momo,DEV-89280,CLR,N,0
TXN-002002,2026-09-06T07:33:00,71.41,GHS,M-2089,crypto,pos,Kenya,C-10516,1.0,33,96.51,6,,0,momo,DEV-77594,CNF,Y,1
TXN-000944,2026-09-04T08:41:00,12.56,GHS,M-2051, grocery ,pos,NG,C-10616,1685.0,8,8.75,0,14,0,card,DEV-91370,CLR,N,0
TXN-000823,2026-08-13T23:14:00,17.85,GHS,M-2011,other,pos,NG,C-10149,1376.0,12,22.0,0,7,0,card,DEV-79561,CLR,N,0
TXN-000910,08-04-2026,6.77,GHS,M-2082,FUEL,web,NGA,C-10082,1127.0,15,6.91,0,12,0,card,DEV-42594,CLR,N,0
TXN-000182,2026-08-01T05:01:00,10.32,GHS,M-2036,grocery,web,ng,C-10618,710.0,35,9.08,0,1,1,momo,DEV-27750,ESC,Y,0
TXN-000165,05/09/2026 08:34,16.53,GHS,M-2045,,android,NG,C-10337,1138.0,18,19.79,0,15,0,card,DEV-51502,CNF,N,0
TXN-001524,07-28-2026,73.23,NGN,M-2040,Gambling,android,Ghana,C-10219,441.0,29,79.36,0,17,1,card,DEV-61922,CNF,Y,1
TXN-000452,2026-08-02T01:56:00,8.92,NGN,M-2022,other,ios,GHA,C-10562,1059.0,31,8.76,0,1,0,card,DEV-74553,CNF,N,0
TXN-001312,26/07/2026 08:46,34.61,NGN,M-2054, telecom ,web,Ghana,C-10103,235.0,10,48.03,0,9,0,bank,DEV-19381,CLR,N,0
TXN-001112,2026-08-22T18:51:00,17.80,GHS,M-2022,other,ios,GHA,C-10188,,7,25.64,0,19,0,card,DEV-72252,CLR,N,0
TXN-001288,09-08-2026,28.71,NGN,M-2038,ELECTRONICS,android,Ghana,C-10436,504.0,2,38.72,0,16,1,card,DEV-16066,ESC,Y,0
TXN-000328,09-07-2026,,GHS,M-2027,grocery,android,Ghana,C-10465,41.0,26,23.54,0,17,0,card,DEV-17045,CLR,N,0
TXN-001791,08/08/2026 06:26,27.31,GHS,M-2042,telecom,pos,gh,C-10648,177.0,14,15.75,0,18,0,momo,DEV-62754,CLR,N,0
TXN-002851,2026-08-28T01:06:00,73.75,NGN,M-2011,other,web,GHA,C-10699,1481.0,24,98.98,0,4,1,momo,DEV-12341,CLR,Y,0
TXN-002008,22/07/2026 15:50,42.80,GHS,M-2079,telecom,ios,NGA,C-10005,754.0,9,42.99,1,9,0,momo,DEV-72149,CLR,N,0
TXN-001859,31/08/2026 11:18,50.59,GHS,M-2044,unk,ussd,GH,C-10643,,13,66.9,0,15,1,momo,DEV-86970,CNF,Y,1
TXN-000313,2026-07-22T08:35:00,18.77,GHS,M-2008,grocery,web,GH,C-10633,172.0,2,9.27,0,8,0,momo,DEV-46969,ESC,N,0
TXN-000833,25/08/2026 21:03,13.18 GHS,GHS,M-2053, restaurants ,ios,Nigeria,C-10104,5.0,25,13.79,2,16,0,card,DEV-43826,CLR,Y,0
TXN-001202,2026-09-09T05:30:00,37.94,NGN,M-2070,grocery,ios,GH,C-10425,1549.0,14,25.5,0,11,0,card,DEV-69162,CLR,N,0
TXN-002489,2026-08-11T02:22:00,46.02,USD,M-2088,Grocery,pos,Ghana,C-10002,1291.0,18,31.73,0,17,0,card,DEV-72211,CLR,N,0
TXN-002119,11/09/2026 02:59,NA,GHS,M-2017, grocery ,android,GH,C-10410,584.0,4,16.17,6,12,1,momo,DEV-23489,CLR,Y,0
TXN-002530,15/08/2026 21:36,454.96,GHS,M-2087,gambling,ios,gh,C-10075,678.0,8,403.87,0,9,0,momo,DEV-51162,CNF,Y,1
TXN-001482,2026-09-01T03:42:00,,GHS,M-2000, telecom ,web,GH,C-10416,549.0,8,23.89,0,13,0,card,DEV-96435,CLR,N,0
TXN-000778,2026-08-06 07:06:00,51.98,GHS,M-2055,telecom,android,ng,C-10622,1286.0,35,64.45,5,14,0,momo,DEV-39772,CLR,Y,0
TXN-000800,09/08/2026 16:58,28.46,GHS,M-2018,fuel,android,ke,C-10591,929.0,36,31.01,3,0,0,card,DEV-71526,CLR,Y,0
TXN-000055,07/09/2026 15:22,50.52,NGN,M-2027,unk,pos,Ghana,C-10103,235.0,2,30.41,3,13,0,momo,DEV-44826,CLR,Y,0
TXN-001921,2026-09-02T09:46:00,19.21,NGN,M-2013,fuel,ios,NG,C-10702,1258.0,15,11.71,0,12,0,momo,DEV-23275,ESC,N,0
TXN-002809,01/09/2026 06:28,40.96,GHS,M-2070,grocery,web,GH,C-10266,1727.0,4,51.87,5,22,0,momo,DEV-35586,CLR,Y,0
TXN-002320,08-25-2026,3.85,GHS,M-2042,Telecom,web,Ghana,C-10146,243.0,29,4.99,0,23,0,momo,DEV-88459,CLR,N,0
TXN-001702,19/07/2026 13:28,291.50,GHS,M-2065,restaurants,web,NG,C-10261,3.0,32,422.19,0,18,1,momo,DEV-54114,CLR,Y,0
TXN-003013,04/08/2026 22:13,23.82,NGN,M-2036,grocery,web,GHA,C-10172,1337.0,31,21.7,0,2,0,card,DEV-64306,CLR,N,0
TXN-000988,2026-09-09 10:27:00,44.81,NGN,M-2071,travel,pos,NG,C-10315,381.0,30,68.69,0,15,0,card,DEV-83901,CLR,N,0
TXN-003133,2026-09-07T05:27:00,,GHS,M-2039,Restaurants,android,Kenya,C-10716,,13,18.96,0,21,0,card,DEV-21381,CLR,N,0
TXN-001395,2026-07-26T05:04:00,51.03 GHS,GHS,M-2020,telecom,android,Ghana,C-10016,1691.0,0,63.48,5,12,0,momo,DEV-49072,CLR,Y,0
TXN-000769,2026-08-22 11:27:00,$42.91,GHS,M-2058,grocery,android,KE,C-10366,1778.0,6,32.0,0,2,0,momo,DEV-40254,CLR,N,0
TXN-002848,2026-07-26T17:17:00,74.28,GHS,M-2095,Restaurants,web,NG,C-10019,11.0,16,111.99,4,7,0,card,DEV-41726,CLR,Y,0
TXN-000286,11/09/2026 06:09,147.68,GHS,M-2029,RESTAURANTS,web,ng,C-10178,147.0,13,73.29,0,20,0,card,DEV-53364,CLR,N,0
TXN-002833,2026-08-23T13:39:00,23.81,GHS,M-2091,telecom,ussd,gh,C-10643,0.0,10,16.35,0,8,0,card,DEV-38985,CNF,N,1
TXN-000429,2026-08-15T17:12:00,58.51,NGN,M-2017,grocery,ios,GHA,C-10174,724.0,18,85.32,0,12,0,card,DEV-55560,CLR,N,0
TXN-002080,08-18-2026,,NGN,M-2035,grocery,ussd,gh,C-10715,1756.0,20,31.5,5,,0,momo,DEV-24336,CLR,Y,0
TXN-000723,2026-07-27 04:48:00,$79.98,GHS,M-2030,telecom,pos,Nigeria,C-10728,11.0,35,110.65,7,11,1,momo,DEV-34394,CLR,Y,0
TXN-000952,2026-08-11 01:16:00,10.27,GHS,M-2041,fuel,web,gh,C-10027,1730.0,21,4.82,0,4,0,card,DEV-30697,ESC,N,0
TXN-000990,22/08/2026 07:43, 28.50 ,NGN,M-2014,gambling,android,GHA,C-10106,554.0,36,14.22,0,15,0,card,DEV-46746,CNF,Y,1
TXN-002998,2026-08-04T16:15:00,11.06,GHS,M-2033, travel ,web,NGA,C-10452,1341.0,17,7.64,0,14,1,momo,DEV-76883,CLR,Y,0
TXN-002185,2026-08-05T16:01:00,7.24,GHS,M-2061,crypto,android,GH,C-10433,495.0,6,3.7,5,0,0,bank,DEV-61096,CNF,Y,1
TXN-000327,07-31-2026,18.10 GHS,GHS,M-2073,electronics,web,Nigeria,C-10314,1489.0,7,25.11,0,3,0,card,DEV-72522,CLR,N,0
TXN-001384,2026-08-17 06:18:00,119.06,GHS,M-2049,grocery,android,gh,C-10559,125.0,30,144.41,0,19,0,momo,DEV-45905,CLR,N,0
TXN-001725,2026-07-28 17:40:00,36.30,GHS,M-2029,restaurants,ussd,GHA,C-10662,995.0,17,44.76,0,23,0,card,DEV-43637,ESC,N,0
TXN-001087,2026-08-11 03:30:00,262.08,GHS,M-2054,telecom,ios,GH,C-10554,1579.0,35,212.5,0,11,1,bank,DEV-94249,CLR,Y,0
TXN-000342,19/07/2026 09:29, 22.45 ,GHS,M-2065,restaurants,ios,NGA,C-10286,1188.0,20,22.9,0,11,0,card,DEV-40030,CLR,N,0
TXN-000148,2026-08-20 01:03:00,165.84,NGN,M-2050,GROCERY,ussd,GHA,C-10463,1233.0,5,134.62,0,9,1,momo,DEV-94734,CLR,Y,0
TXN-002514,2026-08-28T15:09:00,25.52,GHS,M-2009, gambling ,web,ng,C-10273,214.0,19,21.77,4,23,0,momo,DEV-46952,CNF,Y,1
TXN-001108,09-06-2026,15.29,GHS,M-2035,grocery,android,NG,C-10722,851.0,37,19.4,5,,0,momo,DEV-27219,CLR,Y,0
TXN-000849,2026-09-05T17:14:00,25.84,GHS,M-2030,,pos,ng,C-10088,,39,13.72,0,20,0,momo,DEV-50033,CLR,N,0
TXN-000967,2026-08-04T01:29:00,30.12 GHS,NGN,M-2038, electronics ,android,GH,C-10445,975.0,3,18.38,0,16,0,card,DEV-45052,CLR,N,0
TXN-002646,2026-08-29 09:24:00,29.93,GHS,M-2049,grocery,web,gh,C-10418,1597.0,11,26.71,0,,0,momo,DEV-13639,ESC,N,0
TXN-000662,2026-09-05 08:57:00,31.17,GHS,M-2030,,web,Kenya,C-10073,6.0,17,46.84,3,16,0,momo,DEV-20716,CLR,Y,0
TXN-001003,08-06-2026,10.90,GHS,M-2018,fuel,ios,NGA,C-10421,356.0,18,6.73,3,22,0,momo,DEV-39011,ESC,Y,0
TXN-002516,08-20-2026,167.78,GHS,M-2064,RESTAURANTS,ussd,gh,C-10693,154.0,26,89.05,3,12,0,momo,DEV-85152,CLR,Y,0
TXN-002703,2026-07-31T21:13:00,13.12,GHS,M-2006,telecom,ussd,GH,C-10282,1747.0,3,12.11,0,6,0,momo,DEV-16799,CLR,N,0
TXN-002850,08/08/2026 05:12,37.08,GHS,M-2057,restaurants,web,Nigeria,C-10437,510.0,29,27.7,0,16,0,card,DEV-23906,CLR,N,0
TXN-001880,2026-09-02T14:14:00,155.67,GHS,M-2034,gambling,android,GHA,C-10361,1220.0,24,226.96,0,14,0,card,DEV-70969,CLR,Y,1
TXN-003024,2026-08-25T17:56:00,10.96,NGN,M-2058,grocery,android,ng,C-10230,1295.0,0,11.88,0,10,0,momo,DEV-92517,CLR,N,0
TXN-001204,2026-07-27T16:07:00,44.88,GHS,M-2051,grocery,ios,Ghana,C-10120,618.0,15,26.43,0,17,0,momo,DEV-86762,CLR,N,0
TXN-001991,24/07/2026 04:19,36.09,GHS,M-2025,Grocery,pos,ng,C-10510,1091.0,12,35.76,0,9,1,card,DEV-85655,CLR,Y,0
TXN-000025,08-25-2026,13.24 GHS,GHS,M-2014,gambling,ios,gh,C-10210,320.0,25,12.78,6,8,0,card,DEV-53258,CLR,Y,0
TXN-003017,2026-08-29 21:28:00,$85.80,GHS,M-2053,restaurants,android,GH,C-10567,1592.0,13,57.42,0,23,0,momo,DEV-31208,CLR,N,0
TXN-002182,2026-09-08T19:36:00,22.72,GHS,M-2017,grocery,android,gh,C-10659,1549.0,12,20.32,0,22,0,momo,DEV-85757,CLR,N,0
TXN-003120,09-04-2026,97.93,GHS,M-2042,telecom,android,NG,C-10092,1036.0,30,66.89,0,14,0,card,DEV-27554,ESC,N,0
TXN-002474,2026-07-20 18:25:00,,GHS,M-2053,RESTAURANTS,web,NGA,C-10592,190.0,35,10.98,3,0,0,momo,DEV-82797,CNF,Y,1
TXN-000876,03/09/2026 20:02,12.59,GHS,M-2050,grocery,web,gh,C-10521,393.0,37,6.46,0,4,0,momo,DEV-78908,CLR,N,0
TXN-002892,2026-08-12T00:38:00,198.83,GHS,M-2048,unk,ios,gh,C-10176,937.0,27,93.26,0,19,0,bank,DEV-38426,CLR,N,0
TXN-000939,09-06-2026,42.39 GHS,GHS,M-2009,,pos,Ghana,C-10064,,9,39.63,7,23,0,momo,DEV-29082,CLR,Y,0
TXN-002692,2026-08-07T11:49:00,73.14,USD,M-2086,Telecom,web,GHA,C-10266,1727.0,3,38.9,0,3,0,card,DEV-67528,CLR,N,0
TXN-003187,2026-08-29T00:41:00,17.47,GHS,M-2046,travel,web,ng,C-10652,1344.0,22,8.65,5,9,0,bank,DEV-56902,CLR,Y,0
TXN-000386,19/08/2026 18:30,24.69,GHS,M-2066,restaurants,web,GHA,C-10613,,8,36.34,1,14,0,card,DEV-40786,CLR,N,0
TXN-002468,09-09-2026,38.64,GHS,M-2068,grocery,web,NG,C-10273,214.0,17,19.08,0,14,0,card,DEV-49580,CLR,N,0
TXN-002693,2026-08-11 02:12:00,34.62,GHS,M-2087,gambling,android,gh,C-10176,937.0,5,44.97,0,4,1,momo,DEV-10173,CNF,Y,1
TXN-003164,24/08/2026 08:56,9.03,NGN,M-2092,gambling,android,NGA,C-10646,1531.0,27,7.18,0,0,0,card,DEV-85535,CLR,Y,0
TXN-002248,17/08/2026 08:00,40.18,GHS,M-2020,telecom,ios,GHA,C-10134,,2,59.79,0,3,1,card,DEV-99269,CLR,Y,0
TXN-000937,13/08/2026 16:12,39.54,GHS,M-2048,Restaurants,android,Ghana,C-10302,1006.0,37,52.07,0,15,0,momo,DEV-24635,CLR,N,0
TXN-002769,2026-08-30T07:57:00,48.63,GHS,M-2019, restaurants ,android,GH,C-10124,1756.0,25,60.76,0,3,0,momo,DEV-62173,CLR,N,0
TXN-003136,19/07/2026 19:54,274.54,GHS,M-2036,grocery,web,GH,C-10301,11.0,30,333.68,0,1,0,card,DEV-92614,CLR,N,0
TXN-001333,2026-08-16 02:55:00, 112.14 ,GHS,M-2013,fuel,web,NG,C-10362,1775.0,26,87.54,7,,0,momo,DEV-69205,CLR,Y,0
TXN-001935,02/08/2026 19:39,$16.07,GHS,M-2084,Grocery,web,GHA,C-10319,788.0,27,12.34,3,21,0,card,DEV-22019,CLR,Y,0
TXN-000936,02/08/2026 17:09,4.78,NGN,M-2084,grocery,web,gh,C-10038,616.0,30,5.24,0,1,0,momo,DEV-65509,CLR,N,0
TXN-000567,2026-09-08T11:04:00,8.21 GHS,GHS,M-2066,restaurants,android,ke,C-10065,6.0,13,7.05,0,6,0,momo,DEV-99671,CNF,N,1
TXN-001855,2026-08-19 01:32:00,38.72,GHS,M-2024,telecom,ios,GH,C-10375,956.0,26,36.2,0,8,0,momo,DEV-25021,CLR,N,0
TXN-002606,08-16-2026,16.70,USD,M-2044,Fuel,android,GH,C-10212,10.0,23,9.38,0,11,0,momo,DEV-98932,CLR,N,0
TXN-001646,09-07-2026,10.04,GHS,M-2030,telecom,ios,GHA,C-10629,259.0,39,13.02,1,15,0,momo,DEV-36517,CLR,N,0
TXN-002418,2026-08-24T21:07:00,20.31,GHS,M-2007,telecom,android,Ghana,C-10693,154.0,37,29.78,0,11,0,card,DEV-94368,CLR,N,0
TXN-001793,31/08/2026 21:04,43.57,NGN,M-2065,restaurants,android,Ghana,C-10100,652.0,12,25.56,5,13,0,momo,DEV-67084,CLR,Y,0
TXN-001431,2026-08-23T13:50:00,34.10,GHS,M-2007,TELECOM,web,NGA,C-10355,1710.0,3,19.74,0,16,0,momo,DEV-58171,CLR,N,0
TXN-002496,2026-07-24T00:47:00, 59.98 ,GHS,M-2016,restaurants,web,Ghana,C-10148,562.0,6,72.27,0,8,0,momo,DEV-89556,CLR,N,0
TXN-001014,24/07/2026 11:33,87.29,NGN,M-2067,ELECTRONICS,ios,gh,C-10292,1470.0,34,92.9,0,14,0,card,DEV-14335,CLR,N,0
TXN-001929,2026-08-05 22:01:00,24.09,GHS,M-2035,grocery,ussd,Ghana,C-10322,1357.0,11,20.42,0,17,0,momo,DEV-26555,CLR,N,0
TXN-002421,2026-08-04T12:55:00,18.95,GHS,M-2023,fuel,web,Ghana,C-10402,1253.0,39,27.7,0,7,0,momo,DEV-98557,CLR,N,0
TXN-000127,2026-08-19 19:43:00,45.60,GHS,M-2071,travel,android,NG,C-10229,,6,57.69,0,12,0,card,DEV-64845,CNF,N,0
TXN-002253,2026-07-27T19:50:00,5.14,GHS,M-2027,grocery,ios,Ghana,C-10612,1226.0,29,4.71,4,20,0,card,DEV-66562,CLR,Y,0
TXN-001348,2026-08-08T10:41:00,40.63,USD,M-2087,gambling,ussd,NG,C-10510,1091.0,11,59.91,0,8,0,momo,DEV-50734,CNF,Y,0
TXN-000356,31/08/2026 02:05,30.51,NGN,M-2077,restaurants,web,GH,C-10593,171.0,31,34.99,0,16,0,card,DEV-74353,CLR,N,0
TXN-000828,2026-07-22T23:22:00,44.83,GHS,M-2019,restaurants,ussd,gh,C-10043,1581.0,19,34.48,7,21,0,momo,DEV-74768,CNF,Y,1
TXN-001640,15/08/2026 22:32, 28.56 ,GHS,M-2014, gambling ,web,gh,C-10487,601.0,14,26.2,0,9,0,momo,DEV-95561,CLR,Y,0
TXN-000985,27/07/2026 13:26,116.49,GHS,M-2094,electronics,pos,NG,C-10333,232.0,37,167.6,3,22,0,bank,DEV-51828,CLR,Y,0
TXN-002189,2026-09-09T02:49:00,,GHS,M-2011,other,android,ng,C-10515,464.0,39,14.99,0,13,0,momo,DEV-29341,CLR,N,0
TXN-000363,2026-08-22T22:58:00,65.34,NGN,M-2031,OTHER,ussd,GH,C-10391,1295.0,11,91.24,0,13,0,momo,DEV-48573,CLR,N,0
TXN-000346,03/09/2026 03:52,13.08,USD,M-2057,,web,ng,C-10083,574.0,6,10.16,0,7,1,bank,DEV-68997,CLR,Y,0
TXN-002216,2026-07-24 17:27:00,67.57,GHS,M-2032,electronics,ios,GHA,C-10629,259.0,13,70.77,0,20,0,momo,DEV-69869,CLR,N,0
TXN-002729,09/08/2026 07:26,24.43,NGN,M-2001,Gambling,android,GHA,C-10525,1549.0,1,25.86,0,13,1,card,DEV-51224,ESC,Y,0
TXN-000712,18/08/2026 11:20,72.77,GHS,M-2035,Grocery,web,Ghana,C-10589,1798.0,17,53.83,3,6,0,card,DEV-49951,ESC,Y,0
TXN-002219,09-07-2026,8.45,GHS,M-2068,grocery,web,GHA,C-10433,495.0,15,11.98,0,12,0,card,DEV-50773,CLR,N,0
TXN-000011,08-05-2026,77.42,USD,M-2040,gambling,ios,GHA,C-10449,1715.0,1,97.1,0,0,0,card,DEV-79278,CLR,Y,0
TXN-002595,2026-07-26 05:03:00,80.90,GHS,M-2083,grocery,ios,NG,C-10154,189.0,0,87.72,3,6,0,bank,DEV-68509,CLR,Y,0
TXN-002117,25/08/2026 00:15,52.73,GHS,M-2032,electronics,pos,gh,C-10091,1083.0,0,50.65,0,8,1,momo,DEV-46227,CLR,Y,0
TXN-001835,20/08/2026 09:14,166,GHS,M-2042,telecom,web,Ghana,C-10587,1785.0,21,221.36,0,21,0,momo,DEV-93996,CLR,N,0
TXN-000794,2026-08-06T18:12:00,8,NGN,M-2054,TELECOM,android,GHA,C-10220,1582.0,27,7.57,0,11,0,momo,DEV-30903,ESC,N,0
TXN-002968,2026-08-31 03:27:00,7.90,GHS,M-2034,gambling,ios,NG,C-10720,1110.0,31,11.64,0,7,0,momo,DEV-98689,CLR,Y,0
TXN-000095,2026-07-25 12:01:00,$14.86,NGN,M-2052,telecom,web,ke,C-10223,1532.0,33,20.45,0,21,0,card,DEV-85573,CNF,N,0
TXN-000130,2026-08-27T12:15:00,$52.80,USD,M-2038,,web,GHA,C-10380,11.0,28,54.61,0,1,0,card,DEV-91932,CLR,N,0
TXN-002410,2026-09-10T18:18:00,19.24,NGN,M-2040,gambling,ios,GH,C-10656,47.0,25,25.11,0,16,0,momo,DEV-42577,CLR,Y,0
TXN-003115,2026-08-20 07:53:00, 25.68 ,GHS,M-2047,electronics,ios,GHA,C-10150,10.0,22,19.54,0,8,0,card,DEV-66260,CLR,N,0
TXN-001901,2026-07-18 01:08:00,16.96,GHS,M-2013,fuel,pos,NG,C-10719,346.0,12,16.88,0,8,0,card,DEV-76735,ESC,N,0
TXN-002572,08-26-2026,,NGN,M-2068,grocery,ios,ke,C-10528,658.0,11,20.73,0,0,0,momo,DEV-98622,CLR,N,0
TXN-001933,2026-08-24T23:17:00,20.72,NGN,M-2078,restaurants,android,GH,C-10386,709.0,1,26.2,0,22,1,momo,DEV-81441,ESC,Y,0
TXN-002311,09-10-2026,4.69,GHS,M-2031,other,android,gh,C-10386,709.0,35,3.43,0,14,0,card,DEV-74779,CLR,N,0
TXN-001866,21/07/2026 06:33,54.32,USD,M-2078,restaurants,pos,ng,C-10437,510.0,8,82.82,0,23,0,momo,DEV-16050,CLR,N,0
TXN-001659,2026-08-31T05:47:00,90.62,GHS,M-2060,RESTAURANTS,pos,ke,C-10371,1349.0,25,120.33,0,12,0,momo,DEV-51132,CLR,N,0
TXN-000517,2026-08-24T19:21:00,21.82,GHS,M-2014,Gambling,android,Nigeria,C-10600,534.0,18,17.43,0,9,0,card,DEV-38102,CLR,Y,0
TXN-001858,2026-07-23T03:41:00,$16.31,GHS,M-2064,restaurants,android,ke,C-10617,749.0,29,9.47,3,16,0,momo,DEV-36025,CLR,Y,0
TXN-001278,2026-08-23T05:06:00,4.64,USD,M-2014,gambling,android,Ghana,C-10072,378.0,28,2.44,0,23,1,momo,DEV-14929,CLR,Y,0
TXN-000951,2026-08-30T12:43:00,NA,GHS,M-2022,,ios,GHA,C-10403,734.0,2,9.85,6,15,0,card,DEV-51402,CLR,Y,0
TXN-001121,02/08/2026 03:19,157.94,NGN,M-2039,restaurants,web,Kenya,C-10430,309.0,19,185.89,0,5,0,card,DEV-89158,CLR,N,0
TXN-002205,05/09/2026 11:22,,GHS,M-2012,,web,NGA,C-10149,1376.0,0,20.95,0,9,0,card,DEV-61459,CLR,N,0
TXN-000420,21/08/2026 07:50,NA,NGN,M-2032,electronics,web,ng,C-10270,1573.0,16,130.65,0,16,0,card,DEV-27670,CLR,N,0
TXN-000923,22/08/2026 20:02,42.85,NGN,M-2080, restaurants ,ios,Ghana,C-10461,719.0,0,59.83,3,10,0,bank,DEV-48593,CLR,Y,1
TXN-002367,2026-07-19T18:04:00,,GHS,M-2036,grocery,ussd,Ghana,C-10463,1233.0,23,19.72,0,15,0,bank,DEV-16993,CLR,N,0
TXN-000478,30/07/2026 05:09,$52.44,NGN,M-2003,telecom,ios,ke,C-10494,568.0,38,28.38,0,13,0,card,DEV-99873,ESC,N,0
TXN-002036,07-23-2026,24.58,GHS,M-2064, restaurants ,android,NG,C-10658,0.0,6,23.22,0,6,0,card,DEV-90566,ESC,N,0
TXN-003128,16/08/2026 03:36,33.92,GHS,M-2000, telecom ,ios,ng,C-10356,946.0,26,45.76,3,21,0,momo,DEV-13654,ESC,Y,0
TXN-001693,2026-09-06T11:49:00,36.08,GHS,M-2092,gambling,web,gh,C-10605,92.0,30,21.0,0,8,0,momo,DEV-32914,CLR,Y,0
TXN-002380,2026-07-17T19:26:00,102.58,GHS,M-2061,crypto,ios,Nigeria,C-10398,341.0,3,57.33,0,23,0,card,DEV-72314,CLR,Y,0
TXN-001472,18/08/2026 14:41,80.18,NGN,M-2035,Grocery,web,GH,C-10674,,36,105.83,0,10,1,card,DEV-93492,ESC,Y,0
TXN-001203,04/08/2026 10:05,42.37 GHS,GHS,M-2052,TELECOM,pos,ng,C-10336,1417.0,1,55.35,0,0,1,momo,DEV-56352,CLR,Y,0
TXN-001670,2026-08-08T04:37:00,$12.62,GHS,M-2034,gambling,web,GH,C-10450,1048.0,24,19.42,0,21,0,card,DEV-93383,CLR,Y,0
TXN-002979,21/07/2026 14:57,$126.88,USD,M-2002,fuel,web,NGA,C-10544,811.0,1,171.09,0,,0,momo,DEV-73881,ESC,N,0
TXN-001971,2026-07-30T10:50:00,NA,GHS,M-2053,restaurants,web,GHA,C-10729,1019.0,19,20.37,2,16,1,card,DEV-69356,CLR,Y,0
TXN-002152,2026-09-09T19:25:00,,GHS,M-2062,restaurants,pos,Ghana,C-10288,1511.0,32,17.37,0,13,0,card,DEV-76367,CLR,N,0
TXN-000821,2026-08-24 21:57:00,32.92,GHS,M-2003,telecom,web,Ghana,C-10473,799.0,36,44.88,0,19,0,card,DEV-76098,CLR,N,0
TXN-001998,2026-08-27 11:35:00,6.18,NGN,M-2076,electronics,android,gh,C-10483,881.0,17,7.1,0,23,0,momo,DEV-59736,CLR,N,0
TXN-003076,2026-08-27 05:35:00, 48.24 ,GHS,M-2062, restaurants ,android,Ghana,C-10244,,27,22.52,0,20,0,momo,DEV-45312,CLR,N,0
TXN-001249,2026-08-01T12:50:00,38.01,GHS,M-2093,,android,GHA,C-10547,4.0,29,28.43,0,4,0,card,DEV-99650,CLR,N,0
TXN-002363,2026-09-10T19:50:00,10.80,NGN,M-2076,electronics,android,GH,C-10416,549.0,6,9.52,0,13,0,momo,DEV-49533,CLR,N,0
TXN-002856,20/07/2026 23:04,117.86,GHS,M-2042,telecom,android,gh,C-10041,2.0,23,82.07,0,14,0,card,DEV-10858,CLR,Y,0
TXN-002191,2026-07-18T00:40:00,4.61,NGN,M-2037,crypto,android,GH,C-10708,323.0,35,2.57,0,18,0,momo,DEV-56987,CLR,Y,0
TXN-002805,09-01-2026,65.84,NGN,M-2054,telecom,android,ke,C-10129,,10,79.33,0,15,0,momo,DEV-66909,CLR,N,0
TXN-001047,2026-09-04T23:01:00,NA,GHS,M-2027,grocery,android,Ghana,C-10389,1011.0,9,26.88,0,6,0,momo,DEV-18214,CLR,N,0
TXN-001889,31/07/2026 20:10,16.87,GHS,M-2093,TRAVEL,web,Ghana,C-10151,1.0,10,17.2,0,21,0,momo,DEV-14022,ESC,N,0
TXN-000616,2026-09-02T22:54:00,13.18,GHS,M-2058,Grocery,android,GHA,C-10156,1105.0,12,12.08,0,17,0,momo,DEV-55640,CLR,N,0
TXN-001319,2026-08-06T16:53:00,52.02,NGN,M-2042,,web,GHA,C-10384,1322.0,9,54.29,0,20,0,momo,DEV-84543,CLR,N,0
TXN-001610,2026-08-31T04:48:00,12.90,GHS,M-2010,travel,ussd,Ghana,C-10050,1174.0,12,16.45,0,7,0,momo,DEV-30399,CLR,N,0
TXN-002137,26/08/2026 21:00,43.05,NGN,M-2015,electronics,pos,GHA,C-10244,507.0,36,52.57,0,8,1,momo,DEV-43054,CLR,Y,0
TXN-003105,08-07-2026,24.60,GHS,M-2095,restaurants,web,Kenya,C-10457,,20,32.84,3,11,0,bank,DEV-89779,CLR,Y,0
TXN-001773,2026-07-21 20:49:00,7.54,GHS,M-2025,Grocery,web,gh,C-10521,393.0,32,6.76,0,14,1,momo,DEV-20495,CLR,Y,0
TXN-003165,2026-08-17T18:14:00,47.88,GHS,M-2074,grocery,android,NGA,C-10119,1585.0,19,56.47,0,13,0,card,DEV-58218,CLR,N,0
TXN-000132,2026-08-12T06:03:00,112.08,NGN,M-2063,telecom,web,GH,C-10146,243.0,7,128.04,0,3,1,card,DEV-12583,CLR,Y,0
TXN-000078,2026-08-27T11:07:00,49.05,GHS,M-2058,grocery,android,GHA,C-10266,1727.0,32,30.58,0,20,0,bank,DEV-66152,CLR,N,0
TXN-002053,24/07/2026 00:31,52.68,GHS,M-2047,Electronics,ussd,NG,C-10194,199.0,22,78.19,0,1,0,card,DEV-86289,CLR,N,0
TXN-000725,2026-07-22 12:40:00,61.49,GHS,M-2024,Telecom,web,NGA,C-10260,9.0,2,75.11,0,9,1,momo,DEV-47833,CLR,Y,0
TXN-001315,2026-09-03 13:45:00,43.20,NGN,M-2084,grocery,ussd,GHA,C-10247,953.0,3,64.84,0,2,0,bank,DEV-55693,CLR,N,0
TXN-001852,2026-09-08T12:24:00,2845.91,GHS,M-2026,GAMBLING,android,Ghana,C-10521,393.0,18,2465.53,0,7,1,bank,DEV-89647,CLR,Y,0
TXN-002470,2026-09-04 08:23:00,33.11,NGN,M-2012,restaurants,web,Nigeria,C-10117,1356.0,21,26.22,5,22,0,card,DEV-44252,CLR,Y,0
TXN-002670,2026-07-29 20:26:00,44.58 GHS,NGN,M-2084,grocery,android,GH,C-10167,995.0,32,55.15,3,,0,momo,DEV-99876,CLR,Y,0
TXN-001373,2026-08-18T16:41:00,,GHS,M-2084,,web,Ghana,C-10599,572.0,18,12.34,0,22,0,momo,DEV-55785,ESC,N,0
TXN-001856,19/07/2026 02:11,24.88,NGN,M-2015,ELECTRONICS,ios,Nigeria,C-10059,1627.0,17,26.38,0,6,1,card,DEV-60704,CLR,Y,0
TXN-001320,2026-09-04 21:48:00,98.32,GHS,M-2065,restaurants,ios,NGA,C-10234,533.0,0,133.19,0,20,1,momo,DEV-29633,CLR,Y,0
TXN-003082,17/08/2026 04:11,25.86,NGN,M-2084,grocery,web,NGA,C-10144,1.0,23,35.9,0,8,0,card,DEV-21577,CLR,N,0
TXN-003101,2026-08-06T19:05:00,9.16,NGN,M-2050,grocery,pos,GH,C-10108,84.0,14,13.26,5,1,0,momo,DEV-39290,CNF,Y,1
TXN-000376,2026-08-23T21:51:00,46.56,GHS,M-2059,grocery,ios,GH,C-10593,171.0,2,33.96,7,22,0,momo,DEV-47789,CNF,Y,1
TXN-001909,27/07/2026 04:49,141.96,GHS,M-2088,GROCERY,ios,NG,C-10221,1278.0,28,219.62,6,19,0,momo,DEV-61459,CLR,Y,0
TXN-000334,2026-08-26T22:47:00,56.16,GHS,M-2068,grocery,android,Nigeria,C-10362,1775.0,38,77.75,0,13,1,bank,DEV-43937,CLR,Y,0
TXN-002425,2026-07-29T19:40:00,23.22,GHS,M-2042,telecom,android,GHA,C-10476,1525.0,26,25.82,6,19,0,bank,DEV-27995,CLR,Y,0
TXN-002476,31/08/2026 17:20,32.13,NGN,M-2089,,android,Ghana,C-10687,375.0,31,34.54,0,19,0,momo,DEV-53875,CLR,Y,0
TXN-001605,2026-08-29T21:23:00,16.52,NGN,M-2082,,ios,GH,C-10567,1592.0,36,24.04,0,12,0,momo,DEV-13776,CNF,N,1
TXN-001119,2026-08-17 23:39:00,40.56,GHS,M-2082,fuel,ios,ke,C-10040,0.0,27,33.41,7,2,0,card,DEV-84949,CNF,Y,1
TXN-003035,2026-08-02T23:25:00,150.87,NGN,M-2056,,pos,Ghana,C-10319,788.0,35,153.49,0,21,0,card,DEV-27235,ESC,Y,0
TXN-001944,2026-09-10T00:38:00,48,NGN,M-2078,restaurants,pos,ng,C-10290,256.0,22,37.6,0,11,0,card,DEV-35428,CLR,N,0
TXN-002588,2026-09-01T18:46:00,49.09,GHS,M-2067,ELECTRONICS,ussd,ke,C-10517,1054.0,21,66.76,0,,0,card,DEV-72358,CLR,N,0
TXN-002708,2026-08-14 07:52:00,15.09,GHS,M-2049,grocery,ios,GHA,C-10367,809.0,21,14.05,7,3,0,card,DEV-24802,CLR,Y,0
TXN-001343,2026-09-02 01:11:00,27.42,GHS,M-2031,other,pos,Ghana,C-10212,10.0,12,19.85,0,7,0,card,DEV-17485,CLR,N,0
TXN-000321,09-07-2026,43.91,NGN,M-2091,unk,pos,gh,C-10497,1760.0,20,42.16,0,15,0,card,DEV-68779,CLR,N,0
TXN-001620,18/08/2026 02:40,41.43 GHS,GHS,M-2082,fuel,ios,NGA,C-10204,419.0,13,26.06,0,8,0,card,DEV-23854,CLR,N,0
TXN-002627,21/07/2026 12:18,10.33,GHS,M-2050,grocery,web,GH,C-10550,47.0,28,11.31,3,18,0,momo,DEV-96457,CLR,Y,0
TXN-002061,2026-07-26T14:33:00,38.04,NGN,M-2091,telecom,web,NG,C-10342,1165.0,28,30.55,0,15,0,momo,DEV-73010,CLR,N,0
TXN-002220,2026-07-21T00:47:00,76.65,GHS,M-2042,telecom,web,GH,C-10255,226.0,30,74.3,6,3,0,momo,DEV-20228,CLR,Y,0
TXN-001674,08-22-2026,,GHS,M-2059,grocery,web,Ghana,C-10357,616.0,16,49.44,0,9,0,momo,DEV-27966,CLR,N,0
TXN-001943,2026-09-06T16:40:00, 158.06 ,NGN,M-2045,TELECOM,ios,GHA,C-10058,1401.0,31,224.94,0,20,0,card,DEV-24775,CNF,N,1
TXN-000261,09-11-2026,30.56,GHS,M-2001,Gambling,web,gh,C-10693,154.0,12,38.16,4,3,0,momo,DEV-25911,CNF,Y,1
TXN-002529,2026-09-04 09:10:00,,GHS,M-2071,travel,ios,Nigeria,C-10023,2.0,17,34.56,0,13,0,card,DEV-77305,CNF,N,1
TXN-002040,09-07-2026,138.18,GHS,M-2032, electronics ,ussd,ng,C-10423,1400.0,35,151.59,0,14,0,card,DEV-10283,CLR,N,0
TXN-000690,01/08/2026 10:44,5.14,GHS,M-2080,restaurants,ussd,Ghana,C-10730,1342.0,24,5.5,0,11,0,card,DEV-39118,CLR,N,0
TXN-000902,2026-08-11T23:46:00,7.88,GHS,M-2038,electronics,ussd,gh,C-10152,1390.0,37,10.11,0,0,0,card,DEV-63198,CLR,N,0
TXN-002027,2026-08-18T02:01:00,27.54,GHS,M-2068,grocery,android,Nigeria,C-10405,6.0,0,39.48,0,11,0,momo,DEV-94586,ESC,N,0
TXN-000139,13/08/2026 14:10,11.28,NGN,M-2072,fuel,ussd,GH,C-10523,1468.0,3,14.5,1,5,0,bank,DEV-34640,CLR,N,0
TXN-001918,2026-08-10T07:03:00, 46.71 ,NGN,M-2052,Telecom,android,GH,C-10707,1176.0,25,26.86,0,10,1,bank,DEV-47305,CLR,Y,0
TXN-001829,09/09/2026 00:32,$107.42,GHS,M-2057,restaurants,ios,gh,C-10714,10.0,24,111.35,0,15,0,momo,DEV-33932,CLR,N,0
TXN-001574,10/08/2026 12:07,17.20,GHS,M-2058,grocery,android,GH,C-10252,650.0,12,8.95,0,1,0,card,DEV-93677,CNF,N,1
TXN-000320,2026-07-28T06:14:00,25.21,GHS,M-2090,,android,Ghana,C-10575,3.0,33,14.98,0,6,0,momo,DEV-73479,CNF,N,0
TXN-000654,25/08/2026 11:31,12.29,GHS,M-2093,travel,pos,gh,C-10053,1409.0,1,13.27,0,13,0,card,DEV-17137,CLR,N,0
TXN-002138,23/07/2026 03:54,$71.43,NGN,M-2023,fuel,web,Nigeria,C-10395,1632.0,28,37.29,5,3,0,card,DEV-70712,CLR,Y,0
TXN-002497,2026-08-09 07:28:00,29.03,GHS,M-2006,telecom,ios,Nigeria,C-10333,232.0,8,33.71,0,11,1,card,DEV-39320,CLR,Y,0
TXN-000559,07-22-2026,44.69,GHS,M-2031,,ussd,gh,C-10028,477.0,38,55.96,0,6,0,card,DEV-20204,ESC,N,0
TXN-002188,2026-08-25T13:48:00,82.65,GHS,M-2077,restaurants,ios,NGA,C-10682,556.0,24,67.7,0,2,0,momo,DEV-53318,ESC,N,0
TXN-000113,10/09/2026 20:40,$13.44,GHS,M-2062,Restaurants,web,ng,C-10395,1632.0,10,19.05,0,0,0,momo,DEV-21343,ESC,N,0
TXN-000532,2026-09-09 06:01:00,17.76,GHS,M-2008,,android,GH,C-10253,237.0,27,18.97,0,13,0,bank,DEV-81525,CLR,N,0
TXN-000225,2026-07-23 13:59:00,11.49,GHS,M-2062,restaurants,web,NG,C-10639,121.0,17,8.5,4,3,0,momo,DEV-93497,CLR,Y,0
TXN-000724,09-08-2026,NA,NGN,M-2042,Telecom,android,ng,C-10290,256.0,5,28.58,0,21,0,momo,DEV-82125,CLR,N,0
TXN-002608,2026-07-20T11:18:00,57.02,GHS,M-2050,grocery,ios,Ghana,C-10195,1368.0,16,56.57,6,7,0,card,DEV-86840,CLR,Y,0
TXN-002759,2026-07-29T16:16:00,,GHS,M-2038,electronics,ios,ng,C-10411,8.0,37,18.27,0,20,0,momo,DEV-52808,CLR,N,0
TXN-001434,25/07/2026 20:37,29.87,GHS,M-2085,grocery,pos,gh,C-10215,744.0,21,37.96,3,9,0,bank,DEV-98405,CLR,Y,0
TXN-002504,2026-08-22T09:57:00,89.04,GHS,M-2095,Restaurants,pos,ng,C-10577,762.0,33,67.49,0,18,0,card,DEV-97169,CLR,N,0
TXN-002574,2026-09-04T20:52:00,,GHS,M-2085,grocery,ussd,GHA,C-10255,226.0,10,40.06,0,14,1,momo,DEV-82253,CLR,Y,0
TXN-001459,12/08/2026 09:34,7.59,GHS,M-2055,TELECOM,ussd,gh,C-10373,1785.0,23,8.33,4,19,0,momo,DEV-33217,ESC,Y,0
TXN-002899,2026-07-20T17:19:00,20.87,GHS,M-2055,unk,pos,ke,C-10285,957.0,31,19.24,0,19,0,card,DEV-78582,CLR,N,0
TXN-000847,2026-07-25T19:27:00,46.35,GHS,M-2057,restaurants,web,Ghana,C-10066,5.0,19,23.01,0,8,0,momo,DEV-88849,CLR,N,0
TXN-000194,2026-08-22T05:28:00,,NGN,M-2087,unk,pos,Nigeria,C-10283,720.0,5,55.43,4,15,0,momo,DEV-19495,CNF,Y,1
TXN-001465,2026-08-04T16:58:00,,NGN,M-2028,GROCERY,android,GHA,C-10206,1308.0,28,100.18,0,10,0,momo,DEV-38860,ESC,N,0
TXN-000947,2026-08-21T13:43:00,35.76,GHS,M-2005,Other,web,GHA,C-10175,976.0,12,44.21,0,0,1,card,DEV-39266,CLR,Y,0
TXN-002022,07-21-2026,34.84,NGN,M-2032,ELECTRONICS,web,gh,C-10402,1253.0,18,43.66,5,19,0,momo,DEV-89236,CNF,Y,0
TXN-001630,2026-09-04T14:55:00,39.51,GHS,M-2035,GROCERY,pos,gh,C-10384,1322.0,17,60.03,7,12,0,momo,DEV-96223,CLR,Y,0
TXN-000118,23/08/2026 01:44,97.24 GHS,USD,M-2072,fuel,android,Ghana,C-10523,1468.0,27,104.0,5,20,0,momo,DEV-68441,CLR,Y,0
TXN-000646,2026-08-13T00:27:00,27.07,NGN,M-2001,gambling,web,Nigeria,C-10118,7.0,27,39.4,0,7,0,bank,DEV-20178,CLR,Y,0
TXN-001871,07-23-2026,12.72,GHS,M-2039,RESTAURANTS,ios,GH,C-10026,647.0,37,19.01,0,6,0,momo,DEV-79666,CLR,N,0
TXN-000004,2026-07-19T08:28:00,18.89,USD,M-2012, restaurants ,android,gh,C-10373,1785.0,24,8.57,1,18,1,momo,DEV-94184,CLR,Y,0
TXN-000075,2026-08-27T09:53:00,51.22,GHS,M-2068,Grocery,android,GH,C-10644,156.0,29,62.11,0,21,1,card,DEV-77265,CLR,Y,0
TXN-001756,2026-07-31 05:02:00,9.98,GHS,M-2013,fuel,ussd,GHA,C-10484,796.0,12,13.5,3,6,0,card,DEV-69693,ESC,Y,0
TXN-000468,2026-07-31T11:45:00,23.74,GHS,M-2045,telecom,ios,NGA,C-10732,691.0,16,25.69,0,15,0,momo,DEV-15161,CLR,N,0
TXN-000006,2026-07-19 05:58:00,,USD,M-2095,restaurants,pos,GH,C-10180,2.0,18,77.13,1,21,0,momo,DEV-41302,CLR,N,0
TXN-001247,08-29-2026,28.17 GHS,GHS,M-2017,grocery,ussd,GHA,C-10113,438.0,20,28.92,0,2,0,bank,DEV-43865,CLR,N,0
TXN-000920,2026-08-08T23:53:00,NA,USD,M-2081,travel,ios,NG,C-10329,111.0,16,17.89,6,0,0,card,DEV-63721,CLR,Y,0
TXN-000229,2026-08-10T06:15:00,8.41,NGN,M-2059,Grocery,ios,Ghana,C-10257,1714.0,33,10.44,0,0,1,card,DEV-10618,CLR,Y,0
TXN-001064,04/09/2026 22:23,NA,GHS,M-2076,,android,NGA,C-10178,147.0,14,95.1,0,8,0,momo,DEV-56105,CLR,N,0
TXN-000243,2026-08-02T16:50:00,24.09,NGN,M-2042,telecom,ios,gh,C-10399,1164.0,23,22.39,0,6,0,bank,DEV-41577,CNF,N,1
TXN-002453,2026-08-17 00:09:00,109.16,GHS,M-2001,gambling,android,GHA,C-10030,1227.0,25,143.37,0,4,0,momo,DEV-14887,ESC,Y,1
TXN-001161,2026-08-28T08:42:00,26.89,GHS,M-2050,grocery,web,GHA,C-10365,72.0,9,31.21,0,13,0,bank,DEV-48926,CLR,N,0
TXN-002700,22/07/2026 04:00,,GHS,M-2018,fuel,android,ke,C-10122,860.0,25,22.3,0,5,0,card,DEV-42725,CLR,N,0
TXN-001527,2026-09-09T15:31:00,84.72 GHS,GHS,M-2065,RESTAURANTS,web,gh,C-10693,154.0,22,110.92,0,10,0,momo,DEV-96546,CLR,N,0
TXN-001606,2026-07-29 05:00:00,18.39,NGN,M-2077,restaurants,ios,ke,C-10528,658.0,9,21.31,0,10,0,card,DEV-77176,CLR,N,0
TXN-002990,20/08/2026 20:32,NA,NGN,M-2000, telecom ,web,NG,C-10261,3.0,30,10.92,3,21,1,momo,DEV-18214,CLR,Y,0
TXN-003194,22/08/2026 12:27,,NGN,M-2040,gambling,ussd,KE,C-10526,1027.0,35,176.14,0,5,0,card,DEV-19550,CNF,Y,1
TXN-002502,08-23-2026,20.85,GHS,M-2039,Restaurants,web,gh,C-10471,1098.0,32,15.33,1,0,0,card,DEV-84168,CLR,N,0
TXN-003085,2026-08-11T09:35:00,41.25,GHS,M-2075,electronics,web,KE,C-10406,,26,18.63,3,22,0,momo,DEV-26880,CLR,Y,0
TXN-001990,2026-07-23T00:08:00,43.94,GHS,M-2006,,web,ng,C-10070,11.0,10,41.5,0,7,0,card,DEV-97023,CLR,N,0
TXN-002527,2026-08-27 04:35:00,121.42,NGN,M-2058,Grocery,pos,gh,C-10557,1765.0,18,131.0,5,20,0,card,DEV-91091,CLR,Y,0
TXN-001976,2026-08-01T02:11:00,41.65,GHS,M-2009,gambling,ios,GHA,C-10098,608.0,20,43.46,2,3,0,card,DEV-28307,CLR,Y,0
TXN-001762,2026-07-25 21:26:00,31.87,GHS,M-2040,gambling,android,Nigeria,C-10505,865.0,22,31.68,3,19,0,momo,DEV-41555,CLR,Y,0
TXN-001306,2026-09-05T10:06:00,84,GHS,M-2045,telecom,pos,ng,C-10229,955.0,20,109.85,0,19,0,card,DEV-46185,CLR,N,0
TXN-001542,2026-07-26T04:26:00,62.48,GHS,M-2017,grocery,android,NGA,C-10610,582.0,18,47.22,1,13,0,momo,DEV-39738,ESC,N,0
TXN-000623,2026-08-08T07:38:00,9.02,GHS,M-2053,Restaurants,android,ng,C-10202,735.0,6,11.69,0,12,1,card,DEV-41704,CLR,Y,0
TXN-002488,2026-07-23 09:29:00,56.07,GHS,M-2047,Electronics,ios,Nigeria,C-10261,,35,63.39,0,1,0,card,DEV-14126,CLR,N,0
TXN-001494,07-22-2026,23.18 GHS,NGN,M-2035,grocery,pos,GH,C-10296,1510.0,15,13.95,0,9,0,card,DEV-34939,CLR,N,0
TXN-000111,2026-09-08T02:16:00,13.47,GHS,M-2045,,ussd,Ghana,C-10115,,31,9.08,0,21,0,momo,DEV-83119,CNF,N,0
TXN-002276,2026-09-05T18:32:00,25.98,USD,M-2005,other,ios,NGA,C-10118,,37,38.17,0,19,0,momo,DEV-74710,CLR,N,0
TXN-002438,01/08/2026 13:05,41.26,NGN,M-2022,other,ios,Ghana,C-10645,785.0,11,58.49,0,1,0,card,DEV-34065,CLR,N,0
TXN-001170,14/08/2026 09:10,45.90,GHS,M-2095,RESTAURANTS,ios,Nigeria,C-10543,702.0,3,28.96,0,10,0,card,DEV-57132,CLR,N,0
TXN-002642,2026-09-08T13:49:00,20.25,GHS,M-2069,GAMBLING,ios,NGA,C-10510,1091.0,25,16.95,0,16,0,card,DEV-26281,ESC,Y,0
TXN-000233,27/08/2026 11:49,8.74,USD,M-2059,GROCERY,android,gh,C-10167,995.0,22,13.36,7,19,0,card,DEV-29082,CLR,Y,0
TXN-000067,07-26-2026,20.47,GHS,M-2089,crypto,web,ke,C-10598,576.0,33,10.38,7,5,1,card,DEV-64049,CLR,Y,0
TXN-002906,2026-08-06 23:24:00,55.36,NGN,M-2023,fuel,ios,ng,C-10165,548.0,7,29.96,0,5,0,momo,DEV-75449,CLR,N,0
TXN-002073,08-15-2026,17.57,GHS,M-2005,other,web,gh,C-10645,785.0,30,23.37,0,14,0,card,DEV-92543,CLR,N,0
TXN-002193,07/09/2026 07:29,,GHS,M-2030,Telecom,ios,ng,C-10434,1378.0,12,102.38,0,10,0,card,DEV-28103,CLR,N,0
TXN-000537,08-31-2026,62.66,NGN,M-2010,TRAVEL,web,Ghana,C-10318,955.0,12,43.05,4,8,0,momo,DEV-53162,CLR,Y,0
TXN-000126,11/09/2026 05:21,10.95,NGN,M-2026,gambling,ussd,GH,C-10213,323.0,5,12.26,4,15,0,card,DEV-71694,ESC,Y,1
TXN-002134,2026-09-04T04:38:00,28.01,GHS,M-2076,electronics,ios,Nigeria,C-10552,721.0,26,29.16,0,9,0,card,DEV-45992,CLR,N,0
TXN-001255,2026-08-07T00:06:00,12.35,GHS,M-2046,,ios,GHA,C-10628,481.0,2,7.08,0,,0,bank,DEV-42525,CLR,N,0
TXN-002668,2026-08-10T08:32:00,9.27,GHS,M-2008,unk,web,NG,C-10228,962.0,21,13.85,0,6,0,momo,DEV-17860,CLR,N,0
TXN-001977,2026-08-30T22:28:00,97.88,NGN,M-2013,fuel,ios,Nigeria,C-10424,1691.0,3,60.58,3,16,0,card,DEV-83645,CLR,Y,0
TXN-002643,07/08/2026 18:41,44.31,GHS,M-2085,,android,Nigeria,C-10293,1334.0,11,57.52,7,,0,momo,DEV-20314,CNF,Y,0
TXN-002501,2026-07-24T10:02:00,5.77,GHS,M-2007,TELECOM,web,gh,C-10568,402.0,15,7.45,0,17,0,card,DEV-15323,CLR,N,0
TXN-002076,2026-07-24T14:28:00, 4.86 ,GHS,M-2065,restaurants,android,Ghana,C-10425,1549.0,38,4.09,0,10,1,card,DEV-57795,CLR,Y,0
TXN-000485,2026-08-29 15:45:00,10.90,GHS,M-2047,electronics,ios,ng,C-10297,275.0,10,5.08,5,17,0,card,DEV-19215,CLR,Y,0
TXN-001655,07-17-2026,44.15,NGN,M-2032,electronics,android,NGA,C-10315,381.0,3,40.07,7,14,0,momo,DEV-53701,CLR,Y,0
TXN-002872,29/07/2026 02:32,13.96,GHS,M-2040,GAMBLING,web,gh,C-10485,1137.0,8,14.4,0,11,1,momo,DEV-92841,CNF,Y,1
TXN-002439,2026-07-18T15:57:00,76.89,NGN,M-2019,RESTAURANTS,ios,Ghana,C-10022,288.0,25,115.97,0,4,0,momo,DEV-73284,CLR,N,0
TXN-002582,2026-08-14 01:29:00,$7.73,GHS,M-2066,restaurants,pos,NGA,C-10435,249.0,29,10.69,0,5,0,card,DEV-62029,CLR,N,0
TXN-001775,2026-09-01T06:55:00,122.28,GHS,M-2031,other,android,Ghana,C-10049,1335.0,10,144.71,0,11,0,bank,DEV-86506,CLR,N,0
TXN-000919,2026-08-23T05:29:00,62.29,GHS,M-2062,Restaurants,web,Ghana,C-10460,935.0,13,64.74,3,2,0,momo,DEV-53548,CLR,Y,0
TXN-001647,22/08/2026 19:50,37.01,GHS,M-2023,Fuel,web,NG,C-10314,1489.0,32,57.04,0,22,1,momo,DEV-35650,CLR,Y,0
TXN-001027,2026-07-28T08:42:00,75.32,GHS,M-2003,telecom,web,GH,C-10559,125.0,28,43.66,0,2,0,bank,DEV-70057,CLR,N,0
TXN-001031,2026-09-08 21:30:00,115.74,GHS,M-2075,ELECTRONICS,web,GHA,C-10739,89.0,34,92.19,0,18,0,bank,DEV-38538,CLR,N,0
TXN-000883,21/08/2026 19:50,20.12,GHS,M-2083,grocery,web,GH,C-10589,1798.0,2,25.04,0,1,1,momo,DEV-77908,CLR,Y,0
TXN-001336,2026-07-28T18:57:00,12.98,USD,M-2058, grocery ,ios,ke,C-10200,1086.0,12,15.95,0,17,0,momo,DEV-38852,CLR,N,0
TXN-002390,26/08/2026 22:28,7.76,GHS,M-2033,travel,web,Ghana,C-10672,1057.0,11,10.46,0,1,0,momo,DEV-47527,CLR,N,0
TXN-000365,29/08/2026 00:22,$85.33,GHS,M-2031,other,android,NG,C-10653,6.0,5,98.71,0,18,1,card,DEV-34183,CLR,Y,0
TXN-002126,20/08/2026 11:43,8.86,NGN,M-2039,restaurants,ussd,NG,C-10346,1295.0,13,11.86,0,21,1,card,DEV-76576,CLR,Y,0
TXN-000028,2026-08-23 08:08:00,24.98,GHS,M-2076,ELECTRONICS,android,NGA,C-10540,1088.0,1,18.73,0,15,0,bank,DEV-32142,CLR,N,0
TXN-000474,25/07/2026 16:41,37.97,USD,M-2070,grocery,web,GHA,C-10050,1174.0,33,53.67,0,4,0,card,DEV-64893,CLR,N,0
TXN-000526,2026-08-12 15:52:00,27.16,GHS,M-2071,unk,ios,gh,C-10739,89.0,37,19.66,0,20,0,bank,DEV-79357,CLR,N,0
TXN-000726,2026-08-02T12:57:00,49.45,NGN,M-2083,unk,android,GH,C-10263,294.0,25,32.25,4,9,1,card,DEV-24902,CLR,Y,0
TXN-000056,2026-08-09 00:44:00,71.71 GHS,GHS,M-2015,electronics,android,Nigeria,C-10424,1691.0,9,54.41,2,8,0,card,DEV-52988,CLR,Y,0
TXN-000639,07-28-2026,5.13,GHS,M-2004,grocery,android,ng,C-10025,268.0,17,4.31,0,1,0,momo,DEV-39088,CLR,N,0
TXN-000303,12/08/2026 06:03,100.56,GHS,M-2087,Gambling,android,Ghana,C-10608,1373.0,24,93.45,0,7,0,momo,DEV-77277,CLR,Y,0
TXN-002799,2026-08-07T20:03:00,25.05,GHS,M-2077,restaurants,pos,GHA,C-10425,1549.0,16,33.3,0,11,0,bank,DEV-47678,ESC,N,0
TXN-001277,17/08/2026 18:04, 14.09 ,GHS,M-2071,travel,web,ng,C-10543,702.0,21,10.16,0,16,0,card,DEV-28094,CLR,N,0
TXN-002829,2026-09-08 00:35:00,10.24,GHS,M-2085,grocery,pos,NG,C-10652,1344.0,20,6.04,0,4,0,bank,DEV-88098,CLR,N,0
TXN-000625,06/08/2026 09:59,$14.03,GHS,M-2026,gambling,ios,GHA,C-10188,1331.0,27,16.63,0,15,0,bank,DEV-77936,CLR,Y,0
TXN-002056,2026-08-18 06:16:00,51.26,NGN,M-2018,fuel,web,gh,C-10045,682.0,22,52.06,0,22,0,card,DEV-11319,CLR,N,0
TXN-001281,09-03-2026,64.69,GHS,M-2073,ELECTRONICS,ussd,GH,C-10636,554.0,16,53.76,0,11,0,bank,DEV-11438,ESC,N,0
TXN-001050,24/08/2026 08:57,54.52 GHS,USD,M-2008,,android,Kenya,C-10534,4.0,25,44.6,0,10,1,momo,DEV-51614,CLR,Y,0
TXN-000337,2026-07-25T10:18:00,57.78,GHS,M-2017,grocery,ios,Nigeria,C-10159,1715.0,27,65.83,0,3,0,card,DEV-22607,ESC,N,0
TXN-000048,08-05-2026,44.21,GHS,M-2010,travel,ios,Kenya,C-10430,309.0,10,34.24,0,21,0,momo,DEV-84849,CLR,N,0
TXN-000107,2026-08-28T04:37:00,47.52,GHS,M-2052,telecom,web,GHA,C-10044,,26,60.85,0,3,0,card,DEV-59934,CLR,N,0
TXN-002398,25/07/2026 19:27,84.38,NGN,M-2016,RESTAURANTS,web,Ghana,C-10597,1757.0,37,47.17,0,15,0,card,DEV-10592,CLR,N,0
TXN-001080,08-23-2026,61.60 GHS,GHS,M-2027,grocery,android,KE,C-10129,,34,54.8,5,5,0,card,DEV-71340,CLR,Y,0
TXN-002287,2026-08-18T18:25:00,70.96,GHS,M-2029,RESTAURANTS,ussd,Kenya,C-10250,1485.0,31,40.78,0,14,0,card,DEV-21330,CLR,N,0
TXN-002262,2026-08-16T05:49:00,NA,GHS,M-2038,,android,Ghana,C-10619,10.0,6,47.87,0,15,0,card,DEV-96819,CLR,N,0
TXN-001145,2026-07-17T23:30:00,18.70,NGN,M-2094,ELECTRONICS,web,ke,C-10668,762.0,21,28.73,0,3,0,card,DEV-18872,CNF,N,0
TXN-002563,2026-09-04 11:58:00,36.63,GHS,M-2001,gambling,web,Nigeria,C-10710,1652.0,4,28.56,5,2,0,momo,DEV-40374,CNF,Y,1
TXN-002297,2026-07-26T06:47:00,30.86,GHS,M-2007,,ios,NG,C-10082,1127.0,7,28.33,1,2,0,momo,DEV-14334,CNF,N,0
TXN-001837,2026-09-04T04:57:00,17.73,GHS,M-2067,electronics,ussd,gh,C-10043,1581.0,2,12.67,0,3,0,momo,DEV-60830,CLR,N,0
TXN-001754,2026-08-29T00:29:00,37.76,GHS,M-2007,telecom,web,NG,C-10432,1568.0,4,28.41,0,13,0,card,DEV-28701,CLR,N,0
TXN-001102,07-18-2026,20.14,USD,M-2095,RESTAURANTS,ios,ke,C-10077,1294.0,7,18.3,0,16,0,card,DEV-15038,CLR,N,0
TXN-001969,2026-07-19T23:59:00,22,GHS,M-2019,restaurants,android,NGA,C-10194,199.0,38,23.41,0,0,1,momo,DEV-69958,CLR,Y,0
TXN-002943,2026-07-19 12:14:00,31.61,GHS,M-2005,other,ios,NGA,C-10646,,16,21.78,7,2,0,momo,DEV-92618,CLR,Y,0
TXN-000524,26/08/2026 03:57,16.51,NGN,M-2078,restaurants,pos,NG,C-10221,1278.0,6,22.94,0,22,1,momo,DEV-91138,ESC,Y,0
TXN-002281,2026-08-16T21:12:00,60.07,GHS,M-2035, grocery ,pos,gh,C-10373,1785.0,20,67.41,0,19,1,card,DEV-14516,CLR,Y,0
TXN-001429,18/07/2026 06:18,23.51,GHS,M-2030,telecom,ios,gh,C-10239,1598.0,20,35.69,0,16,0,card,DEV-67909,CLR,N,0
TXN-003169,2026-08-12 13:52:00,152.35,GHS,M-2070,grocery,ios,gh,C-10044,1.0,24,143.16,5,13,1,bank,DEV-57672,CLR,Y,0
TXN-000604,2026-09-01T10:47:00,54,GHS,M-2068,GROCERY,android,NGA,C-10306,2.0,9,34.2,0,,0,momo,DEV-67656,ESC,N,0
TXN-001490,06/08/2026 16:44,35.80,GHS,M-2073,electronics,android,Ghana,C-10275,,26,48.74,0,12,1,card,DEV-98592,CNF,Y,1
TXN-002526,2026-08-19T23:28:00,67.12,GHS,M-2008,grocery,ios,GH,C-10522,1183.0,36,60.55,7,17,0,momo,DEV-91806,CLR,Y,0
TXN-000061,08-25-2026,31.67,GHS,M-2045,telecom,pos,NG,C-10071,41.0,1,40.29,0,2,0,momo,DEV-21127,CLR,N,0
TXN-002950,08/08/2026 08:48,44.40,NGN,M-2090,,pos,GHA,C-10352,131.0,27,22.95,0,19,0,momo,DEV-13285,CLR,N,0
TXN-000672,2026-07-30T02:42:00,64.66,GHS,M-2017,grocery,pos,GHA,C-10078,1676.0,33,43.81,0,1,0,momo,DEV-38250,CLR,N,0
TXN-000093,2026-07-27T04:37:00,28.54,GHS,M-2005,other,web,GH,C-10522,1183.0,12,34.76,0,16,0,momo,DEV-22503,CLR,N,0
TXN-000667,22/07/2026 03:18,48.26,GHS,M-2068,grocery,pos,KE,C-10094,907.0,19,39.76,0,3,0,momo,DEV-49739,CLR,N,0
TXN-001888,01/08/2026 17:00,37.52,NGN,M-2027,Grocery,android,NGA,C-10228,962.0,20,53.2,6,20,0,bank,DEV-60104,CLR,Y,0
TXN-000281,07-28-2026,30.39,GHS,M-2021,travel,web,Ghana,C-10312,1147.0,14,37.53,3,23,0,card,DEV-43165,CLR,Y,0
TXN-001720,2026-08-22T02:42:00,$18.95,USD,M-2012,Restaurants,pos,KE,C-10280,129.0,31,20.35,0,3,0,momo,DEV-77703,CLR,N,0
TXN-000360,2026-08-21T12:14:00,38.30,GHS,M-2062,unk,android,GHA,C-10292,1470.0,28,55.47,0,19,0,card,DEV-76081,CLR,N,0
TXN-000900,02/08/2026 20:50,29.46,NGN,M-2084,grocery,web,NGA,C-10652,1344.0,37,40.42,0,10,0,card,DEV-61387,CLR,N,0
TXN-001936,2026-08-19 11:55:00,19.09,NGN,M-2050,grocery,ios,GHA,C-10216,110.0,6,28.37,0,17,0,momo,DEV-14224,CLR,N,0
TXN-001995,2026-08-11T16:46:00,46.77,GHS,M-2062,Restaurants,web,NGA,C-10273,214.0,19,21.8,0,3,0,momo,DEV-93178,CLR,N,0
TXN-002487,2026-08-18T18:10:00,NA,GHS,M-2046,,web,Nigeria,C-10144,,16,25.89,0,10,0,card,DEV-30701,CLR,N,0
TXN-000761,2026-08-06T09:18:00,28.23,NGN,M-2001,GAMBLING,ios,Ghana,C-10018,1389.0,26,32.32,0,15,1,momo,DEV-34071,CLR,Y,0
TXN-002159,09-10-2026,41.26,GHS,M-2069,Gambling,android,gh,C-10689,1352.0,6,24.36,0,16,0,bank,DEV-86331,CLR,Y,0
TXN-003075,2026-08-24T01:24:00,73.44,GHS,M-2022,other,ussd,Ghana,C-10296,1510.0,31,98.06,0,16,0,card,DEV-49238,CLR,N,0
TXN-000043,2026-08-08T16:50:00,59.40,GHS,M-2093,travel,pos,GH,C-10278,1647.0,9,33.17,0,15,0,card,DEV-42321,CLR,N,0
TXN-002174,2026-08-06T23:36:00,63.53,GHS,M-2066,restaurants,ios,GHA,C-10041,,12,81.69,0,10,0,card,DEV-14182,CLR,N,0
TXN-000205,23/08/2026 19:44,43.60,GHS,M-2073,ELECTRONICS,web,gh,C-10113,438.0,30,20.72,0,11,0,card,DEV-71651,CLR,N,0
TXN-001474,10/09/2026 09:10,42.47,GHS,M-2088,grocery,web,Ghana,C-10167,995.0,2,42.22,0,17,1,card,DEV-46023,CLR,Y,0
TXN-002101,2026-08-13T19:32:00,27.25,GHS,M-2094,ELECTRONICS,ussd,Ghana,C-10438,505.0,5,17.24,0,21,0,card,DEV-38435,ESC,N,1
TXN-000069,2026-07-30T17:59:00,16.40,NGN,M-2048,restaurants,pos,Ghana,C-10721,6.0,10,20.08,0,2,0,card,DEV-13652,CLR,N,0
TXN-001876,01/08/2026 00:41,15.30,USD,M-2013,Fuel,android,GH,C-10115,178.0,24,19.63,6,9,0,card,DEV-72960,CLR,Y,0
TXN-002556,2026-07-29T10:41:00,36.06,GHS,M-2018,,android,Ghana,C-10412,236.0,14,49.98,0,8,0,momo,DEV-16052,CLR,N,0
TXN-002232,08-15-2026,30.46,NGN,M-2017,grocery,android,GH,C-10018,,1,46.06,0,4,0,bank,DEV-72726,CLR,N,0
TXN-000138,08-12-2026,,GHS,M-2072,fuel,web,KE,C-10094,907.0,37,87.14,0,19,0,bank,DEV-72506,CLR,N,0
TXN-000797,2026-07-27 03:56:00,29.72,NGN,M-2028,Grocery,ios,Ghana,C-10393,,5,43.49,0,7,0,bank,DEV-91707,CLR,N,0
TXN-002181,2026-08-20T21:40:00,44.64,GHS,M-2049,grocery,android,gh,C-10612,1226.0,37,61.67,3,22,1,momo,DEV-37443,CLR,Y,0
TXN-002129,09-04-2026,11.93,GHS,M-2051,grocery,ussd,GH,C-10596,212.0,6,6.82,0,8,0,bank,DEV-45859,CLR,N,0
TXN-000759,10/08/2026 09:26,6.49,NGN,M-2029,restaurants,web,GHA,C-10613,1497.0,0,7.56,0,15,0,card,DEV-93482,CLR,N,0
TXN-000542,27/07/2026 18:05,110.12,GHS,M-2016,,android,gh,C-10573,1498.0,6,90.5,0,11,0,card,DEV-39381,CLR,N,0
TXN-001020,2026-09-01 22:00:00,103.85,GHS,M-2003,telecom,pos,GH,C-10113,438.0,21,132.13,0,14,0,momo,DEV-53995,CLR,N,0
TXN-002462,19/07/2026 06:16,25.12,GHS,M-2019,Restaurants,ios,GHA,C-10487,601.0,37,20.18,0,8,0,momo,DEV-27553,CLR,N,0
TXN-000166,2026-07-29T07:36:00,3.40,NGN,M-2010,Travel,web,GH,C-10638,505.0,4,2.42,6,11,0,momo,DEV-22227,CLR,Y,0
TXN-000249,2026-08-26 21:55:00,,GHS,M-2035,grocery,ios,GH,C-10483,881.0,34,8.96,0,17,0,momo,DEV-57200,CLR,N,0
TXN-001332,28/08/2026 21:53,104.18,GHS,M-2048,Restaurants,web,NG,C-10510,1091.0,39,74.2,0,10,0,momo,DEV-76886,CLR,N,0
TXN-002018,29/08/2026 01:36,$10.76,USD,M-2082,fuel,ussd,Ghana,C-10222,241.0,25,9.99,4,5,1,card,DEV-93428,CLR,Y,0
TXN-000447,08-12-2026,137.71,NGN,M-2068,,web,Ghana,C-10672,1057.0,24,210.21,0,5,1,card,DEV-94133,CLR,Y,0
TXN-001359,27/08/2026 16:24,$92.41,GHS,M-2092,Gambling,web,Ghana,C-10276,2.0,38,71.85,0,10,1,bank,DEV-71206,CNF,Y,1
TXN-002146,22/08/2026 22:50,64.22,GHS,M-2052,telecom,pos,NG,C-10145,454.0,32,84.89,0,1,0,momo,DEV-14070,CLR,N,0
TXN-001330,16/08/2026 16:48,11.58,NGN,M-2074,grocery,ios,NG,C-10261,3.0,12,12.94,2,14,0,card,DEV-70134,CLR,Y,0
TXN-003121,2026-08-24 06:38:00,30.03,GHS,M-2001,,pos,Ghana,C-10284,951.0,39,13.8,0,20,0,momo,DEV-99351,CLR,Y,0
TXN-002151,2026-08-02 19:15:00,20.13,GHS,M-2052,,web,GHA,C-10079,1597.0,31,12.72,0,2,0,momo,DEV-59078,CLR,N,0
TXN-000435,07-20-2026,32.82,GHS,M-2005,Other,android,GH,C-10368,521.0,29,39.34,0,18,0,momo,DEV-77420,CNF,N,0
TXN-002123,06/09/2026 03:55,13.90,USD,M-2034,,ussd,GH,C-10586,2.0,21,9.77,0,23,0,bank,DEV-90011,CNF,Y,1
TXN-000578,02/09/2026 11:01,11.43,GHS,M-2033,travel,web,Ghana,C-10417,35.0,25,5.19,6,16,0,card,DEV-10492,CLR,Y,0
TXN-002568,2026-08-27T09:25:00,58.32,GHS,M-2079,telecom,android,Ghana,C-10666,78.0,25,60.31,0,,0,momo,DEV-23117,ESC,N,0
TXN-002942,2026-07-28T18:14:00,247.13,GHS,M-2062,RESTAURANTS,android,GH,C-10148,562.0,12,169.9,0,22,0,momo,DEV-15160,CLR,N,0
TXN-002449,07-18-2026,40.25,USD,M-2061,crypto,web,ng,C-10446,2.0,28,57.59,3,21,0,card,DEV-97728,CLR,Y,0
TXN-001849,2026-09-07T05:52:00,64.96,GHS,M-2091,telecom,web,ng,C-10415,1193.0,10,71.85,0,19,0,card,DEV-63991,CLR,N,0
TXN-000763,07-21-2026,51.16,GHS,M-2041, fuel ,android,gh,C-10162,738.0,28,68.33,0,12,0,momo,DEV-16826,CLR,N,0
TXN-000389,30/08/2026 19:18,69.19,USD,M-2069, gambling ,android,GHA,C-10051,1316.0,7,38.36,0,5,1,momo,DEV-44649,CLR,Y,0
TXN-000236,2026-07-24 03:55:00,$16.59,GHS,M-2081,Travel,android,Ghana,C-10459,1757.0,5,10.48,0,10,0,momo,DEV-76591,CLR,N,0
TXN-002796,26/08/2026 16:07,13.43,GHS,M-2076,ELECTRONICS,ios,gh,C-10190,1526.0,4,17.19,2,2,1,momo,DEV-32073,ESC,Y,0
TXN-001985,2026-08-27 06:27:00,15.30,GHS,M-2048,restaurants,pos,Nigeria,C-10611,1.0,17,21.33,0,5,1,momo,DEV-85778,CLR,Y,0
TXN-000268,2026-08-10T06:55:00,38.95,NGN,M-2009,gambling,android,Ghana,C-10392,11.0,20,49.22,6,2,0,momo,DEV-22194,CLR,Y,0
TXN-000771,2026-08-15T13:15:00,73.43,GHS,M-2081,travel,web,KE,C-10040,0.0,9,111.97,0,6,0,momo,DEV-78823,CLR,N,0
TXN-002166,2026-09-05T19:26:00,39.71,NGN,M-2040,,web,gh,C-10620,423.0,33,39.64,0,9,0,momo,DEV-96131,CLR,Y,0
TXN-000438,2026-07-20T20:56:00,110.47,GHS,M-2044,unk,ussd,GH,C-10017,169.0,0,129.06,0,9,0,momo,DEV-62535,CLR,N,0
TXN-000674,2026-08-04T18:53:00,22.67,NGN,M-2039,restaurants,android,GH,C-10721,6.0,8,26.08,0,7,0,card,DEV-86315,CLR,N,0
TXN-000250,2026-08-27T21:10:00,30.29,GHS,M-2006,telecom,android,GHA,C-10128,102.0,2,28.33,0,,0,momo,DEV-60885,CLR,N,0
TXN-002202,2026-07-30T09:44:00,,GHS,M-2049,grocery,web,GHA,C-10368,521.0,16,7.91,0,16,0,momo,DEV-56411,CLR,N,0
TXN-001575,08-23-2026,$71.60,NGN,M-2023,fuel,ios,Ghana,C-10242,10.0,8,95.97,5,20,0,bank,DEV-40297,CLR,Y,0
TXN-002143,2026-08-18T15:15:00,$3.64,GHS,M-2016,restaurants,ussd,Ghana,C-10721,6.0,39,4.15,0,1,1,card,DEV-42609,CNF,Y,1
TXN-002082,2026-08-12T14:40:00,35.29,GHS,M-2057,restaurants,web,GHA,C-10072,378.0,39,24.91,0,0,0,momo,DEV-66008,CLR,N,0
TXN-002810,2026-09-10T08:20:00,4.32,GHS,M-2032,electronics,web,Kenya,C-10350,1184.0,2,3.58,0,22,0,bank,DEV-66076,CLR,N,0
TXN-002757,08-29-2026,347.51,GHS,M-2081,travel,web,NGA,C-10008,1696.0,4,431.34,0,20,1,momo,DEV-19901,CLR,Y,0
TXN-003067,2026-09-07T10:09:00,11.91 GHS,USD,M-2003,telecom,web,gh,C-10184,674.0,24,15.27,0,19,1,card,DEV-44120,CLR,Y,0
TXN-000449,2026-07-30T19:02:00,15.17 GHS,GHS,M-2057,unk,web,gh,C-10585,1174.0,3,10.09,0,14,0,momo,DEV-71439,CLR,N,0
TXN-001470,2026-08-11T05:38:00,11.17,GHS,M-2075,electronics,ios,Kenya,C-10243,931.0,33,9.59,0,17,1,bank,DEV-54807,CLR,Y,0
TXN-000717,2026-08-12T11:59:00,187.17,GHS,M-2046,travel,android,ng,C-10710,1652.0,24,237.22,0,0,0,momo,DEV-23688,CLR,N,0
TXN-002575,2026-08-24 01:20:00,NA,NGN,M-2016,restaurants,pos,GHA,C-10253,237.0,8,20.61,3,8,0,momo,DEV-56521,CNF,Y,1
TXN-002806,2026-08-19 18:29:00,39.88,NGN,M-2008,grocery,android,GH,C-10157,1768.0,3,24.65,4,7,0,momo,DEV-58588,CNF,Y,1
TXN-002049,2026-07-28T21:31:00,27.78,GHS,M-2033,travel,android,Ghana,C-10492,1718.0,1,12.86,0,9,0,bank,DEV-92855,CLR,N,0
TXN-001902,27/08/2026 22:24,,USD,M-2080,restaurants,ussd,Kenya,C-10122,860.0,27,45.83,0,0,0,momo,DEV-95249,CLR,N,0
TXN-001169,2026-07-18T12:19:00,17.60,GHS,M-2048,restaurants,ios,gh,C-10166,400.0,10,23.57,0,8,0,card,DEV-66942,CLR,N,0
TXN-000083,2026-08-07T12:54:00,40.49,NGN,M-2026,gambling,pos,Ghana,C-10026,647.0,25,62.21,0,6,0,card,DEV-18137,CNF,Y,1
TXN-002603,2026-08-16 00:37:00,24.43,GHS,M-2079, telecom ,web,GH,C-10562,1059.0,37,19.61,0,2,0,bank,DEV-92111,CLR,N,0
TXN-001461,01/08/2026 05:28,$45.03,NGN,M-2034, gambling ,web,gh,C-10636,554.0,33,39.54,2,9,0,bank,DEV-19498,CLR,Y,0
TXN-001894,10/09/2026 22:35,32.34,GHS,M-2008,,ios,KE,C-10526,1027.0,31,36.55,0,0,0,momo,DEV-70112,CNF,N,1
TXN-001669,2026-08-15T05:44:00,36.09 GHS,NGN,M-2076,electronics,ussd,NG,C-10260,9.0,4,35.47,0,2,1,momo,DEV-91156,CNF,Y,1
TXN-002001,08-05-2026,12.49,GHS,M-2007,TELECOM,web,NG,C-10126,,11,17.34,0,6,0,card,DEV-78153,CLR,N,0
TXN-000476,2026-08-05T07:33:00,15.25,NGN,M-2066,restaurants,android,NG,C-10570,814.0,28,15.5,6,,0,momo,DEV-57787,CLR,Y,0
TXN-000518,2026-08-23T02:54:00,54.66,NGN,M-2054,telecom,ios,GHA,C-10724,1703.0,16,51.6,0,10,0,momo,DEV-18824,CLR,N,0
TXN-000405,2026-08-29 11:34:00,24.42,GHS,M-2095,restaurants,ussd,Ghana,C-10266,1727.0,32,29.68,7,7,0,momo,DEV-19304,CLR,Y,0
TXN-000385,2026-09-10T02:15:00,16.22 GHS,GHS,M-2009,,android,GH,C-10407,226.0,12,14.08,0,,1,card,DEV-87339,CLR,Y,0
TXN-003159,12/08/2026 22:01,87.41,GHS,M-2023,Fuel,android,NG,C-10524,523.0,30,112.17,6,22,0,card,DEV-72659,CLR,Y,0
TXN-002153,2026-07-26T06:12:00,50.86,NGN,M-2024,telecom,ussd,GH,C-10175,976.0,26,68.63,0,17,0,momo,DEV-58018,CLR,N,0
TXN-001634,11/08/2026 21:55,46.67,GHS,M-2027,grocery,android,Nigeria,C-10556,521.0,1,64.08,0,3,0,momo,DEV-98034,ESC,N,0
TXN-003097,2026-07-26 21:39:00,,GHS,M-2027,grocery,pos,Ghana,C-10080,1131.0,9,120.89,0,4,0,momo,DEV-25657,CLR,N,0
TXN-000689,2026-09-06 08:11:00,39.29 GHS,GHS,M-2018,Fuel,web,Ghana,C-10087,1045.0,0,50.98,0,23,0,momo,DEV-89753,CLR,N,0
TXN-001241,2026-09-04T07:55:00,42.05,NGN,M-2068,grocery,pos,GH,C-10454,553.0,19,41.15,0,5,0,momo,DEV-58747,CLR,N,0
TXN-000063,2026-08-23T03:54:00,60.17,USD,M-2062,restaurants,ios,gh,C-10701,717.0,36,43.56,0,10,0,momo,DEV-22479,CLR,N,0
TXN-000853,2026-09-01 09:22:00,143.69,GHS,M-2066, restaurants ,android,NGA,C-10732,691.0,7,70.35,0,1,0,momo,DEV-65752,CLR,N,0
TXN-002952,2026-07-31T06:13:00,11.82,NGN,M-2091,TELECOM,ios,GH,C-10385,1329.0,8,17.76,0,13,0,card,DEV-99207,CLR,N,0
TXN-002660,2026-07-18T02:30:00,11.12,GHS,M-2048,restaurants,android,ke,C-10223,1532.0,2,15.18,0,6,1,bank,DEV-39900,CLR,Y,0
TXN-001263,01/08/2026 12:57,73.26,NGN,M-2013,fuel,android,Ghana,C-10717,,12,41.74,3,20,0,card,DEV-97327,CLR,Y,0
TXN-000224,08-30-2026,57.32,NGN,M-2079,telecom,android,ng,C-10482,1268.0,13,43.42,5,21,0,card,DEV-60154,ESC,Y,0
TXN-002194,2026-07-21T14:00:00,54.94,GHS,M-2078,restaurants,web,ng,C-10141,891.0,32,51.24,0,5,0,momo,DEV-23093,CLR,N,0
TXN-000374,25/07/2026 04:06,,GHS,M-2024,telecom,android,GH,C-10582,531.0,10,28.46,0,17,1,card,DEV-48934,CLR,Y,0
TXN-001825,2026-08-17T18:16:00,55.14,GHS,M-2035,,android,ke,C-10280,129.0,16,54.45,6,,0,momo,DEV-75979,CNF,Y,0
TXN-002723,26/08/2026 03:20,,GHS,M-2068,Grocery,web,NGA,C-10394,1305.0,13,19.26,0,21,0,momo,DEV-87067,CLR,N,0
TXN-003077,2026-08-21T18:45:00,44.03,GHS,M-2079,telecom,ios,Ghana,C-10391,1295.0,35,45.73,0,12,0,momo,DEV-82211,CLR,N,0
TXN-002787,2026-08-12T06:19:00,11.81,GHS,M-2045,telecom,android,gh,C-10247,953.0,8,10.73,5,23,0,momo,DEV-11946,CLR,Y,1
TXN-003173,07-28-2026,36.71,GHS,M-2069, gambling ,web,Kenya,C-10506,1127.0,28,49.36,0,6,0,momo,DEV-65530,CLR,Y,0
TXN-000010,31/07/2026 03:23,25.31,GHS,M-2071,travel,web,gh,C-10539,,29,17.3,0,23,0,momo,DEV-90294,CNF,N,1
TXN-002498,2026-08-15 10:23:00,69.49,GHS,M-2090,grocery,pos,GH,C-10064,905.0,37,98.1,0,16,0,card,DEV-37329,CLR,N,0
TXN-001945,19/08/2026 14:31,47.54,NGN,M-2083, grocery ,pos,GHA,C-10284,951.0,21,44.46,0,3,1,card,DEV-81616,CLR,Y,0
TXN-001839,08-03-2026,9.73,NGN,M-2007,,android,ng,C-10317,9.0,16,4.43,6,1,0,card,DEV-78722,CLR,Y,0
TXN-000709,2026-07-29 21:30:00,18.30,NGN,M-2046,travel,ussd,NGA,C-10501,1376.0,8,25.28,0,1,0,momo,DEV-99453,CLR,N,0
TXN-000256,17/08/2026 10:23,56.12,GHS,M-2013,fuel,web,GHA,C-10568,402.0,19,25.3,0,4,0,card,DEV-43706,CLR,N,0
TXN-001618,2026-08-04T15:54:00,12.88,GHS,M-2055,Telecom,web,GH,C-10026,,4,13.16,0,22,0,momo,DEV-45777,CNF,N,0
TXN-000390,07-19-2026,30.87,GHS,M-2048,Restaurants,ios,gh,C-10312,1147.0,13,41.58,6,5,0,momo,DEV-70623,CLR,Y,0
TXN-001582,2026-09-05 16:15:00,87.39,USD,M-2020,Telecom,ios,GHA,C-10215,744.0,24,100.71,0,15,0,card,DEV-59065,CLR,N,0
TXN-000925,2026-09-02T01:11:00,27.45,GHS,M-2050,grocery,ussd,Ghana,C-10099,678.0,16,28.3,0,11,1,momo,DEV-42384,CLR,Y,0
TXN-002509,2026-08-16 18:00:00,12.26,GHS,M-2026,gambling,android,gh,C-10218,333.0,26,11.54,0,3,0,bank,DEV-94937,CLR,Y,0
TXN-002037,2026-08-07 18:11:00,10.63,GHS,M-2010,travel,ios,Ghana,C-10731,991.0,32,10.51,0,0,1,momo,DEV-78803,CLR,Y,0
TXN-002580,2026-08-05T01:51:00,40.83,GHS,M-2071,Travel,android,GH,C-10735,1278.0,0,40.54,6,,0,momo,DEV-12396,CLR,Y,0
TXN-001225,05/08/2026 08:36,21.48,GHS,M-2033,Travel,android,GH,C-10564,448.0,3,16.74,0,,0,card,DEV-13906,CLR,N,0
TXN-001947,08-25-2026,60.47,GHS,M-2037,crypto,ios,gh,C-10133,81.0,0,48.76,0,20,1,momo,DEV-98669,CLR,Y,0
TXN-000740,2026-07-20T10:02:00, 24.96 ,GHS,M-2011,other,pos,Nigeria,C-10382,1286.0,16,37.8,3,13,0,card,DEV-92539,CNF,Y,1
TXN-000041,2026-08-04T11:44:00,12.67,GHS,M-2076,electronics,ios,KE,C-10494,568.0,11,14.58,4,12,0,card,DEV-29149,CLR,Y,0
TXN-000869,2026-08-14 12:59:00,13.74,NGN,M-2048,RESTAURANTS,ussd,GH,C-10472,652.0,4,21.24,0,15,0,card,DEV-48956,CLR,N,0
TXN-000540,2026-09-03T01:52:00,1981.78,GHS,M-2060,RESTAURANTS,web,ke,C-10517,1054.0,28,2678.9,0,17,0,momo,DEV-88506,CLR,Y,0
TXN-003109,2026-08-24T11:22:00,31.13,GHS,M-2026,GAMBLING,ios,Ghana,C-10730,1342.0,35,46.79,0,4,1,momo,DEV-89594,CNF,Y,1
TXN-001372,2026-08-09T21:54:00,27.48,GHS,M-2074,grocery,android,Nigeria,C-10565,487.0,28,28.88,0,22,0,momo,DEV-80711,CLR,N,0
TXN-001146,2026-08-19 13:57:00,18.03,GHS,M-2023,fuel,web,Nigeria,C-10249,9.0,35,22.43,0,19,0,card,DEV-97501,CLR,N,0
TXN-001032,2026-07-20 11:23:00,97.77,USD,M-2028,GROCERY,android,GHA,C-10597,1757.0,11,144.35,3,11,0,momo,DEV-49255,CNF,Y,1
TXN-000373,2026-09-10T04:08:00,19.81,GHS,M-2052,telecom,pos,KE,C-10264,670.0,1,11.77,0,16,0,momo,DEV-78949,CLR,N,0
TXN-000668,20/08/2026 07:06,100.64,GHS,M-2054,telecom,web,GH,C-10090,18.0,39,76.39,4,13,0,momo,DEV-68878,CLR,Y,0
TXN-000358,07-22-2026,65.87,NGN,M-2095,restaurants,pos,GHA,C-10209,476.0,2,100.32,0,12,0,momo,DEV-17723,CLR,N,0
TXN-000968,2026-07-24T09:18:00,19.21,GHS,M-2033,TRAVEL,ios,gh,C-10739,89.0,9,15.67,0,9,0,card,DEV-69630,CLR,N,0
TXN-001354,2026-07-21T04:41:00,20.71,GHS,M-2033,travel,web,Nigeria,C-10315,381.0,33,24.13,4,4,1,card,DEV-19043,ESC,Y,0
TXN-001036,09/08/2026 05:08, 13.83 ,GHS,M-2002,fuel,pos,GH,C-10258,160.0,34,16.68,0,5,0,momo,DEV-54586,CLR,N,0
TXN-000471,2026-08-09T07:39:00,,GHS,M-2003,Telecom,android,gh,C-10166,400.0,5,432.37,1,22,0,bank,DEV-79087,ESC,N,0
TXN-001397,2026-08-09 17:35:00,12.19,GHS,M-2077,restaurants,android,gh,C-10445,975.0,7,18.28,2,21,0,momo,DEV-70900,CNF,Y,0
TXN-002813,2026-08-26T13:52:00,37.52,GHS,M-2073,electronics,android,GHA,C-10152,1390.0,0,31.21,0,0,1,card,DEV-25482,CLR,Y,0
TXN-001550,08-20-2026,$18.72,GHS,M-2086,telecom,web,NGA,C-10054,1709.0,28,21.02,1,15,0,card,DEV-86671,CLR,N,0
TXN-001257,2026-08-22T18:56:00,13.81,GHS,M-2080,restaurants,pos,NG,C-10349,11.0,2,18.35,0,13,0,momo,DEV-58485,CLR,N,0
TXN-002095,2026-08-30 09:42:00,30.13,GHS,M-2044,fuel,web,GHA,C-10033,1546.0,25,21.36,1,8,1,card,DEV-62046,CLR,Y,0
TXN-001556,21/07/2026 23:12,11.12,GHS,M-2077,restaurants,web,GH,C-10699,1481.0,11,16.92,0,19,0,card,DEV-84277,CLR,N,0
TXN-002992,07-20-2026, 24.18 ,GHS,M-2077,restaurants,android,GHA,C-10705,246.0,21,15.71,0,21,0,momo,DEV-31212,CLR,N,0
TXN-001251,2026-08-20T01:35:00,,GHS,M-2077,restaurants,ios,Nigeria,C-10055,7.0,3,26.96,3,17,0,card,DEV-63183,CLR,Y,0
TXN-001700,2026-08-16T16:39:00, 66.56 ,GHS,M-2001, gambling ,ios,gh,C-10695,,23,49.15,0,18,0,momo,DEV-39748,CLR,Y,0
TXN-001253,2026-08-01T18:43:00,71.78,GHS,M-2082,fuel,web,ng,C-10540,,6,104.08,1,20,0,card,DEV-54127,CLR,N,0
TXN-002986,2026-09-11T02:09:00,27.29,GHS,M-2009,gambling,ios,NG,C-10149,1376.0,19,36.7,0,10,1,momo,DEV-50298,CLR,Y,0
TXN-000080,2026-08-27T11:05:00,8.89,GHS,M-2016,restaurants,web,GH,C-10098,608.0,8,11.97,0,18,0,momo,DEV-18542,CLR,N,0
TXN-001173,09-10-2026,,GHS,M-2010,travel,ios,Nigeria,C-10260,9.0,22,48.02,0,12,0,card,DEV-14880,CLR,N,0
TXN-000815,2026-07-23T07:04:00,11.77,GHS,M-2056,gambling,pos,Ghana,C-10393,916.0,20,9.3,4,23,0,card,DEV-71769,CLR,Y,0
TXN-001853,23/08/2026 18:41,23.36,GHS,M-2054,telecom,web,NGA,C-10556,521.0,14,26.7,5,12,0,momo,DEV-85426,CLR,Y,0
TXN-002221,08/08/2026 23:54,15.92,GHS,M-2091,telecom,ios,GHA,C-10486,1463.0,7,7.28,4,23,0,momo,DEV-86593,CLR,Y,0
TXN-002822,14/08/2026 20:52,18.77,GHS,M-2095,restaurants,pos,NG,C-10025,268.0,15,9.32,4,13,0,momo,DEV-94869,CLR,Y,0
TXN-002106,2026-08-30T08:14:00,85.01,GHS,M-2080,restaurants,web,Nigeria,C-10415,1193.0,21,114.2,0,1,0,momo,DEV-13311,CLR,N,0
TXN-000134,2026-08-20T06:01:00,97.54 GHS,USD,M-2051,grocery,ios,GHA,C-10147,,21,128.31,0,1,1,momo,DEV-55449,CNF,Y,1
TXN-001141,2026-07-19 19:22:00,11.97,NGN,M-2092,gambling,android,ng,C-10008,,26,5.73,1,20,1,bank,DEV-65066,CNF,Y,0
TXN-000934,04/08/2026 06:41,27.94,GHS,M-2035,grocery,ios,Nigeria,C-10555,1679.0,15,25.34,0,10,0,card,DEV-65323,CLR,N,0
TXN-000929,08/09/2026 15:31,,GHS,M-2084,grocery,web,GHA,C-10499,1340.0,14,292.74,0,17,0,momo,DEV-86886,CLR,N,0
TXN-000824,08/09/2026 09:51,183.66,USD,M-2085,grocery,pos,Ghana,C-10012,645.0,0,251.0,0,3,0,card,DEV-50679,CNF,N,1
TXN-001532,2026-07-25T23:21:00,,GHS,M-2063,telecom,web,GH,C-10307,1430.0,25,22.04,5,16,0,bank,DEV-43749,CLR,Y,0
TXN-001215,2026-09-02T10:46:00,101.94,GHS,M-2095,restaurants,ios,GHA,C-10687,375.0,34,139.33,0,1,0,card,DEV-45211,CLR,N,0
TXN-000505,10/08/2026 02:11,119.12,GHS,M-2053,restaurants,pos,Nigeria,C-10702,,4,150.79,0,13,0,card,DEV-64991,CLR,N,0
TXN-003180,2026-08-16T13:37:00,138.12,GHS,M-2064,RESTAURANTS,web,Ghana,C-10380,11.0,32,189.85,3,17,0,momo,DEV-15096,CLR,Y,0
TXN-002396,13/08/2026 01:11,71.36,GHS,M-2072,fuel,pos,GHA,C-10244,507.0,22,98.63,0,22,1,momo,DEV-18432,CNF,Y,1
TXN-001997,2026-08-03T05:16:00,17.94,GHS,M-2047,electronics,ios,gh,C-10420,1449.0,29,11.8,0,15,0,card,DEV-46249,ESC,N,0
TXN-002435,2026-09-05 11:55:00,74.85,NGN,M-2006,Telecom,web,Nigeria,C-10194,199.0,5,62.77,0,0,0,momo,DEV-53119,CLR,N,0
TXN-001959,08-20-2026,200.15,GHS,M-2041,fuel,ios,gh,C-10680,1285.0,20,306.95,7,16,0,card,DEV-55906,ESC,Y,0
TXN-001385,26/08/2026 02:22,95.42,GHS,M-2057,,web,gh,C-10255,226.0,13,138.6,0,16,1,bank,DEV-73935,CLR,Y,0
TXN-000895,06/08/2026 16:32,72.80,NGN,M-2090,grocery,web,NG,C-10507,821.0,0,86.26,0,14,0,momo,DEV-83290,ESC,N,0
TXN-000829,07-31-2026,40.05,GHS,M-2047,electronics,android,gh,C-10258,160.0,19,32.11,0,5,0,momo,DEV-98101,CLR,N,0
TXN-003131,08/09/2026 06:44,40.35,GHS,M-2038,electronics,web,ke,C-10480,1541.0,17,25.23,0,20,1,card,DEV-17615,CLR,Y,0
TXN-002524,2026-08-02T22:14:00,72.05,GHS,M-2081,TRAVEL,android,GH,C-10386,,36,59.84,0,21,0,card,DEV-57390,ESC,N,1
TXN-001684,08/09/2026 15:02,5.44,USD,M-2026,gambling,android,GH,C-10427,444.0,8,4.37,0,17,0,momo,DEV-71535,CLR,Y,0
TXN-002763,26/08/2026 13:05,32.39,GHS,M-2052,telecom,android,GH,C-10597,1757.0,20,30.2,0,5,0,momo,DEV-76053,CLR,N,0
TXN-002746,2026-08-16T05:12:00,40.84,GHS,M-2075,electronics,ios,Ghana,C-10612,1226.0,12,54.36,3,3,0,card,DEV-24480,CLR,Y,0
TXN-002698,28/08/2026 01:12,99.19,NGN,M-2086,telecom,android,GH,C-10359,319.0,10,107.02,0,21,0,bank,DEV-78324,CNF,N,1
TXN-000653,2026-09-01 23:48:00,27.63,GHS,M-2018,Fuel,ios,ke,C-10627,1607.0,37,19.64,3,23,1,momo,DEV-76831,CLR,Y,0
TXN-000173,09-01-2026,38.08,GHS,M-2025,Grocery,pos,GHA,C-10066,,27,42.23,1,4,0,momo,DEV-36669,CNF,N,0
TXN-000039,08/08/2026 23:08,5.08,GHS,M-2087,unk,web,GH,C-10120,618.0,38,2.96,6,19,0,momo,DEV-25924,CLR,Y,0
TXN-003068,31/07/2026 09:41,62.73,USD,M-2089,,android,NGA,C-10682,,30,50.15,2,14,0,card,DEV-31692,ESC,Y,0
TXN-000714,05/09/2026 19:44,13.56,GHS,M-2091,telecom,ios,NGA,C-10249,,20,11.31,3,18,1,card,DEV-34963,CLR,Y,0
TXN-000091,2026-08-20 07:24:00,88.29,GHS,M-2023,FUEL,android,gh,C-10029,321.0,20,67.17,0,3,0,momo,DEV-66626,CLR,N,0
TXN-003168,09/08/2026 17:20,,GHS,M-2039,restaurants,android,Nigeria,C-10446,2.0,21,26.79,0,0,0,momo,DEV-75219,CLR,N,0
TXN-001206,26/08/2026 13:24,15.31,GHS,M-2042,Telecom,web,ng,C-10061,1558.0,18,9.98,0,3,0,card,DEV-66089,CLR,N,0
TXN-002657,2026-09-09 06:13:00,111.69,NGN,M-2076,electronics,pos,GHA,C-10425,1549.0,1,134.07,0,,0,card,DEV-90292,CLR,N,0
TXN-003083,07-18-2026,77.07,GHS,M-2061,,web,GHA,C-10069,1338.0,17,62.12,0,7,0,momo,DEV-39585,CLR,Y,0
TXN-001828,2026-08-05 00:28:00,10.89,GHS,M-2042,telecom,android,ke,C-10196,54.0,10,5.08,2,23,0,card,DEV-59839,CLR,Y,0
TXN-001156,2026-07-31T08:54:00,18.37,GHS,M-2006,telecom,web,ng,C-10145,454.0,20,24.31,4,13,1,card,DEV-54045,CLR,Y,0
TXN-001325,2026-08-05T04:40:00,42.54,GHS,M-2048,restaurants,android,GH,C-10705,246.0,27,19.62,0,18,0,momo,DEV-87636,CLR,N,0
TXN-000217,2026-07-22T22:01:00,40.81,NGN,M-2088, grocery ,pos,GH,C-10463,1233.0,3,30.72,0,16,0,card,DEV-85342,CLR,N,0
TXN-000511,30/08/2026 15:03, 24.55 ,USD,M-2037,crypto,android,gh,C-10504,189.0,9,16.4,0,16,0,card,DEV-33023,CLR,Y,0
TXN-001681,2026-08-31T00:31:00,25.83,NGN,M-2008,grocery,web,KE,C-10580,438.0,6,12.73,0,4,0,card,DEV-32059,CLR,N,0
TXN-000500,27/07/2026 03:53,6.53,GHS,M-2027,Grocery,web,NG,C-10165,548.0,1,8.44,0,13,0,card,DEV-36666,CLR,N,0
TXN-002663,2026-08-15T07:02:00,12.94,GHS,M-2045,telecom,pos,Ghana,C-10330,10.0,38,18.18,4,22,0,momo,DEV-90655,CLR,Y,0
TXN-001857,2026-08-14 15:11:00,64.51,GHS,M-2059,grocery,web,NGA,C-10535,1510.0,34,61.87,4,1,1,card,DEV-65224,CLR,Y,0
TXN-001389,07/08/2026 21:09,30.34,GHS,M-2056,GAMBLING,web,GH,C-10074,,23,39.58,0,18,0,momo,DEV-66709,CLR,Y,0
TXN-001520,2026-09-04 09:31:00, 85.72 ,NGN,M-2071,Travel,ios,KE,C-10502,419.0,13,73.0,0,14,0,bank,DEV-50138,CLR,N,0
TXN-002387,2026-08-14 23:46:00,,GHS,M-2048,,pos,Ghana,C-10012,645.0,0,20.64,6,3,0,bank,DEV-21693,CLR,Y,0
TXN-002921,2026-07-29 21:19:00,10,NGN,M-2076,Electronics,android,NG,C-10738,954.0,4,11.42,0,23,0,momo,DEV-98009,CLR,N,0
TXN-002077,04/09/2026 13:34,323.95,GHS,M-2047,Electronics,ussd,GHA,C-10099,678.0,16,363.07,0,22,1,card,DEV-42298,ESC,Y,0
TXN-001541,2026-07-25T02:27:00,13.97,GHS,M-2083, grocery ,web,GH,C-10384,1322.0,8,10.75,5,,0,bank,DEV-91632,CLR,Y,0
TXN-001218,2026-07-28T10:20:00,27.39,GHS,M-2023,,web,ke,C-10224,1033.0,35,24.34,0,0,1,card,DEV-81392,CNF,Y,1
TXN-001417,10/09/2026 05:36,$7.44,GHS,M-2023,FUEL,web,Ghana,C-10108,84.0,9,8.02,0,,0,card,DEV-87404,CLR,N,0
TXN-002218,2026-08-11 12:33:00,18.66,NGN,M-2007,telecom,android,NGA,C-10560,1689.0,8,19.55,0,15,0,momo,DEV-97181,CLR,N,0
TXN-002705,2026-07-20 15:53:00,48.97,NGN,M-2007,,pos,Ghana,C-10648,177.0,37,22.07,0,17,1,card,DEV-58032,CLR,Y,0
TXN-001677,2026-08-11T12:45:00,33.98,GHS,M-2072,fuel,ios,GHA,C-10189,,38,41.26,0,1,0,momo,DEV-14719,CLR,N,0
TXN-001198,2026-08-21T13:29:00,,NGN,M-2022,other,pos,GH,C-10131,466.0,28,55.65,0,9,1,momo,DEV-54364,CLR,Y,0
TXN-001543,2026-08-06T18:54:00,14,NGN,M-2072,fuel,web,NGA,C-10394,1305.0,32,11.53,5,10,0,card,DEV-60133,CLR,Y,0
TXN-002540,10/09/2026 07:40,74.62,GHS,M-2073,electronics,ussd,KE,C-10223,1532.0,1,49.77,0,,0,momo,DEV-46680,CLR,N,0
TXN-000954,2026-08-03T13:00:00,33.07,GHS,M-2006,telecom,ussd,gh,C-10711,707.0,9,26.85,0,10,0,momo,DEV-32097,ESC,N,0
TXN-000751,08-14-2026,198.05,NGN,M-2006,telecom,android,Nigeria,C-10569,1194.0,22,102.29,0,20,0,bank,DEV-37784,CLR,N,0
TXN-000235,2026-09-06 20:49:00,24.80,GHS,M-2014,,web,NGA,C-10324,994.0,4,16.88,0,19,0,momo,DEV-28931,CLR,Y,0
TXN-000733,2026-07-22 21:53:00,61.57 GHS,NGN,M-2005,other,ussd,GH,C-10069,1338.0,17,32.38,0,0,1,card,DEV-16170,CLR,Y,0
TXN-000239,2026-08-12T17:15:00,45.23,GHS,M-2025,grocery,ios,GH,C-10279,1094.0,8,24.72,0,20,0,momo,DEV-14239,CLR,N,0
TXN-001157,2026-08-30T21:08:00,10.57,GHS,M-2052,telecom,pos,NG,C-10443,,23,8.2,0,9,0,card,DEV-80352,CLR,N,0
TXN-002762,2026-08-30T03:45:00,$25.18,GHS,M-2086,Telecom,ussd,ng,C-10682,556.0,25,18.65,6,4,0,card,DEV-53130,CLR,Y,0
TXN-002446,2026-08-24 09:59:00,68.58,GHS,M-2030,,ios,ng,C-10183,1533.0,19,89.18,0,11,0,momo,DEV-73762,CLR,N,0
TXN-001210,2026-07-23T04:48:00,4.74,GHS,M-2062,RESTAURANTS,web,Ghana,C-10419,587.0,17,4.93,0,20,0,card,DEV-64247,CLR,N,0
TXN-001066,09/08/2026 02:55,52.80,GHS,M-2044,fuel,web,Ghana,C-10332,9.0,34,26.92,1,17,0,card,DEV-49222,CLR,N,0
TXN-002157,28/08/2026 05:03,28.52,GHS,M-2008,grocery,web,gh,C-10049,1335.0,6,13.84,0,18,0,momo,DEV-16079,CLR,N,0
TXN-001063,19/08/2026 10:53,,USD,M-2042,telecom,pos,GHA,C-10325,6.0,31,77.17,7,18,0,card,DEV-84909,CLR,Y,0
TXN-002617,2026-09-11 06:09:00,31.24,USD,M-2018,,pos,gh,C-10491,1642.0,18,46.36,0,20,0,momo,DEV-36384,CLR,N,0
TXN-001168,2026-08-19T22:07:00,7.38,GHS,M-2076,electronics,web,GHA,C-10547,4.0,7,7.59,0,8,0,momo,DEV-51719,CLR,N,0
TXN-001493,08-26-2026,13.22,USD,M-2033,TRAVEL,web,gh,C-10262,264.0,18,18.03,0,16,0,bank,DEV-72284,ESC,N,0
TXN-002658,2026-07-25 01:23:00,,GHS,M-2002,unk,ios,Ghana,C-10288,1511.0,8,6.89,0,16,0,bank,DEV-82672,CLR,N,0
TXN-000885,2026-09-02T21:56:00,80.65,GHS,M-2088,Grocery,ios,GHA,C-10192,-3.0,3,42.65,5,6,1,card,DEV-36054,ESC,Y,0
TXN-000144,2026-09-08T18:25:00,8.84,GHS,M-2046,travel,pos,gh,C-10458,1292.0,13,12.83,6,10,0,card,DEV-42676,CLR,Y,0
TXN-003155,2026-08-02 10:40:00,50.60,GHS,M-2028,grocery,ios,GH,C-10632,,33,32.62,5,10,0,bank,DEV-53848,CLR,Y,0
TXN-000851,27/08/2026 21:52,25.30,GHS,M-2031,other,android,Ghana,C-10052,,5,34.52,0,9,1,card,DEV-22539,CLR,Y,0
TXN-000718,23/07/2026 14:57,12.51,GHS,M-2012,Restaurants,android,Nigeria,C-10005,754.0,27,12.22,0,9,0,momo,DEV-60714,CLR,N,0
TXN-003049,2026-09-02T22:07:00,52.94,GHS,M-2016,,android,NGA,C-10306,2.0,0,57.41,0,20,0,card,DEV-75748,CLR,N,0
TXN-002503,2026-07-22T00:56:00,12.32 GHS,NGN,M-2069,gambling,web,gh,C-10660,483.0,30,15.84,1,19,0,card,DEV-21968,CLR,Y,0
TXN-000265,05/08/2026 01:07,7.03,GHS,M-2078,restaurants,ios,GH,C-10079,1597.0,35,9.3,0,23,0,momo,DEV-25503,CLR,N,0
TXN-000076,2026-08-03T22:31:00,3676.09,GHS,M-2020,telecom,web,GH,C-10654,615.0,3,5101.31,5,10,0,momo,DEV-68429,CLR,Y,0
TXN-002493,24/07/2026 22:56,19.88,GHS,M-2009,Gambling,web,GHA,C-10247,953.0,6,25.1,0,15,0,card,DEV-70022,CNF,Y,1
TXN-000396,09/09/2026 09:08,45.35,GHS,M-2006,telecom,android,gh,C-10080,1131.0,26,68.63,0,,0,momo,DEV-23999,CLR,N,0
TXN-002733,04/09/2026 06:15,NA,GHS,M-2053,RESTAURANTS,web,gh,C-10660,483.0,13,6.45,0,18,1,momo,DEV-34060,CLR,Y,0
TXN-002225,08-07-2026,117.86,GHS,M-2052,telecom,ios,gh,C-10474,317.0,9,105.12,3,,0,card,DEV-35741,CLR,Y,0
TXN-003005,27/07/2026 04:40,22.39,NGN,M-2084,grocery,android,ng,C-10324,994.0,8,30.84,4,2,0,momo,DEV-53652,CLR,Y,0
TXN-000397,17/08/2026 12:05,,GHS,M-2074,grocery,ios,gh,C-10603,764.0,17,18.54,0,3,1,card,DEV-92499,CLR,Y,0
TXN-001366,2026-07-19T13:36:00,161.38,GHS,M-2014,gambling,ios,ke,C-10334,781.0,19,207.89,0,17,0,card,DEV-82109,CNF,Y,1
TXN-002685,2026-08-09T04:07:00,77.05,GHS,M-2059,grocery,web,gh,C-10113,438.0,26,110.89,0,,0,momo,DEV-91577,CLR,N,0
TXN-001904,08-09-2026,24.90 GHS,GHS,M-2046,travel,web,ng,C-10434,1378.0,15,33.01,0,3,0,momo,DEV-92991,CLR,N,0
TXN-000596,2026-09-11T12:20:00,NA,GHS,M-2023,unk,web,Ghana,C-10052,961.0,22,27.32,2,23,1,momo,DEV-15181,CLR,Y,0
TXN-002110,2026-09-06 19:08:00,,GHS,M-2023,fuel,ios,NG,C-10145,454.0,5,13.36,0,18,0,card,DEV-40938,ESC,N,0
TXN-001297,23/08/2026 05:59,48.01 GHS,GHS,M-2074,grocery,android,Ghana,C-10730,1342.0,28,72.61,0,4,0,momo,DEV-62163,CLR,N,0
TXN-001822,2026-07-26T21:11:00,$36.71,GHS,M-2048,restaurants,android,ng,C-10738,954.0,12,51.08,2,15,1,card,DEV-39404,CLR,Y,0
TXN-000873,31/08/2026 23:31,41.53,USD,M-2000,telecom,web,gh,C-10527,301.0,15,20.91,0,23,1,card,DEV-54007,ESC,Y,0
TXN-003122,2026-08-19T01:47:00,159.84,NGN,M-2064,restaurants,ios,ke,C-10323,4.0,28,85.0,1,6,0,card,DEV-19422,CLR,Y,0
TXN-002327,2026-09-02T20:50:00,26.53,GHS,M-2029,restaurants,web,GHA,C-10613,1497.0,27,37.49,7,5,0,bank,DEV-26220,CLR,Y,0
TXN-001549,23/07/2026 05:55,23.36,GHS,M-2081,travel,ios,gh,C-10010,63.0,1,19.47,0,22,0,card,DEV-55947,CLR,N,0
TXN-000037,2026-07-29T23:08:00,110.73,GHS,M-2023,fuel,web,NGA,C-10510,,16,151.33,0,7,0,momo,DEV-92429,CLR,N,0
TXN-002713,2026-07-19 07:38:00,37.53,GHS,M-2042,telecom,ios,gh,C-10606,6.0,6,50.07,0,23,0,card,DEV-33083,CLR,N,0
TXN-002144,2026-08-27T20:17:00, 25.37 ,GHS,M-2018,fuel,web,ng,C-10369,1606.0,21,31.83,0,0,0,card,DEV-15746,CLR,N,0
TXN-002744,04/09/2026 20:44,,GHS,M-2022,other,pos,Ghana,C-10222,241.0,4,19.86,0,21,0,card,DEV-26374,CLR,N,0
TXN-000978,08-08-2026,13.63,USD,M-2041, fuel ,web,Ghana,C-10247,953.0,20,15.55,0,6,0,momo,DEV-79003,CLR,N,0
TXN-001572,2026-07-23T05:46:00,2550.32,GHS,M-2082,fuel,web,gh,C-10725,520.0,21,2644.59,0,9,0,card,DEV-79169,CLR,Y,0
TXN-001123,2026-09-11T08:28:00,$6.85,NGN,M-2054,,web,GH,C-10016,1691.0,38,7.07,0,,0,momo,DEV-24407,CLR,N,0
TXN-002240,2026-08-10T16:09:00,55.75,GHS,M-2046,travel,android,NGA,C-10722,851.0,12,78.99,0,14,0,card,DEV-69448,CLR,N,0
TXN-002505,2026-08-28T11:09:00,42.45,GHS,M-2053,restaurants,pos,Nigeria,C-10482,1268.0,11,41.53,0,7,0,momo,DEV-33850,CLR,N,0
TXN-001893,2026-08-22 20:13:00,23.20,GHS,M-2094,electronics,pos,GH,C-10657,264.0,14,29.1,2,6,0,card,DEV-57588,CLR,Y,0
TXN-000676,26/08/2026 22:20,78.81,GHS,M-2013,fuel,android,Ghana,C-10041,2.0,31,67.7,0,21,0,bank,DEV-22971,CLR,N,0
TXN-000729,26/07/2026 14:50,92.89,GHS,M-2068,grocery,android,Kenya,C-10350,1184.0,22,97.15,0,0,0,card,DEV-94551,CLR,N,0
TXN-000413,2026-08-17T01:49:00,22.71,GHS,M-2070,grocery,pos,Nigeria,C-10178,147.0,30,18.16,0,23,0,momo,DEV-79179,ESC,N,0
TXN-001517,2026-08-27T06:50:00,,GHS,M-2002,,android,gh,C-10091,1083.0,31,10.86,0,0,0,bank,DEV-92975,CLR,N,0
TXN-001650,2026-08-17 18:28:00, 28.99 ,GHS,M-2040,,ussd,KE,C-10136,161.0,10,27.87,6,13,1,momo,DEV-62820,CLR,Y,0
TXN-000826,2026-09-09T21:23:00,7.79,GHS,M-2002,fuel,android,GH,C-10619,10.0,15,8.02,4,7,0,momo,DEV-13112,CLR,Y,1
TXN-000617,24/08/2026 18:19,73.61,USD,M-2084,grocery,ios,Ghana,C-10671,1328.0,20,43.87,2,14,0,card,DEV-53371,ESC,Y,0
TXN-000115,2026-08-13T06:17:00,,NGN,M-2020,telecom,ussd,Nigeria,C-10677,907.0,9,91.36,2,7,0,momo,DEV-22577,CLR,Y,0
TXN-000418,03/08/2026 02:03,63.12,GHS,M-2028,GROCERY,android,gh,C-10135,866.0,37,91.31,0,5,1,card,DEV-81573,CLR,Y,0
TXN-001626,2026-09-10T16:18:00,107.08,GHS,M-2015,electronics,ios,GH,C-10547,4.0,31,96.63,0,17,0,momo,DEV-63209,CLR,Y,0
TXN-002653,21/07/2026 02:23,18.50,GHS,M-2040,GAMBLING,android,Ghana,C-10662,995.0,8,13.25,0,4,0,momo,DEV-50095,CNF,Y,1
TXN-003151,2026-08-01T19:05:00,76.03,GHS,M-2028,grocery,android,ng,C-10114,356.0,1,37.94,7,11,0,card,DEV-16971,CLR,Y,0
TXN-000090,2026-07-27T04:12:00,$16.73,GHS,M-2071,travel,web,Kenya,C-10488,1456.0,22,21.93,0,6,0,bank,DEV-45973,ESC,N,0
TXN-002083,2026-08-07T15:44:00,12.28,GHS,M-2042,telecom,android,GH,C-10175,,21,12.66,0,8,0,momo,DEV-36174,CLR,N,0
TXN-000754,2026-07-20 01:50:00,146.98,GHS,M-2083,Grocery,ios,gh,C-10174,724.0,3,160.37,0,2,0,momo,DEV-52042,CLR,N,0
TXN-002547,26/08/2026 01:56,11.19,GHS,M-2010,travel,web,KE,C-10571,5.0,17,12.99,2,,1,momo,DEV-49018,CLR,Y,0
TXN-001631,17/07/2026 23:11,23.27,NGN,M-2033,Travel,android,Ghana,C-10634,586.0,13,24.47,0,14,0,card,DEV-68291,CLR,N,0
TXN-000012,2026-07-29T07:47:00,13.71,GHS,M-2012,restaurants,web,ng,C-10673,463.0,24,9.63,0,12,0,bank,DEV-61432,CLR,N,0
TXN-002445,2026-08-25T19:19:00,10.97,GHS,M-2082,FUEL,ios,NGA,C-10552,721.0,20,14.21,5,11,0,card,DEV-57256,CLR,Y,0
TXN-000285,2026-07-22 08:24:00,83,GHS,M-2063,telecom,android,GHA,C-10438,505.0,11,58.59,5,12,1,momo,DEV-10690,CLR,Y,0
TXN-001067,08-04-2026,5.91,NGN,M-2039,restaurants,ios,ng,C-10728,11.0,25,6.47,7,14,0,momo,DEV-84275,CLR,Y,0
TXN-001192,2026-07-23 07:27:00,42.79,GHS,M-2058,unk,ios,NGA,C-10639,121.0,20,59.24,0,22,0,card,DEV-90165,CLR,N,0
TXN-001441,2026-08-03T15:29:00,25.04,GHS,M-2020,TELECOM,android,GHA,C-10699,1481.0,20,28.42,0,16,0,card,DEV-61624,ESC,N,0
TXN-003008,12/08/2026 06:33,4.05,USD,M-2053,restaurants,web,gh,C-10561,248.0,7,5.46,0,16,0,momo,DEV-39729,CNF,N,1
TXN-003007,2026-09-08 01:33:00,,GHS,M-2087,gambling,web,GHA,C-10181,288.0,0,39.47,0,9,0,momo,DEV-69930,CLR,Y,0
TXN-002909,2026-08-25T05:13:00,13.97,GHS,M-2034,Gambling,android,GH,C-10626,399.0,27,13.66,0,5,0,card,DEV-72414,CLR,Y,0
TXN-001569,22/08/2026 17:21,26.03,GHS,M-2078,restaurants,ios,KE,C-10280,129.0,22,35.9,0,12,0,momo,DEV-66467,CLR,N,0
TXN-002428,28/07/2026 02:33,20.73,GHS,M-2068,Grocery,ios,Nigeria,C-10241,1399.0,9,21.25,0,8,0,momo,DEV-53115,CLR,N,0
TXN-002766,01/09/2026 21:34,,GHS,M-2065,restaurants,web,ke,C-10494,568.0,31,27.58,5,3,0,momo,DEV-20416,CLR,Y,0
TXN-001688,09-08-2026,22.16,GHS,M-2034,Gambling,android,KE,C-10685,394.0,27,12.13,0,18,0,momo,DEV-24267,CNF,Y,1
TXN-000852,13/08/2026 12:56,27.09,GHS,M-2056,Gambling,pos,Ghana,C-10045,682.0,5,29.9,0,,0,momo,DEV-19056,CLR,Y,0
TXN-002208,2026-07-24T20:39:00,20.84,GHS,M-2072,fuel,android,NG,C-10249,9.0,20,28.38,0,0,0,momo,DEV-98586,CLR,N,0
TXN-000896,26/08/2026 00:30,58.56,GHS,M-2050,Grocery,ussd,NG,C-10477,1537.0,13,26.61,3,19,1,card,DEV-12993,CNF,Y,1
TXN-000497,21/07/2026 15:56,13.98,GHS,M-2013,fuel,web,GHA,C-10219,441.0,27,21.01,5,23,0,momo,DEV-61107,CLR,Y,0
TXN-002306,2026-08-09T07:32:00,80.26,USD,M-2041,FUEL,web,Ghana,C-10715,1756.0,15,49.76,0,2,0,momo,DEV-83533,CLR,N,0
TXN-001783,07-23-2026,,USD,M-2059,grocery,web,Ghana,C-10485,1137.0,16,15.94,0,15,1,momo,DEV-82532,CLR,Y,0
TXN-000336,08-27-2026,17,GHS,M-2042,telecom,web,Ghana,C-10393,916.0,34,11.12,3,7,1,card,DEV-29319,CLR,Y,0
TXN-000516,2026-08-08T20:50:00,,GHS,M-2054,Telecom,android,gh,C-10166,400.0,18,210.55,0,13,0,momo,DEV-74516,CLR,N,0
TXN-001349,2026-09-05T06:53:00,50.56 GHS,GHS,M-2057,restaurants,web,NGA,C-10306,2.0,11,56.56,0,6,0,momo,DEV-13191,CLR,N,0
TXN-001016,2026-07-30T11:01:00,NA,NGN,M-2025,grocery,android,Ghana,C-10227,610.0,4,11.69,5,17,1,card,DEV-73245,CLR,Y,0
TXN-003015,05/09/2026 02:25,28.47,GHS,M-2046,travel,pos,gh,C-10047,930.0,5,23.19,0,21,1,momo,DEV-74627,ESC,Y,0
TXN-003010,2026-08-28T23:57:00,44.69,NGN,M-2086,telecom,pos,NGA,C-10274,282.0,5,26.17,0,13,0,card,DEV-75280,CLR,N,0
TXN-001782,09/09/2026 08:39,$18.45,GHS,M-2040,gambling,ussd,ng,C-10435,249.0,1,21.4,0,7,0,card,DEV-42308,CLR,Y,0
TXN-002570,2026-08-29 09:24:00,69.08,GHS,M-2054,telecom,pos,Ghana,C-10110,42.0,19,52.6,0,0,0,card,DEV-37149,ESC,N,0
TXN-001786,2026-08-14T04:39:00,29.22,NGN,M-2054,telecom,ussd,Kenya,C-10591,929.0,5,19.61,0,2,0,momo,DEV-94038,CLR,N,0
TXN-002071,08-26-2026,25.06 GHS,GHS,M-2019,Restaurants,web,GH,C-10110,,11,36.49,0,,0,card,DEV-35721,CLR,N,0
TXN-000357,2026-08-08T04:35:00,24.96,NGN,M-2025,grocery,android,NG,C-10114,356.0,2,21.68,0,20,0,momo,DEV-33370,CLR,N,0
TXN-003059,22/08/2026 12:14,5.37,GHS,M-2022,OTHER,ios,GH,C-10026,647.0,24,7.81,0,15,0,momo,DEV-95150,ESC,N,0
TXN-001313,18/07/2026 04:39,41.43,GHS,M-2083,,web,GH,C-10210,320.0,31,40.95,3,3,0,momo,DEV-16792,ESC,Y,0
TXN-001636,2026-09-03 01:06:00,,GHS,M-2001,gambling,ios,Ghana,C-10724,1703.0,34,35.89,1,9,0,bank,DEV-26397,CLR,Y,0
TXN-000551,23/07/2026 07:06,12.08,GHS,M-2071,travel,ios,GHA,C-10157,1768.0,22,16.36,0,12,0,bank,DEV-44491,CLR,N,0
TXN-002389,2026-09-01T19:21:00, 33.37 ,GHS,M-2048,restaurants,pos,Ghana,C-10708,,34,17.86,0,23,0,card,DEV-39796,CLR,N,0
TXN-002480,2026-09-09T18:15:00,12.58,GHS,M-2017,grocery,pos,gh,C-10281,837.0,18,15.37,0,17,0,momo,DEV-31390,CLR,N,0
TXN-002522,2026-09-06 14:51:00,21.09,GHS,M-2006,telecom,web,gh,C-10619,10.0,35,21.53,0,22,1,card,DEV-69636,CLR,Y,0
TXN-002266,2026-07-21T17:11:00,15.23,GHS,M-2095,Restaurants,android,ng,C-10273,214.0,19,15.2,0,7,0,card,DEV-89115,CLR,N,0
TXN-001228,08-09-2026,15.44,GHS,M-2026,gambling,android,NG,C-10145,454.0,6,9.39,4,18,0,bank,DEV-70446,CLR,Y,0
TXN-002876,08-10-2026,38.82,GHS,M-2069,gambling,web,Ghana,C-10075,678.0,21,40.56,5,2,0,card,DEV-76921,CLR,Y,0
TXN-000958,2026-08-05T01:30:00,8.53,GHS,M-2006,,web,ng,C-10061,,38,6.47,6,0,1,card,DEV-85241,CLR,Y,0
TXN-001774,2026-09-06 10:53:00,89.28,GHS,M-2012,restaurants,ios,GH,C-10453,459.0,4,107.45,0,2,1,card,DEV-67382,CLR,Y,0
TXN-002142,08-25-2026,29.82,GHS,M-2095,RESTAURANTS,ios,GHA,C-10672,1057.0,29,14.45,5,15,0,momo,DEV-59114,CLR,Y,0
TXN-001009,2026-09-10 22:21:00,8.24,GHS,M-2084,grocery,android,Ghana,C-10123,363.0,15,10.2,0,10,0,momo,DEV-48731,CLR,N,0
TXN-001093,2026-08-24T10:18:00,39.09,GHS,M-2064,restaurants,web,KE,C-10094,907.0,16,39.13,0,14,0,momo,DEV-87259,CLR,N,0
TXN-002910,2026-08-10T14:01:00,41.70,GHS,M-2052,telecom,web,Ghana,C-10060,1259.0,37,37.11,0,2,0,momo,DEV-46583,CLR,N,0
TXN-002745,2026-08-22T07:06:00,129.81,GHS,M-2024,telecom,pos,GH,C-10184,674.0,2,87.29,0,0,1,momo,DEV-66264,ESC,Y,0
TXN-000997,2026-07-27 13:00:00,42.90,USD,M-2000,,ios,NG,C-10569,1194.0,8,40.52,0,10,0,card,DEV-38878,ESC,N,0
TXN-001680,08/08/2026 02:39,57.68,NGN,M-2063,,android,NG,C-10005,754.0,12,88.3,0,,0,card,DEV-11258,CLR,N,0
TXN-000154,08-15-2026,14.41,GHS,M-2023,fuel,android,Ghana,C-10287,337.0,21,15.67,0,23,0,card,DEV-69457,CLR,N,0
TXN-002988,2026-09-04T16:13:00, 38.81 ,NGN,M-2071,travel,android,gh,C-10561,,38,50.51,0,10,0,momo,DEV-52688,CLR,N,0
TXN-000581,2026-07-18T02:17:00,5.15,GHS,M-2042,unk,android,GH,C-10354,1105.0,15,5.57,0,23,0,momo,DEV-77466,CLR,N,0
TXN-001471,30/07/2026 20:24,52,NGN,M-2084,grocery,ios,GHA,C-10392,11.0,38,74.12,0,14,0,card,DEV-72510,CLR,N,0
TXN-000704,2026-09-10 16:35:00,21.58,GHS,M-2069,Gambling,android,Ghana,C-10590,57.0,33,13.54,0,19,0,momo,DEV-22991,CLR,Y,0
TXN-001213,2026-09-03 20:08:00,70.87,GHS,M-2046,travel,ios,Ghana,C-10148,562.0,35,81.27,0,1,0,bank,DEV-72853,CLR,N,0
TXN-000897,2026-08-18T04:39:00,10.23,USD,M-2042,telecom,web,Ghana,C-10633,172.0,2,12.36,0,22,1,card,DEV-65831,CLR,Y,0
TXN-000488,2026-09-08T21:13:00,10.09,GHS,M-2002,Fuel,ios,GHA,C-10608,1373.0,26,4.89,0,5,1,bank,DEV-75076,CLR,Y,0
TXN-000560,2026-08-24T20:05:00,18.66,GHS,M-2080,RESTAURANTS,android,NGA,C-10154,189.0,13,28.47,0,3,0,momo,DEV-89255,CLR,N,0
TXN-001142,07-31-2026,10.70,GHS,M-2057,restaurants,web,NG,C-10405,6.0,22,15.61,0,11,0,momo,DEV-67392,CLR,N,0
TXN-001120,07-18-2026,82.10,GHS,M-2086,TELECOM,android,Nigeria,C-10683,662.0,38,98.7,5,8,0,card,DEV-83311,CLR,Y,0
TXN-000513,09-01-2026,26.91,GHS,M-2053,RESTAURANTS,web,gh,C-10142,1590.0,25,20.87,0,11,0,momo,DEV-21286,CLR,N,0
TXN-000634,23/07/2026 12:32,32.79,NGN,M-2077,,web,GHA,C-10298,1491.0,33,36.86,2,23,1,momo,DEV-42759,CLR,Y,0
TXN-002773,17/08/2026 19:40,42.79,GHS,M-2005,other,ios,KE,C-10580,438.0,32,53.99,5,15,0,card,DEV-12102,CLR,Y,0
TXN-001665,2026-07-20 18:16:00,10.35,NGN,M-2065,restaurants,ios,Kenya,C-10371,1349.0,14,12.42,0,3,1,momo,DEV-34101,CNF,Y,1
TXN-001013,21/08/2026 05:11,,USD,M-2065,restaurants,web,NGA,C-10241,1399.0,14,65.05,0,10,0,momo,DEV-67781,CLR,N,0
TXN-001932,13/08/2026 05:15,$27.48,GHS,M-2009,gambling,pos,GHA,C-10582,531.0,36,36.25,5,8,0,bank,DEV-15010,CLR,Y,0
TXN-001151,31/08/2026 11:02,59.59,GHS,M-2072,fuel,web,GH,C-10150,10.0,37,52.14,7,6,0,momo,DEV-50728,CLR,Y,0
TXN-003012,01/08/2026 17:14,14.17,NGN,M-2065,restaurants,android,gh,C-10655,302.0,34,11.14,5,14,0,momo,DEV-27899,CLR,Y,0
TXN-000117,2026-09-09T00:11:00,14.38,GHS,M-2094, electronics ,web,GH,C-10419,587.0,29,16.65,0,20,0,card,DEV-31790,ESC,N,0
TXN-000741,05/09/2026 02:10,45.04,GHS,M-2089,crypto,android,gh,C-10582,531.0,20,51.52,0,8,0,card,DEV-88658,CLR,Y,0
TXN-002966,2026-08-22T23:04:00,5.73,GHS,M-2023,fuel,pos,GH,C-10650,608.0,27,8.21,5,4,1,bank,DEV-12202,CLR,Y,0
TXN-001975,08-15-2026,17.48,USD,M-2079,telecom,android,Ghana,C-10146,243.0,30,16.48,0,9,1,momo,DEV-29026,CLR,Y,0
TXN-001082,2026-08-22T00:36:00,72.85 GHS,GHS,M-2032,,ios,GHA,C-10426,1352.0,18,100.54,5,3,1,momo,DEV-13327,CLR,Y,0
TXN-001811,2026-08-30T08:21:00,16.78,GHS,M-2048,restaurants,pos,NG,C-10145,454.0,28,22.29,0,14,0,card,DEV-69194,CLR,N,0
TXN-000831,2026-09-02T10:14:00,48.69,GHS,M-2034,gambling,pos,gh,C-10428,1643.0,21,72.84,0,1,0,bank,DEV-60373,CLR,Y,0
TXN-000120,2026-07-31 17:34:00,99.37,GHS,M-2059,grocery,ios,GHA,C-10586,2.0,30,102.32,0,3,0,momo,DEV-22539,CLR,Y,0
TXN-000657,22/08/2026 05:24,15.69,GHS,M-2091,telecom,android,GH,C-10037,381.0,14,7.48,0,12,0,momo,DEV-33997,CLR,N,0
TXN-002933,2026-09-04T03:23:00,67.20,NGN,M-2088, grocery ,android,KE,C-10243,931.0,5,79.9,0,14,0,momo,DEV-16793,CLR,N,0
TXN-002888,05/08/2026 10:37,83.83,GHS,M-2010,travel,ios,NGA,C-10232,599.0,5,104.22,0,15,0,momo,DEV-57533,CLR,N,0
TXN-003143,2026-08-30 03:24:00,23.93,GHS,M-2049,grocery,ussd,GH,C-10110,42.0,5,14.3,6,19,0,momo,DEV-74078,CLR,Y,0
TXN-000636,03/08/2026 15:46,7.34,GHS,M-2026,gambling,web,ng,C-10467,720.0,4,9.89,0,4,0,momo,DEV-83416,CNF,Y,1
TXN-000370,2026-08-09T01:40:00,46.18,GHS,M-2065,restaurants,web,ng,C-10618,710.0,23,28.61,0,10,0,card,DEV-80234,CLR,N,0
TXN-000269,2026-09-08T09:29:00,18.24,GHS,M-2083,Grocery,android,Ghana,C-10384,1322.0,2,21.28,7,23,0,momo,DEV-40147,CNF,Y,1
TXN-002704,22/07/2026 05:00,146.07,GHS,M-2018,fuel,android,gh,C-10044,1.0,20,75.69,4,,1,momo,DEV-99942,CLR,Y,0
TXN-000047,31/08/2026 15:50,11.47,USD,M-2056,GAMBLING,pos,Ghana,C-10029,321.0,18,13.61,0,0,0,momo,DEV-84103,CNF,Y,1
TXN-000992,2026-08-01T22:44:00,17.58,GHS,M-2095,restaurants,android,ng,C-10434,1378.0,22,8.31,0,0,0,card,DEV-46558,CLR,N,0
TXN-000877,2026-09-06T15:02:00,12.13,GHS,M-2043,electronics,pos,gh,C-10256,2.0,14,9.94,0,23,0,momo,DEV-71166,CNF,N,0
TXN-000774,2026-09-03T19:49:00,18.08,NGN,M-2008,Grocery,android,GHA,C-10605,92.0,3,15.22,4,15,0,card,DEV-61673,CLR,Y,0
TXN-001220,30/08/2026 11:15,24.94,GHS,M-2044,fuel,web,Ghana,C-10383,659.0,24,28.5,0,3,1,card,DEV-91627,CLR,Y,0
TXN-001127,2026-08-06T12:38:00,136.37,USD,M-2061,unk,pos,NG,C-10114,356.0,33,141.99,0,22,0,card,DEV-40943,CNF,Y,0
TXN-000005,09/09/2026 23:59,25.28,USD,M-2078,restaurants,web,Nigeria,C-10356,946.0,30,23.53,6,12,1,momo,DEV-74897,CLR,Y,0
TXN-001596,09-06-2026,6,GHS,M-2092,gambling,pos,GH,C-10050,1174.0,27,8.35,0,9,1,momo,DEV-74849,CLR,Y,0
TXN-002312,08-05-2026,41.92,GHS,M-2020,telecom,ios,Ghana,C-10733,,8,27.49,0,5,0,momo,DEV-31950,CLR,N,0
TXN-003080,2026-09-09 07:46:00,$23.18,NGN,M-2043,electronics,android,ng,C-10092,1036.0,26,31.88,0,14,0,bank,DEV-41693,CLR,N,0
TXN-002492,2026-08-07T21:45:00,16.88,GHS,M-2062, restaurants ,web,Ghana,C-10641,95.0,6,13.77,0,12,0,card,DEV-45004,CLR,N,0
TXN-001078,2026-08-26T05:39:00,21.72,GHS,M-2028,grocery,ios,NG,C-10059,1627.0,30,31.84,0,8,1,momo,DEV-39931,CLR,Y,0
TXN-000838,2026-07-19T18:06:00,39.68,GHS,M-2016,restaurants,web,NGA,C-10501,1376.0,5,32.54,0,19,0,momo,DEV-32810,CLR,N,0
TXN-000682,2026-08-09 02:19:00,13.60,GHS,M-2045,telecom,web,GHA,C-10034,1770.0,19,19.62,0,22,1,momo,DEV-26067,CLR,Y,0
TXN-001716,22/07/2026 06:13,17.44,GHS,M-2061,crypto,ios,Ghana,C-10218,333.0,13,14.18,2,12,0,card,DEV-62202,CLR,Y,0
TXN-002353,20/08/2026 01:22,9.37,GHS,M-2056,GAMBLING,web,Ghana,C-10107,1232.0,13,7.54,0,10,0,momo,DEV-26653,CLR,Y,0
TXN-002618,2026-08-17T04:39:00,,NGN,M-2057,restaurants,web,gh,C-10125,334.0,23,14.42,0,14,1,momo,DEV-76058,CLR,Y,0
TXN-002362,2026-09-08T17:39:00,26,USD,M-2052,telecom,ios,Nigeria,C-10294,5.0,33,18.45,0,4,1,bank,DEV-93774,CLR,Y,0
TXN-002198,02/09/2026 05:45,97.59,GHS,M-2004, grocery ,ios,Ghana,C-10496,1684.0,30,74.27,0,9,0,momo,DEV-94152,CLR,N,0
TXN-001149,2026-08-09T01:37:00,22.11,GHS,M-2088,grocery,pos,ng,C-10111,1718.0,19,10.91,6,4,0,card,DEV-47318,CLR,Y,0
TXN-000575,2026-08-25T21:39:00,285.56,GHS,M-2018,fuel,pos,Nigeria,C-10139,,1,403.44,1,4,0,momo,DEV-27618,CNF,N,1
TXN-000051,2026-07-31 05:19:00,42.01,NGN,M-2052,telecom,android,GH,C-10386,709.0,11,64.37,0,16,0,momo,DEV-88577,CLR,N,0
TXN-000854,06/09/2026 06:47,24.04,GHS,M-2031,other,android,GHA,C-10064,905.0,30,27.24,0,16,0,card,DEV-98447,CLR,N,0
TXN-001983,2026-09-01T00:21:00,69.82,GHS,M-2056,,web,GHA,C-10278,1647.0,3,35.76,0,2,0,card,DEV-68648,CLR,Y,0
TXN-002775,25/08/2026 21:21,15.81,GHS,M-2071,travel,web,NGA,C-10101,709.0,21,7.54,0,6,0,card,DEV-27116,CLR,N,0
TXN-001824,2026-09-08T20:31:00,31.35,GHS,M-2090,GROCERY,ussd,gh,C-10012,645.0,24,35.45,0,21,0,momo,DEV-56925,ESC,N,0
TXN-000834,16/08/2026 23:52,60.07,GHS,M-2089,crypto,ios,NGA,C-10194,199.0,33,92.52,0,3,0,bank,DEV-80577,ESC,Y,0
TXN-001116,2026-09-08T22:07:00,92.63,GHS,M-2032,electronics,pos,KE,C-10508,1259.0,26,90.43,0,6,0,momo,DEV-86923,ESC,N,0
TXN-001167,02/08/2026 11:39,,GHS,M-2036,grocery,ussd,GHA,C-10266,1727.0,1,34.6,0,7,1,momo,DEV-31672,CLR,Y,0
TXN-002519,2026-08-24T01:35:00,32.89,GHS,M-2009,,android,NGA,C-10703,1782.0,3,29.86,2,7,0,bank,DEV-63521,CLR,Y,0
TXN-001907,2026-07-28 01:22:00,16.88,NGN,M-2050,grocery,android,GHA,C-10227,610.0,8,16.59,0,4,0,momo,DEV-28048,CLR,N,0
TXN-000972,18/08/2026 00:47,76.33,USD,M-2065,RESTAURANTS,android,GH,C-10303,,37,43.37,0,7,0,momo,DEV-63577,CLR,N,0
TXN-002702,08-24-2026,10.28,GHS,M-2024,telecom,ios,GHA,C-10287,337.0,33,7.02,0,4,0,bank,DEV-48276,CLR,N,0
TXN-000400,2026-07-18T11:11:00,16.43,GHS,M-2001,gambling,ussd,gh,C-10325,6.0,19,21.44,0,4,0,card,DEV-33367,CLR,Y,0
TXN-002560,2026-07-29T04:50:00,18.34 GHS,NGN,M-2044,fuel,android,GHA,C-10259,867.0,33,10.9,7,10,1,card,DEV-34242,CLR,Y,0
TXN-002369,09-03-2026,2784.28,GHS,M-2095,restaurants,android,GHA,C-10675,1354.0,28,1373.18,0,13,0,card,DEV-83829,ESC,Y,0
TXN-000020,27/07/2026 17:38,106.08,GHS,M-2089,crypto,pos,ng,C-10652,1344.0,2,111.72,0,8,0,card,DEV-41593,CLR,Y,0
TXN-000685,2026-07-31T19:47:00,18.85,GHS,M-2026,Gambling,android,Ghana,C-10554,1579.0,24,10.99,0,19,1,momo,DEV-82340,CLR,Y,0
TXN-000036,2026-08-19T02:07:00,19.00,GHS,M-2031,other,ussd,GHA,C-10320,516.0,29,19.65,6,14,0,card,DEV-56661,CLR,Y,0
TXN-003036,2026-08-23 02:03:00,$8.38,GHS,M-2029,restaurants,pos,gh,C-10147,6.0,5,4.32,0,20,0,momo,DEV-61958,CLR,N,0
TXN-000525,21/08/2026 01:45,,NGN,M-2088,grocery,android,NGA,C-10501,1376.0,13,29.66,0,12,0,bank,DEV-36277,CLR,N,0
TXN-002456,2026-07-22T02:51:00,51.10,GHS,M-2038,ELECTRONICS,ios,GH,C-10339,707.0,16,70.35,0,10,1,card,DEV-12535,ESC,Y,0
TXN-000921,13/08/2026 12:32,24.14,USD,M-2006,telecom,web,Ghana,C-10451,1098.0,3,28.57,2,15,0,card,DEV-79726,CNF,Y,0
TXN-001842,2026-08-24T03:53:00,178.55,GHS,M-2077,restaurants,ios,Nigeria,C-10398,341.0,8,235.99,2,0,1,card,DEV-49096,CLR,Y,0
TXN-001891,2026-08-20 06:19:00,,GHS,M-2003,telecom,android,GHA,C-10069,1338.0,13,34.2,0,1,0,bank,DEV-10218,ESC,N,0
TXN-000538,04/08/2026 15:08,19.78,NGN,M-2094,electronics,android,gh,C-10729,1019.0,7,13.04,2,17,0,bank,DEV-75173,CLR,Y,0
TXN-002807,01/09/2026 07:28,24.07,GHS,M-2022,other,android,Nigeria,C-10565,487.0,12,30.42,0,17,1,card,DEV-73991,CLR,Y,0
TXN-001706,2026-07-30 11:42:00,24.00,GHS,M-2079,telecom,pos,Ghana,C-10192,1503.0,14,31.38,0,11,1,momo,DEV-75456,CLR,Y,0
TXN-003142,2026-09-08T17:46:00,44.15 GHS,GHS,M-2074,Grocery,android,GH,C-10645,785.0,28,58.23,0,19,1,momo,DEV-14655,CLR,Y,0
TXN-000246,06/09/2026 14:07,40.95,USD,M-2015,ELECTRONICS,android,gh,C-10456,115.0,36,25.6,0,6,0,bank,DEV-96713,CLR,N,0
TXN-000785,2026-07-28 02:55:00,,GHS,M-2002,Fuel,web,Ghana,C-10554,1579.0,31,31.69,5,6,0,momo,DEV-40211,CLR,Y,0
TXN-001410,2026-07-22T08:51:00, 29.10 ,NGN,M-2064,,android,NG,C-10545,1797.0,1,23.49,1,22,0,card,DEV-70087,CLR,N,0
TXN-002538,2026-08-15T05:25:00,23.79,NGN,M-2071,travel,web,GH,C-10038,616.0,30,23.24,0,16,0,card,DEV-20234,CLR,N,0
TXN-000155,2026-08-30T20:30:00,4225.94,NGN,M-2008,grocery,ios,gh,C-10402,1253.0,5,2126.6,0,22,0,momo,DEV-59629,CLR,Y,0
TXN-001687,2026-08-10T12:53:00,19.02,GHS,M-2021,Travel,android,Kenya,C-10105,293.0,17,13.71,0,13,0,momo,DEV-17029,CLR,N,0
TXN-000626,07-28-2026,$38.32,GHS,M-2091,telecom,android,ng,C-10203,217.0,19,17.46,0,20,0,card,DEV-41722,CLR,N,0
TXN-002734,09-06-2026,13.41,GHS,M-2017,Grocery,ios,NG,C-10230,1295.0,2,17.01,4,23,0,card,DEV-68027,CLR,Y,0
TXN-003084,27/08/2026 22:41,32.44,GHS,M-2083,grocery,android,NG,C-10232,599.0,25,22.94,0,7,1,card,DEV-27071,ESC,Y,0
TXN-001347,2026-09-10T06:25:00,33.80,NGN,M-2085,,web,GH,C-10326,7.0,10,26.12,0,,0,momo,DEV-56173,CNF,N,1
TXN-000570,2026-08-26T16:58:00,14.87,GHS,M-2075,electronics,web,KE,C-10250,1485.0,14,14.0,0,19,1,momo,DEV-22775,CLR,Y,0
TXN-003144,08-13-2026,44.00,NGN,M-2082,fuel,web,NG,C-10382,1286.0,17,51.91,0,23,0,momo,DEV-43357,CLR,N,0
TXN-001759,22/07/2026 03:29,26.41,GHS,M-2080,restaurants,pos,NGA,C-10232,599.0,18,22.63,0,10,0,card,DEV-41446,CLR,N,0
TXN-001817,30/07/2026 01:50,71.84,GHS,M-2022,other,pos,GHA,C-10287,337.0,25,61.16,0,23,0,momo,DEV-14906,CLR,N,0
TXN-002066,14/08/2026 12:29,76.01,GHS,M-2068, grocery ,ussd,GH,C-10566,857.0,26,111.27,0,4,0,momo,DEV-96702,CLR,N,0
TXN-000128,2026-08-25T01:31:00,57.23,GHS,M-2006,telecom,ussd,GHA,C-10585,1174.0,30,49.27,0,23,1,momo,DEV-28180,CLR,Y,0
TXN-003193,2026-08-14T03:14:00,42.91,GHS,M-2063,telecom,web,ng,C-10237,8.0,32,50.64,3,18,0,momo,DEV-71613,CLR,Y,0
TXN-002007,17/08/2026 02:36,22.90,GHS,M-2058,grocery,android,Ghana,C-10213,323.0,17,29.4,0,3,0,momo,DEV-68997,CLR,N,0
TXN-000981,09-11-2026,68.98,GHS,M-2054,telecom,web,ng,C-10346,1295.0,14,93.31,0,14,1,momo,DEV-66974,CNF,Y,1
TXN-003190,2026-09-01 15:43:00,33.24 GHS,NGN,M-2010,TRAVEL,ios,Ghana,C-10582,531.0,21,50.49,5,10,0,card,DEV-53040,CLR,Y,0
TXN-000191,19/08/2026 20:55,45.01,GHS,M-2067,Electronics,pos,ng,C-10722,851.0,2,52.4,0,8,0,momo,DEV-70292,CLR,N,0
TXN-001140,2026-07-23T02:58:00,35.13,NGN,M-2049,grocery,ussd,gh,C-10093,1683.0,37,42.48,0,19,0,momo,DEV-48257,CLR,N,0
TXN-000993,2026-07-20T01:56:00,4.03,GHS,M-2031,other,android,GH,C-10000,11.0,11,3.82,0,19,0,momo,DEV-56218,CNF,N,0
TXN-000700,2026-08-22T05:17:00,7.45,NGN,M-2044,fuel,web,NG,C-10615,1478.0,7,3.94,0,11,0,momo,DEV-77298,CLR,N,0
TXN-000607,2026-09-04T22:26:00,173.12,GHS,M-2028,grocery,android,gh,C-10148,,3,196.35,1,10,0,card,DEV-45151,CLR,N,0
TXN-000181,2026-08-01 09:26:00,224.19,GHS,M-2075,,android,ke,C-10688,1167.0,3,240.73,0,13,0,card,DEV-45780,CLR,N,0
TXN-000302,08-29-2026,6.80,GHS,M-2016,Restaurants,web,ng,C-10592,190.0,32,8.18,0,14,0,momo,DEV-84781,CLR,N,0
TXN-002545,08-10-2026,37.35,NGN,M-2043,Electronics,ios,gh,C-10364,1050.0,34,17.66,0,7,0,card,DEV-70039,CLR,N,0
TXN-002981,2026-08-18T21:25:00,51.97,GHS,M-2029,restaurants,android,GH,C-10164,1694.0,2,49.45,0,0,0,card,DEV-88923,CLR,N,0
TXN-001061,2026-08-07 15:31:00, 18.63 ,GHS,M-2042,TELECOM,web,Kenya,C-10224,1033.0,24,25.43,0,0,0,card,DEV-98239,ESC,N,0
TXN-003026,2026-08-01 18:40:00,109.37,GHS,M-2086,telecom,web,GH,C-10304,,32,166.53,0,17,0,card,DEV-39735,CLR,N,0
TXN-003086,03/08/2026 18:45,9,GHS,M-2068,,pos,ng,C-10228,962.0,7,6.45,0,22,0,momo,DEV-32746,CLR,N,0
TXN-002566,2026-08-10 08:20:00,,GHS,M-2047,electronics,ios,NGA,C-10432,1568.0,3,138.67,0,3,0,momo,DEV-11692,CLR,N,0
TXN-001070,2026-08-24T03:33:00,12.98,USD,M-2066,restaurants,web,KE,C-10430,309.0,36,5.93,0,5,0,momo,DEV-12564,CLR,N,0
TXN-002525,2026-09-03 03:23:00,30.53,GHS,M-2010,travel,ussd,ng,C-10337,1138.0,33,35.86,4,3,0,momo,DEV-69675,CLR,Y,0
TXN-002206,2026-07-21T20:16:00,,USD,M-2064,,ios,gh,C-10511,99999.0,22,14.19,0,0,0,momo,DEV-19581,CLR,N,0
TXN-001244,2026-07-19T20:15:00,NA,GHS,M-2007,telecom,web,Ghana,C-10472,652.0,15,32.15,0,23,0,momo,DEV-54057,CLR,N,0
TXN-000017,2026-08-14T15:27:00,93.88,GHS,M-2091,,ios,ng,C-10309,1120.0,22,72.86,0,5,0,card,DEV-77596,ESC,N,0
TXN-003196,09/08/2026 03:00,15.62,GHS,M-2067,electronics,ios,GH,C-10676,362.0,20,11.47,4,9,0,momo,DEV-90940,CLR,Y,0
TXN-000547,2026-09-03T07:37:00,18.95,NGN,M-2056,gambling,android,GHA,C-10279,1094.0,2,13.62,0,2,0,bank,DEV-46748,CNF,Y,1
TXN-000659,02/08/2026 16:36,7.56,GHS,M-2013,fuel,android,GH,C-10641,95.0,23,8.53,0,15,0,momo,DEV-27963,CLR,N,0
TXN-002902,2026-07-20T07:56:00,23.58,NGN,M-2011,other,ios,gh,C-10525,1549.0,36,15.77,0,0,0,momo,DEV-66522,CLR,N,0
TXN-002936,2026-08-23T11:05:00,85.70,GHS,M-2035, grocery ,android,GHA,C-10589,1798.0,39,127.28,0,4,0,momo,DEV-21332,CLR,N,0
TXN-001505,2026-08-26T02:54:00,27.50,GHS,M-2008,,android,NGA,C-10423,1400.0,3,21.55,0,18,1,momo,DEV-89434,CLR,Y,0
TXN-000960,2026-07-24 23:41:00,54.84,GHS,M-2027,grocery,web,NGA,C-10533,1435.0,30,55.04,0,7,0,card,DEV-35957,CLR,N,0
TXN-002332,03/08/2026 05:40,17.38,NGN,M-2092,,android,NG,C-10443,,32,17.48,0,23,0,card,DEV-89504,CNF,Y,1
TXN-000798,06/08/2026 18:15,52.78,GHS,M-2086,TELECOM,ussd,GH,C-10303,9.0,36,56.66,0,3,0,card,DEV-92131,ESC,N,0
TXN-000226,2026-08-01T23:41:00,$35.07,GHS,M-2002,fuel,ios,gh,C-10462,792.0,6,36.94,0,3,0,momo,DEV-33619,CLR,N,0
TXN-002075,08-13-2026,132.69,GHS,M-2013,FUEL,web,gh,C-10445,975.0,29,71.79,0,20,0,card,DEV-64749,CLR,N,0
TXN-001800,2026-08-18T03:39:00,85.67,NGN,M-2034,unk,ussd,GHA,C-10345,1307.0,8,58.46,4,15,1,bank,DEV-87542,CNF,Y,1
TXN-002486,06/09/2026 06:39,12.38,USD,M-2033,TRAVEL,ios,Kenya,C-10534,4.0,23,7.29,0,22,0,momo,DEV-79322,CLR,N,0
TXN-003176,2026-08-27T22:53:00,13.61,NGN,M-2080,Restaurants,android,gh,C-10351,1079.0,12,11.07,0,18,0,momo,DEV-26551,CLR,N,0
TXN-002278,2026-08-19 12:50:00,99.52,GHS,M-2089,crypto,web,ng,C-10679,11.0,23,68.9,6,6,0,card,DEV-72875,CNF,Y,0
TXN-002086,20/08/2026 18:30,8.01,GHS,M-2020,telecom,ios,Ghana,C-10422,292.0,15,11.73,0,6,0,bank,DEV-69394,CLR,N,0
TXN-001694,20/08/2026 00:07,41.42,GHS,M-2050,,android,ke,C-10224,1033.0,14,63.46,0,14,0,momo,DEV-66952,CLR,N,0
TXN-002798,30/07/2026 03:28,11.44,USD,M-2055,telecom,web,GH,C-10069,1338.0,16,11.43,0,6,0,momo,DEV-74131,CNF,N,0
TXN-001046,05/09/2026 13:10,29.89,GHS,M-2037,crypto,android,gh,C-10080,1131.0,5,15.54,0,22,0,momo,DEV-43786,CNF,Y,1
TXN-000470,2026-09-08 15:31:00,4.06,GHS,M-2032,ELECTRONICS,web,GHA,C-10527,301.0,21,5.01,0,12,1,momo,DEV-58282,CLR,Y,0
TXN-000955,2026-07-23T20:35:00,80.57,GHS,M-2075,electronics,web,NGA,C-10349,11.0,29,67.02,0,2,0,momo,DEV-63146,CNF,N,1
TXN-003192,2026-08-14T07:48:00, 27.16 ,NGN,M-2001,gambling,android,NG,C-10545,1797.0,30,35.39,0,,0,momo,DEV-76444,ESC,Y,1
TXN-002736,08/08/2026 17:44,NA,GHS,M-2074,Grocery,android,Nigeria,C-10260,9.0,21,8.6,0,11,0,momo,DEV-77351,CLR,N,0
TXN-000640,2026-08-29T13:53:00,93.84,GHS,M-2000,,ios,NG,C-10062,1550.0,1,42.95,0,7,0,momo,DEV-90589,CLR,N,0
TXN-002984,2026-09-09T05:06:00,35.74,GHS,M-2076,Electronics,web,NGA,C-10404,835.0,7,20.75,0,2,0,bank,DEV-85969,CLR,N,0
TXN-001219,24/08/2026 12:46,46.45,USD,M-2081,travel,web,gh,C-10684,740.0,29,62.93,0,9,0,momo,DEV-56401,CLR,N,0
TXN-001159,2026-07-19T21:21:00,130.71,GHS,M-2073,electronics,web,GH,C-10705,246.0,34,75.36,4,15,0,card,DEV-78416,CLR,Y,0
TXN-001416,2026-08-19T15:39:00,,USD,M-2026,unk,android,NG,C-10396,594.0,33,91.89,0,20,0,momo,DEV-19187,CNF,Y,1
TXN-002913,2026-08-25T12:36:00,45.41 GHS,GHS,M-2017,grocery,ios,Ghana,C-10463,1233.0,9,24.34,0,1,0,card,DEV-90550,CLR,N,0
TXN-001528,2026-08-29 16:53:00,,GHS,M-2051,Grocery,android,gh,C-10167,995.0,27,39.79,0,3,0,bank,DEV-24658,CLR,N,0
TXN-003132,25/08/2026 23:50,42.17,GHS,M-2076,electronics,pos,NGA,C-10221,1278.0,4,43.2,0,5,0,momo,DEV-93853,CLR,N,0
TXN-001301,05/09/2026 04:38,14.94,GHS,M-2077,restaurants,android,Kenya,C-10065,6.0,3,10.34,0,13,0,card,DEV-40729,CLR,N,0
TXN-003146,13/08/2026 15:52,15.32,GHS,M-2093,travel,android,gh,C-10112,1309.0,11,13.4,0,3,0,momo,DEV-12367,CLR,N,0
TXN-002849,07-21-2026,130.29,GHS,M-2071, travel ,web,gh,C-10053,1409.0,12,95.0,4,5,0,momo,DEV-10799,CLR,Y,0
TXN-001604,09-04-2026,,GHS,M-2002,Fuel,ios,Ghana,C-10090,18.0,15,41.91,0,11,0,momo,DEV-32006,CLR,N,0
TXN-000161,2026-08-17T10:34:00,$42.98,GHS,M-2037,Crypto,android,gh,C-10521,,35,46.23,4,18,0,momo,DEV-12441,CNF,Y,1
TXN-001705,2026-09-07T23:19:00,13.81,NGN,M-2002,fuel,web,NG,C-10533,1435.0,15,14.72,0,21,0,card,DEV-63569,CLR,N,0
TXN-000957,2026-07-28T07:51:00,80.77,GHS,M-2005,,android,ng,C-10369,1606.0,21,97.91,0,4,0,card,DEV-26857,CLR,N,0
TXN-002870,2026-08-11T00:01:00,3.00,GHS,M-2020,telecom,ios,GHA,C-10445,975.0,2,3.1,1,5,0,card,DEV-29119,CLR,N,0
TXN-003126,2026-08-30T17:41:00,48.41,USD,M-2075,electronics,ios,Ghana,C-10316,379.0,39,29.15,4,18,0,card,DEV-81133,CLR,Y,0
TXN-000878,03/08/2026 00:08,75.46,GHS,M-2028,grocery,web,gh,C-10124,1756.0,30,108.9,0,,0,card,DEV-24625,CLR,N,0
TXN-001920,07/09/2026 07:18,22.65,GHS,M-2041,fuel,web,GH,C-10731,991.0,23,32.16,5,3,0,card,DEV-47821,CNF,Y,1
TXN-001885,2026-07-25T22:16:00,4.75,NGN,M-2068,grocery,web,ke,C-10250,1485.0,22,2.61,0,9,0,momo,DEV-51352,CLR,N,0
TXN-002201,30/08/2026 12:41,38.13,GHS,M-2042,telecom,android,NGA,C-10738,954.0,15,52.41,0,21,0,card,DEV-16674,CLR,N,0
TXN-000099,03/08/2026 08:39,55.43,NGN,M-2058,grocery,web,gh,C-10033,1546.0,13,72.67,6,3,0,card,DEV-82965,CNF,Y,1
TXN-003034,04/09/2026 03:51,32.15,GHS,M-2064,restaurants,web,GH,C-10708,323.0,20,43.38,1,13,0,card,DEV-12677,CLR,N,0
TXN-002558,06/08/2026 17:47,62.40,GHS,M-2024,telecom,web,GHA,C-10676,362.0,13,36.12,0,11,1,momo,DEV-85600,CLR,Y,0
TXN-000254,2026-08-18T08:05:00,54.55,GHS,M-2062,RESTAURANTS,android,GHA,C-10597,1757.0,5,24.9,0,23,0,card,DEV-35622,ESC,N,0
TXN-000104,2026-08-05T15:59:00,19.62,GHS,M-2013,fuel,web,Ghana,C-10674,589.0,17,13.82,0,7,0,card,DEV-24312,CLR,N,0
TXN-001446,2026-07-19T08:42:00,16.10,GHS,M-2023,Fuel,web,GH,C-10033,1546.0,11,24.26,0,5,0,momo,DEV-72220,ESC,N,0
TXN-001444,06/09/2026 12:27,63.97,GHS,M-2045,telecom,ios,gh,C-10583,1235.0,15,48.74,0,13,0,momo,DEV-89834,CLR,N,0
TXN-001649,2026-07-24T01:54:00,27.15,NGN,M-2005,other,ios,gh,C-10650,608.0,12,20.13,0,12,0,card,DEV-52552,ESC,N,0
TXN-000587,2026-07-31 23:39:00,22.48,NGN,M-2009,Gambling,web,NGA,C-10510,,19,18.68,6,4,1,momo,DEV-32533,CLR,Y,0
TXN-000628,08-24-2026,NA,GHS,M-2064,restaurants,web,gh,C-10017,169.0,8,30.54,0,3,1,card,DEV-99318,CLR,Y,0
TXN-001697,2026-08-20 02:09:00,73.55,NGN,M-2033,travel,ios,Nigeria,C-10194,199.0,1,40.06,0,6,1,momo,DEV-37556,ESC,Y,0
TXN-002102,2026-07-29T05:56:00,19.66,GHS,M-2052,telecom,web,GH,C-10254,647.0,36,28.04,0,3,0,card,DEV-65580,CLR,N,0
TXN-002200,2026-08-05T09:25:00,28.19 GHS,NGN,M-2085,grocery,ios,Ghana,C-10281,837.0,24,42.12,0,8,0,bank,DEV-24572,CLR,N,0
TXN-000404,2026-07-18T15:19:00,NA,GHS,M-2044,fuel,android,GHA,C-10251,782.0,10,13.4,0,4,0,momo,DEV-75443,CLR,N,0
TXN-001155,10/09/2026 11:44,28.73,GHS,M-2016,,android,GH,C-10536,422.0,21,37.56,5,16,0,card,DEV-74893,CLR,Y,0
TXN-002256,07-27-2026,16.35,NGN,M-2078,restaurants,ios,NGA,C-10710,1652.0,14,21.44,0,12,0,card,DEV-58098,CLR,N,0
TXN-002864,2026-08-01T07:45:00,,GHS,M-2038,electronics,android,Ghana,C-10161,129.0,34,50.28,0,17,0,momo,DEV-69798,CLR,N,0
TXN-001683,08-07-2026,94.54,GHS,M-2080,,web,KE,C-10716,1720.0,5,105.61,0,15,0,card,DEV-75706,CLR,N,0
TXN-002057,20/08/2026 14:46,NA,GHS,M-2041,fuel,web,NGA,C-10271,,12,10.07,0,12,0,card,DEV-18628,CLR,N,0
TXN-003051,2026-08-01T23:15:00,,GHS,M-2014,GAMBLING,pos,gh,C-10091,1083.0,28,61.05,0,19,1,momo,DEV-75032,CLR,Y,0
TXN-000453,2026-07-24T11:08:00, 95.55 ,GHS,M-2009,gambling,android,gh,C-10060,1259.0,32,127.56,0,1,0,bank,DEV-18580,CLR,Y,0
TXN-002302,08/08/2026 08:53,116.87,USD,M-2071,Travel,ios,Kenya,C-10138,440.0,0,75.48,5,16,0,momo,DEV-86882,CLR,Y,0
TXN-001328,09/09/2026 15:02,74.11,GHS,M-2042,Telecom,web,GH,C-10140,1212.0,7,77.12,0,18,0,momo,DEV-85515,CLR,N,0
TXN-002050,08-25-2026,35.06,GHS,M-2032,electronics,web,ng,C-10679,-3.0,3,26.15,0,12,0,card,DEV-44367,CLR,N,0
TXN-000881,01/09/2026 12:13,36.89,GHS,M-2027,grocery,android,Ghana,C-10125,334.0,29,36.27,1,4,0,momo,DEV-76173,CLR,N,0
TXN-003129,07/08/2026 17:10,30.17,NGN,M-2012,restaurants,android,ke,C-10280,129.0,24,40.5,0,14,0,bank,DEV-64812,CLR,N,0
TXN-000624,2026-08-11T13:48:00,15.94,GHS,M-2039,Restaurants,ios,GHA,C-10087,1045.0,38,12.08,6,21,0,momo,DEV-49377,CLR,Y,0
TXN-002394,07-27-2026,4.24,GHS,M-2007,telecom,ios,GH,C-10106,554.0,23,2.84,6,5,0,momo,DEV-76875,CLR,Y,0
TXN-002976,2026-09-07 18:12:00,$33.72,GHS,M-2013,fuel,ussd,KE,C-10614,11.0,13,24.46,6,20,0,momo,DEV-21895,CLR,Y,0
TXN-001788,2026-09-09T14:24:00,30.76,GHS,M-2027,grocery,android,GH,C-10657,264.0,15,16.01,2,1,0,momo,DEV-32733,CLR,Y,0
TXN-000263,2026-07-19T00:13:00,38.96,GHS,M-2092,gambling,android,ng,C-10139,1174.0,5,51.15,7,2,1,card,DEV-59116,CNF,Y,1
TXN-001635,2026-08-26 07:27:00,NA,GHS,M-2026,gambling,pos,ng,C-10204,419.0,34,29.59,0,12,1,card,DEV-28860,ESC,Y,0
TXN-001439,18/07/2026 04:26,24.30,GHS,M-2005,OTHER,ios,Ghana,C-10038,616.0,37,16.09,5,7,0,card,DEV-50694,CLR,Y,0
TXN-002199,02/08/2026 12:42,22.29,NGN,M-2078,restaurants,android,Ghana,C-10559,125.0,11,18.15,1,6,0,momo,DEV-70149,CLR,N,0
TXN-001970,08-17-2026,15.76,GHS,M-2030,telecom,ios,NG,C-10294,5.0,29,14.25,2,5,0,momo,DEV-69056,CLR,Y,0
TXN-002521,15/08/2026 23:27,45.61,GHS,M-2019,restaurants,web,Ghana,C-10304,1677.0,6,21.94,4,18,0,bank,DEV-45883,CLR,Y,0
TXN-001803,08-20-2026,18.84,GHS,M-2061,crypto,android,GHA,C-10044,1.0,25,20.08,0,18,0,momo,DEV-90891,CLR,Y,0
TXN-000641,20/08/2026 17:05,$45.82,NGN,M-2007,TELECOM,android,ng,C-10119,1585.0,21,51.36,1,13,0,momo,DEV-56101,CLR,N,0
TXN-001918,2026-08-10T07:03:00, 46.71 ,NGN,M-2052,Telecom,android,GH,C-10707,1176.0,25,26.86,0,10,1,bank,DEV-47305,CLR,Y,0
TXN-002386,08-13-2026,245.72 GHS,NGN,M-2013,fuel,web,gh,C-10389,1011.0,14,376.1,0,1,1,card,DEV-61132,CLR,Y,0
TXN-002599,30/07/2026 13:36,14.31,NGN,M-2062,RESTAURANTS,web,GHA,C-10146,243.0,35,12.05,0,17,0,momo,DEV-46036,CNF,N,0
TXN-003037,06/09/2026 02:00,7.65,USD,M-2004,,web,gh,C-10553,1115.0,34,10.16,2,10,0,momo,DEV-56426,ESC,Y,0
TXN-001960,08-27-2026,56.50,GHS,M-2046,travel,pos,KE,C-10623,1442.0,37,75.82,0,0,1,card,DEV-33340,CLR,Y,0
TXN-000489,2026-08-09 00:40:00,42,NGN,M-2005,other,web,gh,C-10448,1384.0,33,21.62,0,22,0,momo,DEV-37192,CLR,N,0
TXN-001844,11/08/2026 04:11,61,GHS,M-2085, grocery ,web,ng,C-10592,190.0,36,50.73,0,22,0,momo,DEV-73595,CLR,N,0
TXN-001735,14/08/2026 00:46,9.93,GHS,M-2060,restaurants,ios,GH,C-10327,505.0,15,11.36,5,8,0,bank,DEV-16044,CLR,Y,0
TXN-002912,2026-08-01 23:01:00,7.19,GHS,M-2058,grocery,android,gh,C-10390,,24,9.49,0,13,0,momo,DEV-12569,CLR,N,0
TXN-000147,2026-08-01T14:27:00,,GHS,M-2067,electronics,android,GHA,C-10698,79.0,8,124.93,0,6,0,card,DEV-49446,CLR,N,0
TXN-001535,05/09/2026 21:11,2229.31,GHS,M-2064,restaurants,android,GH,C-10734,667.0,35,2106.84,1,0,0,card,DEV-69213,CLR,Y,0
TXN-001987,12/08/2026 17:14,,GHS,M-2003,telecom,web,GHA,C-10102,1384.0,4,10.56,0,18,0,card,DEV-39584,CLR,N,0
TXN-001370,26/08/2026 07:36,28.82,NGN,M-2032,electronics,pos,GH,C-10239,1598.0,29,37.9,0,8,0,bank,DEV-35965,CLR,N,0
TXN-002451,06/08/2026 12:24,70.12,NGN,M-2023,fuel,web,Nigeria,C-10293,1334.0,9,66.85,0,22,0,card,DEV-30407,CLR,N,0
TXN-003148,2026-08-31T18:47:00,111.09,GHS,M-2056,gambling,android,GH,C-10087,1045.0,33,92.09,0,6,0,card,DEV-68654,CLR,Y,0
TXN-002812,2026-08-26T06:20:00,$26.12,NGN,M-2095,restaurants,pos,GH,C-10130,818.0,2,35.5,0,2,0,bank,DEV-72329,CLR,N,0
TXN-000660,2026-07-28 18:51:00,53.88,NGN,M-2090,grocery,web,GH,C-10400,724.0,33,37.22,0,1,0,momo,DEV-56106,ESC,N,0
TXN-001795,09-06-2026,26.83,USD,M-2003,telecom,android,ng,C-10236,65.0,15,18.04,0,12,0,card,DEV-32311,ESC,N,0
TXN-002512,2026-08-07 15:59:00,42.54,GHS,M-2089, crypto ,android,Ghana,C-10367,809.0,8,40.99,3,21,1,bank,DEV-90154,CLR,Y,0
TXN-000187,08-06-2026,51.46,GHS,M-2022,,web,gh,C-10116,,18,75.75,0,16,0,momo,DEV-53165,CLR,N,0
TXN-001148,2026-09-10 08:35:00,12.92,GHS,M-2042,Telecom,ios,Ghana,C-10504,189.0,4,19.22,5,16,0,momo,DEV-50271,CLR,Y,0
TXN-000609,08-19-2026,60.86,GHS,M-2011,Other,web,Ghana,C-10137,,9,38.24,2,11,0,card,DEV-27840,CLR,Y,0
TXN-002192,2026-07-25 11:49:00,24.54,GHS,M-2063,telecom,ussd,GHA,C-10043,1581.0,10,16.36,0,10,0,momo,DEV-47977,CNF,N,0
TXN-002800,09-01-2026,18,GHS,M-2085,,android,NGA,C-10732,,0,26.62,0,13,1,bank,DEV-19587,CLR,Y,0
TXN-001931,2026-08-13 07:01:00,NA,GHS,M-2064,restaurants,ios,GH,C-10240,5.0,33,82.41,2,18,1,bank,DEV-46243,CLR,Y,0
TXN-000198,08/08/2026 08:16,74.42,GHS,M-2055,TELECOM,web,gh,C-10644,156.0,18,35.86,0,17,0,card,DEV-35285,ESC,N,0
TXN-002932,07-19-2026,50.85,NGN,M-2052,telecom,android,gh,C-10473,799.0,34,24.41,2,23,0,card,DEV-86366,CLR,Y,0
TXN-002328,18/08/2026 06:02,NA,GHS,M-2030,TELECOM,ios,NG,C-10530,70.0,31,10.49,0,6,0,card,DEV-24743,ESC,N,0
TXN-000294,2026-09-05 08:33:00,90.99,NGN,M-2044,fuel,android,Ghana,C-10012,645.0,37,127.65,0,18,1,card,DEV-68950,CLR,Y,0
TXN-000767,23/08/2026 20:19,97.76,GHS,M-2076,,android,Ghana,C-10417,35.0,5,98.07,6,11,1,card,DEV-77826,CLR,Y,0
TXN-000401,2026-08-12T11:48:00,8.57,GHS,M-2029,restaurants,web,NG,C-10607,,17,7.96,0,23,1,card,DEV-48305,CLR,Y,0
TXN-000123,2026-08-05T14:46:00,38.68,GHS,M-2057,restaurants,web,Kenya,C-10046,743.0,21,57.4,5,10,0,momo,DEV-82585,CNF,Y,1
TXN-000203,09-01-2026,17.13,GHS,M-2088,grocery,android,GH,C-10036,438.0,29,11.18,0,0,0,momo,DEV-39632,CLR,N,0
TXN-000836,27/07/2026 08:31,100.90,GHS,M-2054,telecom,web,GHA,C-10125,334.0,15,68.59,0,22,0,card,DEV-14968,CLR,N,0
TXN-002295,2026-09-04 21:08:00,20.85,GHS,M-2059,grocery,web,gh,C-10594,1230.0,11,17.03,2,6,0,bank,DEV-31955,CLR,Y,0
TXN-001440,2026-08-07T15:27:00,50.86,NGN,M-2021,Travel,android,GH,C-10537,248.0,4,23.5,0,11,1,momo,DEV-88936,ESC,Y,0
TXN-001734,26/08/2026 09:33,NA,GHS,M-2075,ELECTRONICS,web,NGA,C-10363,1522.0,32,20.73,0,5,0,card,DEV-91645,CLR,N,0
TXN-001696,2026-09-09T01:35:00,54.04 GHS,GHS,M-2088,grocery,android,Nigeria,C-10234,533.0,0,31.22,0,1,0,card,DEV-63741,CLR,N,0
TXN-003139,08-09-2026,16.17,GHS,M-2030,telecom,pos,GHA,C-10420,1449.0,13,11.35,0,2,0,momo,DEV-58568,CLR,N,0
TXN-001708,17/08/2026 22:32,46.28,GHS,M-2009,gambling,ios,ng,C-10249,9.0,26,60.8,1,2,1,card,DEV-28053,CNF,Y,1
TXN-003124,2026-07-22T08:05:00,30.52,GHS,M-2074,grocery,web,gh,C-10227,610.0,32,44.13,0,16,1,momo,DEV-18595,CNF,Y,0
TXN-001154,2026-09-03 19:51:00,11.25,GHS,M-2081,travel,ios,Nigeria,C-10104,,24,15.32,0,22,0,card,DEV-50777,CLR,N,0
TXN-001662,2026-08-31T07:20:00,10.73,NGN,M-2035,grocery,android,NGA,C-10346,1295.0,8,14.55,0,13,0,momo,DEV-94891,CLR,N,0
TXN-002433,20/08/2026 18:48,65.54,GHS,M-2087,Gambling,pos,Ghana,C-10018,99999.0,38,56.14,0,8,1,card,DEV-14765,CLR,Y,0
TXN-001760,18/07/2026 22:45,36.50,GHS,M-2060,restaurants,web,Nigeria,C-10241,1399.0,31,20.75,7,7,0,momo,DEV-93081,CLR,Y,0
TXN-000855,2026-08-06T07:34:00,4.92,NGN,M-2062,restaurants,android,ng,C-10054,1709.0,7,5.56,0,19,1,momo,DEV-91829,ESC,Y,0
TXN-001590,2026-08-08T19:33:00,51.24,GHS,M-2070,Grocery,android,Kenya,C-10591,929.0,15,41.41,3,9,0,momo,DEV-67183,CLR,Y,0
TXN-002268,2026-08-07T21:02:00,$79.13,GHS,M-2009,gambling,android,GHA,C-10195,1368.0,1,60.27,2,10,0,card,DEV-80672,CLR,Y,0
TXN-000642,2026-08-09 06:14:00,15.87,GHS,M-2015,electronics,web,Ghana,C-10582,531.0,11,11.36,0,1,0,card,DEV-61530,CLR,N,0
TXN-000002,2026-08-13T12:19:00,23.81,GHS,M-2080,restaurants,pos,GHA,C-10288,1511.0,25,36.83,0,,1,momo,DEV-82954,CLR,Y,0
TXN-002161,20/08/2026 10:36,,GHS,M-2021,travel,ios,gh,C-10091,1083.0,20,9.51,0,3,0,card,DEV-29907,CLR,N,0
TXN-000699,19/08/2026 13:05,37.63,USD,M-2041,Fuel,android,GH,C-10292,1470.0,35,24.06,0,15,0,card,DEV-93772,CLR,N,0
TXN-003000,06/09/2026 03:56,93.57,NGN,M-2043,electronics,pos,Ghana,C-10140,1212.0,5,54.33,0,0,0,bank,DEV-34279,CLR,N,0
TXN-001637,2026-08-06T16:01:00,9.16,USD,M-2089,Crypto,android,Nigeria,C-10306,,14,13.62,4,8,0,card,DEV-62830,CNF,Y,1
TXN-001292,08-15-2026,18.71,GHS,M-2095,restaurants,android,gh,C-10091,1083.0,5,12.23,0,17,0,card,DEV-94407,CLR,N,0
TXN-003063,2026-09-06T11:19:00,68.56 GHS,GHS,M-2026,gambling,android,GH,C-10338,894.0,33,45.55,0,12,0,card,DEV-60743,ESC,Y,0
TXN-002490,2026-07-24T03:30:00,20,USD,M-2093,travel,web,Ghana,C-10445,975.0,20,27.07,0,13,0,momo,DEV-63873,CLR,N,0
TXN-001521,2026-08-07 11:15:00,28.79,GHS,M-2084,grocery,android,Nigeria,C-10552,721.0,1,30.21,0,6,1,card,DEV-41562,CLR,Y,0
TXN-001854,2026-07-24T20:37:00,11.09,GHS,M-2000,Telecom,ios,gh,C-10022,288.0,36,16.05,0,6,0,momo,DEV-90279,CLR,N,0
TXN-001137,02/08/2026 13:47,7.66,USD,M-2065,restaurants,android,Ghana,C-10594,1230.0,37,5.51,0,19,0,momo,DEV-73743,CLR,N,0
TXN-003108,2026-08-30T02:16:00,61.37,GHS,M-2000,telecom,android,gh,C-10402,1253.0,20,67.13,0,4,1,momo,DEV-92831,ESC,Y,0
TXN-001632,2026-09-10T04:41:00,55.17,GHS,M-2046,travel,android,GH,C-10257,1714.0,32,61.84,5,1,0,momo,DEV-73163,CNF,Y,0
TXN-001999,2026-08-31T15:58:00,38.37,GHS,M-2008,grocery,ios,gh,C-10051,1316.0,15,54.85,5,7,1,momo,DEV-19606,CLR,Y,0
TXN-000664,2026-08-27T07:46:00,129.11,GHS,M-2016,restaurants,web,gh,C-10397,754.0,29,142.66,0,17,0,bank,DEV-38543,CLR,N,0
TXN-000684,2026-09-06T01:40:00,47.65,NGN,M-2003,TELECOM,android,NG,C-10119,1585.0,17,55.11,6,9,0,card,DEV-36182,CLR,Y,0
TXN-001258,2026-08-02T07:50:00, 32.53 ,GHS,M-2021,travel,ios,Kenya,C-10534,4.0,15,43.56,1,20,1,bank,DEV-93789,CNF,Y,1
TXN-000318,2026-07-18T03:13:00,48.72,GHS,M-2015,electronics,web,Nigeria,C-10321,1150.0,22,38.6,0,1,1,momo,DEV-11206,CLR,Y,0
TXN-000649,2026-07-26T20:07:00,33.60 GHS,GHS,M-2032,electronics,android,gh,C-10678,969.0,8,31.97,0,6,1,momo,DEV-63765,CLR,Y,0
TXN-001435,2026-07-28T15:21:00,$11.25,GHS,M-2040,,web,gh,C-10351,1079.0,9,7.05,0,21,0,bank,DEV-30706,CLR,Y,0
TXN-001480,2026-08-12 01:56:00,23.18,GHS,M-2005,other,pos,gh,C-10298,1491.0,30,23.57,0,6,0,bank,DEV-11074,CLR,N,0
TXN-000710,2026-09-06 00:45:00,17.83,GHS,M-2000,telecom,android,GHA,C-10187,1323.0,9,21.76,0,2,1,bank,DEV-44795,CLR,Y,0
TXN-001283,2026-08-08 04:31:00,50.20,NGN,M-2076,Electronics,web,GHA,C-10279,1094.0,39,26.16,0,0,1,momo,DEV-67976,CLR,Y,0
TXN-001769,2026-08-05T20:39:00,59.92,GHS,M-2069,gambling,ios,ng,C-10664,818.0,16,56.46,0,6,0,card,DEV-61923,CLR,Y,0
TXN-000973,2026-08-08T10:07:00,36.89,GHS,M-2008,GROCERY,android,gh,C-10381,6.0,29,31.29,5,22,0,momo,DEV-13540,CLR,Y,0
TXN-002676,2026-08-15T11:29:00,32.52,GHS,M-2086,telecom,ios,Ghana,C-10514,549.0,23,42.85,0,18,0,momo,DEV-69716,CLR,N,0
TXN-002681,08/08/2026 12:49,6.90,GHS,M-2000, telecom ,web,ng,C-10592,190.0,11,9.88,1,19,0,card,DEV-18234,CLR,N,0
TXN-001307,24/07/2026 13:15,3.47,GHS,M-2008,,web,gh,C-10052,961.0,27,3.67,0,23,0,card,DEV-10014,CLR,N,0
TXN-001401,2026-07-25T00:55:00,5.91,USD,M-2026,GAMBLING,ios,gh,C-10210,320.0,24,4.67,6,15,0,bank,DEV-28421,CNF,Y,1
TXN-001409,09-04-2026,17.63,GHS,M-2004,grocery,ios,Ghana,C-10725,520.0,0,15.92,0,12,0,card,DEV-73214,CLR,N,0
TXN-002238,2026-08-07T22:49:00,47.77,GHS,M-2040,gambling,android,GHA,C-10624,301.0,13,38.59,0,19,0,card,DEV-70243,CLR,Y,0
TXN-001497,2026-08-11T12:02:00,25.80,GHS,M-2059,grocery,android,NG,C-10530,70.0,39,30.14,0,15,0,momo,DEV-50614,CLR,N,0
TXN-002039,2026-09-09 09:55:00,57.67,NGN,M-2038,unk,pos,NGA,C-10111,1718.0,20,31.38,3,20,0,momo,DEV-20654,CLR,Y,0
TXN-001530,2026-07-19T20:00:00,9.21,NGN,M-2007,Telecom,pos,Nigeria,C-10111,1718.0,26,13.59,7,23,0,card,DEV-12438,ESC,Y,0
TXN-001664,29/07/2026 18:37,25.90,GHS,M-2038,ELECTRONICS,web,GH,C-10277,578.0,20,30.33,0,20,1,momo,DEV-35019,CLR,Y,0
TXN-001355,04/08/2026 11:12,,NGN,M-2015,electronics,ios,Nigeria,C-10023,2.0,12,48.61,0,9,0,momo,DEV-88467,CLR,N,0
TXN-003135,20/08/2026 23:13,42.91,GHS,M-2018,FUEL,android,NG,C-10042,1159.0,14,38.78,0,6,1,momo,DEV-36766,CLR,Y,0
TXN-003157,08-23-2026, 14.82 ,GHS,M-2073,ELECTRONICS,ussd,Nigeria,C-10025,268.0,36,7.05,0,19,1,momo,DEV-40188,CLR,Y,0
TXN-001644,15/08/2026 13:19,$105.40,GHS,M-2038,electronics,web,gh,C-10718,818.0,13,56.52,0,17,1,momo,DEV-54909,CLR,Y,0
TXN-001052,07-30-2026,36.47,NGN,M-2006,telecom,ios,Nigeria,C-10297,275.0,23,43.88,0,21,0,card,DEV-41982,CLR,N,0
TXN-000796,2026-08-26T01:04:00,14.25,NGN,M-2077,restaurants,ios,ng,C-10405,6.0,30,9.77,0,15,0,card,DEV-92542,CLR,N,0
TXN-002694,2026-08-11T19:54:00,32.84,NGN,M-2095,Restaurants,ios,Nigeria,C-10549,277.0,24,29.4,0,14,1,card,DEV-59481,CLR,Y,0
TXN-001598,05/09/2026 19:44,12.53,NGN,M-2076,electronics,web,NGA,C-10542,207.0,3,10.88,6,1,0,momo,DEV-30559,CLR,Y,0
TXN-002605,2026-08-20T07:29:00,13.74,NGN,M-2045,telecom,ios,Ghana,C-10425,1549.0,23,18.36,0,19,0,momo,DEV-79163,CLR,N,0
TXN-002730,2026-08-08T13:18:00,49.63,NGN,M-2019,restaurants,ussd,GHA,C-10016,1691.0,2,62.27,0,23,0,card,DEV-85917,CLR,N,0
TXN-002626,2026-09-11T03:10:00,76.20,GHS,M-2043,electronics,ios,ke,C-10291,1472.0,11,53.62,0,7,0,momo,DEV-16039,CLR,N,0
TXN-001820,2026-08-28T15:00:00,13.12,NGN,M-2050,GROCERY,android,NG,C-10512,1140.0,3,9.43,0,11,0,momo,DEV-45394,CLR,N,0
TXN-001723,29/07/2026 00:56,104.60,NGN,M-2019,restaurants,ios,gh,C-10693,154.0,10,56.35,0,20,0,card,DEV-51637,CLR,N,0
TXN-001184,24/08/2026 20:23,143.26,USD,M-2002,,ussd,NGA,C-10467,720.0,15,83.63,0,8,0,momo,DEV-67039,CLR,N,0
TXN-002573,2026-08-03T14:20:00,,GHS,M-2057,restaurants,android,Ghana,C-10414,1319.0,19,30.51,0,11,0,bank,DEV-21783,CLR,N,0
TXN-001060,2026-07-26 10:30:00,,GHS,M-2078,restaurants,android,GHA,C-10166,400.0,31,34.3,0,,0,card,DEV-59550,CLR,N,0
TXN-000541,2026-08-30T06:55:00,NA,GHS,M-2033,travel,ios,GHA,C-10187,1323.0,25,20.24,3,14,0,momo,DEV-89656,ESC,Y,0
TXN-001679,2026-07-25T19:38:00,158.23 GHS,USD,M-2092,gambling,android,GH,C-10717,1571.0,7,162.94,0,14,0,bank,DEV-48994,CLR,Y,0
TXN-002797,2026-08-12T17:32:00,49.02,GHS,M-2049,grocery,android,Ghana,C-10522,1183.0,33,38.5,0,10,0,momo,DEV-70799,CLR,N,0
TXN-003098,07/09/2026 21:17,28.28,NGN,M-2073,,android,Ghana,C-10523,1468.0,34,23.84,0,22,0,card,DEV-25385,ESC,N,0
TXN-002533,2026-09-08 01:46:00,23.59,GHS,M-2018, fuel ,android,Ghana,C-10454,553.0,6,22.02,7,15,0,card,DEV-80679,CLR,Y,0
TXN-001758,2026-08-18T15:18:00,,NGN,M-2076,electronics,web,GH,C-10254,647.0,16,13.98,0,9,0,bank,DEV-81441,CLR,N,0
TXN-001924,2026-08-29T11:13:00, 20.90 ,GHS,M-2072,fuel,android,Ghana,C-10156,1105.0,23,24.66,3,22,0,card,DEV-42140,CLR,Y,0
TXN-000096,10/08/2026 18:56,38.79,GHS,M-2089,Crypto,android,GH,C-10386,709.0,33,38.0,0,17,0,card,DEV-11593,CLR,Y,0
TXN-001021,08-12-2026,16.13,GHS,M-2066,,android,GHA,C-10170,10.0,37,15.89,0,21,0,card,DEV-51222,CNF,N,0
TXN-000564,31/07/2026 14:09,47.62,NGN,M-2003,telecom,ussd,gh,C-10539,1393.0,10,64.32,6,11,0,momo,DEV-22684,CLR,Y,0
TXN-002791,2026-08-14T04:04:00,60.51,GHS,M-2006,TELECOM,pos,GHA,C-10340,275.0,25,51.04,0,10,0,card,DEV-10054,CLR,N,0
TXN-000864,2026-07-22T15:43:00,39.59,GHS,M-2083,GROCERY,android,GH,C-10027,,7,60.58,0,19,0,momo,DEV-53250,CLR,N,0
TXN-001485,09/08/2026 11:48,6.78,GHS,M-2040,,ussd,NGA,C-10503,,18,3.38,0,18,0,momo,DEV-34507,CLR,Y,0
TXN-002940,2026-09-08T15:55:00,28.94,GHS,M-2047,,android,GHA,C-10016,1691.0,4,28.23,0,2,0,momo,DEV-84060,CLR,N,0
TXN-001882,29/07/2026 06:30,12.88,GHS,M-2050,grocery,ios,Ghana,C-10015,734.0,39,6.68,0,16,0,bank,DEV-39050,CLR,N,0
TXN-001039,14/08/2026 13:39,NA,NGN,M-2076,,ios,Nigeria,C-10194,199.0,33,11.12,0,15,0,card,DEV-27373,CLR,N,0
TXN-000207,11/08/2026 22:15,64.51,GHS,M-2042,telecom,ios,ke,C-10046,743.0,0,67.46,0,12,1,card,DEV-55249,CLR,Y,0
TXN-000393,15/08/2026 18:47,$31.49,GHS,M-2080,restaurants,web,gh,C-10578,1.0,10,17.74,6,2,0,momo,DEV-48647,CLR,Y,0
TXN-002843,2026-08-08T02:22:00,7.85,GHS,M-2052,telecom,web,Ghana,C-10680,1285.0,14,4.7,0,7,0,momo,DEV-35783,CLR,N,0
TXN-000871,08-08-2026,28.19,GHS,M-2040,GAMBLING,ios,Ghana,C-10386,709.0,29,16.34,7,14,0,momo,DEV-33731,CLR,Y,0
TXN-000398,08-23-2026,,GHS,M-2003,telecom,ios,GHA,C-10152,1390.0,23,13.15,0,7,0,momo,DEV-19128,CLR,N,0
TXN-002815,2026-07-22T09:51:00,110.52,NGN,M-2084,grocery,android,ke,C-10138,440.0,29,157.68,0,,0,bank,DEV-96712,CLR,N,0
TXN-003090,23/08/2026 09:02,121.42,GHS,M-2059, grocery ,android,GHA,C-10244,507.0,24,132.82,0,4,0,momo,DEV-89071,CLR,N,0
TXN-001029,2026-09-07T13:26:00,246.48,GHS,M-2095, restaurants ,ussd,GH,C-10628,481.0,12,131.87,0,15,1,card,DEV-37496,CLR,Y,0
TXN-002691,02/08/2026 11:27,17.69,NGN,M-2015,electronics,web,GH,C-10546,515.0,6,12.84,0,14,0,momo,DEV-69719,CLR,N,0
TXN-001486,06/09/2026 18:36,83.58,GHS,M-2069,GAMBLING,web,NG,C-10342,1165.0,35,105.74,0,7,0,bank,DEV-16866,CLR,Y,0
TXN-002661,01/09/2026 06:25,15.82,GHS,M-2095,restaurants,android,GHA,C-10454,553.0,9,22.52,0,17,1,card,DEV-88236,CLR,Y,0
TXN-000961,2026-09-11T04:49:00, 40.11 ,GHS,M-2082, fuel ,android,GH,C-10686,8.0,39,51.16,6,17,0,momo,DEV-77958,CNF,Y,0
TXN-001571,07-24-2026,116.66,GHS,M-2076,ELECTRONICS,android,KE,C-10285,957.0,10,132.4,0,22,0,momo,DEV-48039,CLR,N,0
TXN-002774,2026-08-12T09:24:00,12.51,GHS,M-2001,,android,gh,C-10227,610.0,9,16.02,0,21,0,bank,DEV-17864,CLR,Y,0
TXN-001896,2026-08-02 04:52:00,43.51,USD,M-2079,telecom,android,NGA,C-10061,1558.0,4,40.53,0,15,1,momo,DEV-45726,ESC,Y,0
TXN-002732,2026-09-03T22:02:00,NA,GHS,M-2037,crypto,web,GH,C-10375,956.0,20,6.2,0,2,0,momo,DEV-56123,CLR,Y,1
TXN-002147,2026-07-24T05:32:00,27.84,GHS,M-2004,Grocery,pos,Ghana,C-10397,754.0,0,35.86,0,7,0,momo,DEV-24022,ESC,N,0
TXN-000805,2026-08-03T23:46:00,39.74,NGN,M-2015,Electronics,web,Nigeria,C-10020,1183.0,7,59.51,0,1,0,momo,DEV-59526,CLR,N,0
TXN-001752,20/08/2026 09:30,37.98,USD,M-2095,restaurants,pos,NG,C-10664,818.0,29,42.21,0,11,0,momo,DEV-45628,CLR,N,0
TXN-002455,14/08/2026 13:28,46.97 GHS,NGN,M-2038,,ussd,Kenya,C-10073,6.0,33,43.47,0,8,0,bank,DEV-60921,CLR,N,0
TXN-000503,2026-09-06T23:49:00,114.12,GHS,M-2002,fuel,android,NG,C-10042,1159.0,25,160.22,4,21,1,card,DEV-37031,ESC,Y,1
TXN-002978,2026-07-18T15:12:00,37.47,GHS,M-2027,grocery,android,gh,C-10386,709.0,6,55.3,0,11,0,card,DEV-76429,CLR,N,0
TXN-000780,30/07/2026 11:32,70.34,GHS,M-2006,telecom,web,Kenya,C-10308,1183.0,32,97.6,4,2,0,momo,DEV-25664,CLR,Y,0
TXN-001864,2026-09-02T01:55:00, 150.41 ,GHS,M-2015,ELECTRONICS,web,Ghana,C-10330,10.0,2,175.61,4,9,0,card,DEV-79402,CLR,Y,0
TXN-000201,20/07/2026 13:51,29.80,GHS,M-2036,GROCERY,web,gh,C-10174,724.0,20,37.62,0,7,1,card,DEV-50531,CLR,Y,0
TXN-002183,2026-08-27 14:24:00,12.08,USD,M-2034,,web,GHA,C-10531,605.0,9,12.84,0,13,0,card,DEV-94843,CLR,Y,0
TXN-002089,2026-08-29T20:37:00,13.24,GHS,M-2035,grocery,ios,GHA,C-10034,1770.0,15,9.05,0,21,0,momo,DEV-74908,CLR,N,0
TXN-003066,2026-08-03T13:09:00,67.95,NGN,M-2007,TELECOM,ios,GH,C-10320,516.0,22,40.11,0,6,0,card,DEV-69013,ESC,N,1
TXN-002279,18/08/2026 13:04,91.61,GHS,M-2043,electronics,pos,GH,C-10698,79.0,11,50.39,0,15,0,momo,DEV-41012,CLR,N,0
TXN-001797,2026-09-01 21:24:00,58.70,USD,M-2076,electronics,android,gh,C-10272,684.0,6,44.27,1,2,0,card,DEV-45981,CLR,N,0
TXN-000379,2026-08-25T16:05:00,37.72,GHS,M-2090,grocery,android,NG,C-10202,735.0,20,50.64,0,18,0,momo,DEV-69102,CLR,N,0
TXN-002337,10/09/2026 11:09,23.89,USD,M-2087,gambling,android,gh,C-10393,916.0,14,21.47,0,12,1,card,DEV-27592,CLR,Y,0
TXN-000419,07-29-2026,3.54,GHS,M-2017,grocery,ios,Nigeria,C-10201,1694.0,14,3.35,0,23,1,card,DEV-47877,CLR,Y,0
TXN-001699,23/07/2026 05:09,,GHS,M-2067,electronics,android,gh,C-10687,375.0,26,23.09,1,0,0,card,DEV-49779,CLR,N,0
TXN-000392,15/08/2026 18:11,60.31,GHS,M-2054,telecom,ios,GH,C-10177,4.0,18,31.96,0,0,0,momo,DEV-34121,CLR,N,0
TXN-002641,2026-08-06 20:26:00,15.58,GHS,M-2092,gambling,android,NGA,C-10622,1286.0,28,16.98,0,23,0,momo,DEV-72438,ESC,Y,1
TXN-001523,2026-07-31 09:55:00,79.77,GHS,M-2023,fuel,android,Ghana,C-10096,1.0,26,74.04,0,,0,momo,DEV-25278,CNF,N,0
TXN-001163,2026-08-14T18:36:00,8.67,GHS,M-2083,unk,ios,GH,C-10222,241.0,25,6.25,0,7,1,card,DEV-60303,CLR,Y,0
TXN-001496,2026-08-13T06:20:00,81.16,GHS,M-2058,GROCERY,pos,ke,C-10224,1033.0,9,88.38,2,8,0,card,DEV-73372,CLR,Y,0
TXN-002696,25/07/2026 12:13,8.79,GHS,M-2055,telecom,android,NGA,C-10126,,31,7.06,5,11,0,card,DEV-10408,ESC,Y,0
TXN-002028,2026-08-17 23:57:00,36.05,GHS,M-2010,travel,ios,GH,C-10568,402.0,13,42.21,0,12,0,momo,DEV-42113,CLR,N,0
TXN-001153,2026-08-28 03:27:00,73.19,GHS,M-2058,Grocery,ussd,Kenya,C-10488,1456.0,8,103.7,0,12,0,card,DEV-93156,CLR,N,0
TXN-001368,2026-08-08T04:15:00,13.36,GHS,M-2038,,android,NG,C-10248,5.0,12,6.34,4,4,0,momo,DEV-85640,CLR,Y,0
TXN-002569,2026-07-23T18:10:00,34.46,NGN,M-2020,telecom,web,GH,C-10422,292.0,12,44.8,0,5,1,card,DEV-47260,ESC,Y,0
TXN-000065,2026-09-10T17:25:00,38.11,GHS,M-2012,restaurants,android,GH,C-10299,1657.0,24,53.45,0,15,0,momo,DEV-30928,CLR,N,0
TXN-002063,2026-09-03T19:13:00,,GHS,M-2013,FUEL,web,Nigeria,C-10241,1399.0,5,9.57,4,0,0,momo,DEV-71245,CLR,Y,0
TXN-001181,2026-09-01T02:53:00,22.65,NGN,M-2004,Grocery,web,gh,C-10476,1525.0,34,18.06,0,2,0,momo,DEV-66461,CLR,N,0
TXN-003113,2026-08-06 14:55:00,8.15,NGN,M-2045,telecom,web,GH,C-10721,6.0,13,11.87,6,18,1,momo,DEV-38365,CNF,Y,1
TXN-000493,2026-09-06T08:12:00,19.11,NGN,M-2069,gambling,android,Ghana,C-10255,226.0,34,10.86,0,11,0,momo,DEV-38275,CLR,Y,0
TXN-000380,04/08/2026 05:55,40.11,GHS,M-2011,Other,android,NGA,C-10183,1533.0,8,20.45,5,7,0,card,DEV-68366,CLR,Y,0
TXN-002236,2026-08-24T15:51:00,71.47,GHS,M-2011,,android,KE,C-10077,1294.0,0,55.08,0,19,0,momo,DEV-86684,ESC,N,0
TXN-000764,2026-07-21T06:01:00,49.22,GHS,M-2076,electronics,web,ng,C-10679,11.0,9,63.25,0,4,1,momo,DEV-28744,ESC,Y,1
TXN-002265,2026-09-03T03:46:00,43.72,GHS,M-2040,Gambling,ios,NGA,C-10535,1510.0,10,44.26,0,1,0,card,DEV-23761,CLR,Y,0
TXN-000792,2026-09-01T19:09:00,$15.31,USD,M-2032,electronics,web,ng,C-10543,702.0,7,23.25,0,1,0,card,DEV-61806,CLR,N,0
TXN-001077,29/08/2026 18:57,28.62,NGN,M-2089,Crypto,ussd,NG,C-10404,835.0,9,14.4,1,16,1,momo,DEV-84942,ESC,Y,0
TXN-000879,2026-08-04T11:39:00, 36.98 ,GHS,M-2091,telecom,android,NGA,C-10346,1295.0,5,50.27,0,16,1,momo,DEV-93693,CLR,Y,0
TXN-000338,2026-08-13T09:25:00,41.65,GHS,M-2002,fuel,android,GH,C-10442,1334.0,29,58.4,0,13,0,bank,DEV-85020,CLR,N,0
TXN-002768,18/08/2026 23:53,24.19,USD,M-2078,restaurants,web,NGA,C-10317,9.0,19,36.92,0,6,1,card,DEV-82059,CLR,Y,0
TXN-002344,2026-07-31T21:55:00,41.48,USD,M-2085,GROCERY,pos,GHA,C-10645,785.0,11,45.19,0,14,0,momo,DEV-44372,CLR,N,0
TXN-001017,2026-09-10 14:09:00,,GHS,M-2031,other,android,ke,C-10305,616.0,26,7.57,0,1,0,card,DEV-63073,CLR,N,0
TXN-001276,2026-07-22T14:17:00,18.22,GHS,M-2069,gambling,android,gh,C-10385,1329.0,33,27.88,0,19,0,momo,DEV-37992,CLR,Y,0
TXN-000456,2026-07-21 14:32:00,14.87,NGN,M-2051,grocery,web,GH,C-10429,1202.0,19,18.27,2,18,1,momo,DEV-29419,CLR,Y,0
TXN-000816,10/09/2026 11:09,25.29,USD,M-2084,grocery,ios,GH,C-10076,,19,29.4,0,8,1,momo,DEV-71408,CLR,Y,0
TXN-002318,2026-08-19T00:33:00,86.45,GHS,M-2049,grocery,web,Kenya,C-10502,419.0,9,55.17,6,12,0,momo,DEV-12774,CLR,Y,0
TXN-000996,15/08/2026 22:30,12.01,NGN,M-2042,telecom,android,NGA,C-10271,54.0,2,14.35,0,5,0,momo,DEV-55795,CLR,N,0
TXN-001982,25/07/2026 19:02, 43.52 ,GHS,M-2075,,web,NG,C-10114,356.0,12,49.08,3,1,0,momo,DEV-95871,CNF,Y,1
TXN-000202,09/09/2026 08:10,37.24,NGN,M-2022,other,ios,gh,C-10416,549.0,23,26.07,3,21,0,momo,DEV-53696,CLR,Y,0
TXN-000162,2026-08-22T10:59:00,$23.10,GHS,M-2033,,android,Nigeria,C-10565,487.0,14,32.91,0,11,0,bank,DEV-96899,CLR,N,0
TXN-001580,2026-09-05T10:17:00,28.55 GHS,GHS,M-2052,telecom,web,GHA,C-10167,995.0,30,24.46,0,5,0,momo,DEV-93191,ESC,N,0
TXN-002778,09-01-2026, 51.66 ,GHS,M-2022,other,android,gh,C-10383,659.0,28,38.68,0,11,0,momo,DEV-29319,CLR,N,0
TXN-002450,25/08/2026 15:35,36.13,NGN,M-2003, telecom ,web,gh,C-10239,,11,53.95,0,,1,bank,DEV-90417,ESC,Y,0
TXN-000703,09-09-2026,44.46,GHS,M-2069,GAMBLING,web,gh,C-10675,1354.0,18,20.51,0,17,0,card,DEV-51872,CNF,Y,1
TXN-001501,09/09/2026 08:09,29.77,GHS,M-2003,telecom,web,GH,C-10267,373.0,28,29.09,0,1,0,momo,DEV-78482,CLR,N,0
TXN-001130,21/07/2026 22:24,26.10 GHS,NGN,M-2002,fuel,ios,GHA,C-10169,174.0,21,15.79,7,4,0,momo,DEV-97285,CLR,Y,0
TXN-002614,03/08/2026 06:54,NA,USD,M-2029,restaurants,ussd,ng,C-10682,556.0,0,35.49,0,7,0,momo,DEV-62490,CLR,N,0
TXN-001022,2026-08-08T02:32:00,18.05,NGN,M-2078,Restaurants,web,gh,C-10184,674.0,36,8.44,7,11,0,card,DEV-67989,CLR,Y,0
TXN-003074,2026-09-02 12:28:00,28.00,NGN,M-2086,telecom,android,GHA,C-10106,554.0,0,20.37,0,11,1,card,DEV-92488,CNF,Y,1
TXN-001586,08-02-2026,53.88,NGN,M-2063,telecom,web,gh,C-10259,867.0,17,43.43,0,5,0,momo,DEV-86043,ESC,N,0
TXN-001956,2026-07-21 01:52:00,46.98 GHS,GHS,M-2037,crypto,android,Nigeria,C-10610,582.0,13,49.82,6,22,0,momo,DEV-49856,CLR,Y,0
TXN-002254,2026-07-30T00:44:00,10.82,GHS,M-2070, grocery ,ios,Ghana,C-10281,837.0,5,14.28,0,,0,card,DEV-43444,ESC,N,0
TXN-000035,2026-07-20T06:13:00,23.49,GHS,M-2001,gambling,web,Nigeria,C-10343,574.0,26,27.66,4,9,0,momo,DEV-37611,CLR,Y,0
TXN-000776,27/07/2026 21:48,$20.96,GHS,M-2085,grocery,web,NGA,C-10555,1679.0,28,24.07,6,12,1,bank,DEV-86698,CLR,Y,0
TXN-002557,03/08/2026 12:36,28.63 GHS,GHS,M-2093,travel,android,GHA,C-10609,,33,29.59,0,19,0,momo,DEV-99084,ESC,N,0
TXN-001479,08-16-2026,22.66,GHS,M-2005,other,pos,GHA,C-10022,288.0,22,12.6,0,11,0,card,DEV-65490,CLR,N,0
TXN-003004,06/08/2026 20:04,24.81,GHS,M-2014,gambling,android,GH,C-10402,1253.0,4,23.99,0,21,0,momo,DEV-55770,CLR,Y,0
TXN-001391,2026-08-12T15:45:00,36.37,GHS,M-2005,other,web,Ghana,C-10579,993.0,39,44.94,0,6,0,momo,DEV-48094,CLR,N,0
TXN-002140,2026-07-23T18:23:00,91.39,GHS,M-2027,,ios,GHA,C-10399,1164.0,28,62.49,0,7,0,card,DEV-91410,CLR,N,0
TXN-001364,2026-08-12T11:49:00,6.82,GHS,M-2069,gambling,android,Kenya,C-10305,616.0,13,6.86,7,3,1,momo,DEV-70581,CNF,Y,1
TXN-002946,2026-08-11 05:34:00,67.99,USD,M-2021,travel,web,ng,C-10309,1120.0,15,48.29,0,12,0,momo,DEV-34247,CLR,N,0
TXN-002613,2026-08-23T20:36:00,19.49,USD,M-2082,fuel,android,Ghana,C-10539,,11,11.09,0,9,1,momo,DEV-95938,ESC,Y,0
TXN-002825,17/08/2026 13:28,$12.27,GHS,M-2062,restaurants,web,gh,C-10619,10.0,30,8.42,0,14,0,momo,DEV-68147,CLR,N,0
TXN-002042,2026-08-28T06:38:00,10.04,NGN,M-2050,GROCERY,ios,gh,C-10699,1481.0,0,11.4,0,8,0,momo,DEV-24242,CLR,N,0
TXN-000242,09-06-2026,40.24,GHS,M-2077,restaurants,pos,GHA,C-10091,1083.0,4,45.92,0,16,0,bank,DEV-38404,CLR,N,0
TXN-002062,2026-08-12 05:57:00,122.71,NGN,M-2055,unk,web,gh,C-10316,379.0,28,137.1,0,22,0,momo,DEV-36255,CNF,N,0
TXN-002364,2026-08-01T15:30:00,48.82,GHS,M-2057,restaurants,android,Kenya,C-10598,576.0,9,66.9,0,5,0,momo,DEV-55518,CLR,N,0
TXN-000601,2026-07-28 22:39:00,25.76,GHS,M-2086,Telecom,android,NG,C-10558,1138.0,21,37.14,0,20,0,momo,DEV-19215,CLR,N,0
TXN-002436,2026-08-15T05:23:00,72.78,GHS,M-2065,,ussd,gh,C-10188,1331.0,1,83.22,0,,0,card,DEV-48739,CNF,N,1
TXN-001298,2026-08-25T12:12:00,,USD,M-2037,crypto,android,NG,C-10401,616.0,27,142.57,0,18,0,card,DEV-27085,CLR,Y,0
TXN-002215,2026-08-08T12:54:00,19.93,NGN,M-2025,grocery,web,Ghana,C-10299,1657.0,16,25.03,0,,1,momo,DEV-47128,CLR,Y,0
TXN-002889,2026-09-07T13:17:00,16.61,GHS,M-2080,RESTAURANTS,pos,NGA,C-10160,1059.0,9,11.9,0,,0,momo,DEV-16405,CLR,N,0
TXN-002069,2026-09-03T07:41:00,19.65,GHS,M-2007,Telecom,web,NGA,C-10270,1573.0,39,18.4,0,2,0,momo,DEV-64801,ESC,N,0
TXN-000647,02/09/2026 11:14,33.60,GHS,M-2045,telecom,android,Ghana,C-10156,1105.0,25,50.66,5,20,0,momo,DEV-73290,CNF,Y,0
TXN-001529,08-19-2026,,GHS,M-2005,other,web,GH,C-10448,1384.0,18,55.24,0,21,0,momo,DEV-96723,ESC,N,0
TXN-002880,2026-09-10T03:16:00,44.09,USD,M-2092,GAMBLING,web,gh,C-10352,131.0,13,35.39,2,3,0,momo,DEV-84973,CNF,Y,1
TXN-001268,29/07/2026 19:34,9.47,GHS,M-2027,Grocery,web,GH,C-10717,1571.0,26,4.91,4,12,0,momo,DEV-14471,CLR,Y,0
TXN-001900,26/07/2026 02:31,50.18,GHS,M-2049,grocery,android,gh,C-10143,199.0,1,45.58,7,12,0,momo,DEV-89781,CLR,Y,0
TXN-000563,2026-09-06T13:42:00,23.50,GHS,M-2077,restaurants,ios,GHA,C-10383,659.0,6,30.35,0,1,0,momo,DEV-87820,CLR,N,0
TXN-003179,2026-09-02T08:53:00,25.20,GHS,M-2052,telecom,android,NGA,C-10515,464.0,0,27.3,0,6,0,card,DEV-80184,CLR,N,0
TXN-002735,2026-08-15T21:52:00,8.11,USD,M-2033,TRAVEL,ios,GH,C-10170,10.0,31,4.69,0,5,0,card,DEV-33070,CLR,N,0
TXN-003006,24/07/2026 02:49,72.11,NGN,M-2064,Restaurants,android,gh,C-10561,248.0,24,80.5,0,8,0,momo,DEV-34630,CLR,N,0
TXN-000190,23/08/2026 05:26,12.70,GHS,M-2012,restaurants,android,GH,C-10209,476.0,9,13.63,3,8,0,card,DEV-68386,CLR,Y,0
TXN-001807,10/09/2026 18:49,12.32,GHS,M-2058,grocery,ios,GH,C-10188,1331.0,13,15.21,0,16,0,momo,DEV-18038,CLR,N,0
TXN-000976,2026-09-01 19:31:00, 17.81 ,NGN,M-2066,Restaurants,web,GHA,C-10380,,24,10.83,0,8,0,card,DEV-11211,CLR,N,0
TXN-002748,2026-07-21T23:37:00,,GHS,M-2026,gambling,android,gh,C-10022,288.0,17,64.82,0,17,0,bank,DEV-49865,CLR,Y,0
TXN-002048,28/07/2026 19:42, 10.57 ,GHS,M-2089,crypto,ussd,NG,C-10083,574.0,27,13.7,0,10,0,card,DEV-53470,CNF,Y,1
TXN-002559,2026-08-16T17:27:00,,NGN,M-2065,restaurants,web,GH,C-10667,166.0,6,31.21,0,0,1,bank,DEV-83810,CLR,Y,0
TXN-001083,2026-08-16 07:13:00,17.83,GHS,M-2067,electronics,ios,GHA,C-10471,1098.0,2,22.29,0,,0,momo,DEV-69897,CLR,N,0
TXN-000475,01/09/2026 00:53,8.88,NGN,M-2035,grocery,android,KE,C-10627,1607.0,17,9.81,0,21,0,card,DEV-21972,CLR,N,0
TXN-002905,08-20-2026,40.98,GHS,M-2049,grocery,ios,GHA,C-10547,4.0,28,25.96,0,9,0,card,DEV-95605,CLR,N,1
TXN-000748,2026-08-22T15:26:00,40.08,GHS,M-2041,unk,android,NGA,C-10577,762.0,14,59.66,0,21,0,momo,DEV-48965,CLR,N,0
TXN-002301,2026-09-05T13:13:00,,GHS,M-2009,gambling,pos,gh,C-10709,,8,42.14,7,,1,momo,DEV-82716,CNF,Y,1
TXN-000022,08/08/2026 17:17,74.79,USD,M-2008,grocery,web,Ghana,C-10163,248.0,6,92.32,0,8,0,card,DEV-33315,CLR,N,0
TXN-000460,07/08/2026 06:30,37.76,NGN,M-2028,grocery,web,gh,C-10364,1050.0,38,50.67,1,15,0,card,DEV-58498,ESC,N,0
TXN-001185,2026-09-10T11:28:00,16.62,NGN,M-2045,telecom,pos,gh,C-10574,1036.0,7,21.21,0,20,1,momo,DEV-97960,CLR,Y,0
TXN-002325,2026-07-21T04:00:00,73.13,GHS,M-2053,restaurants,android,NGA,C-10703,1782.0,4,39.26,4,20,0,bank,DEV-84612,CLR,Y,0
TXN-000956,18/07/2026 23:44,38.52,GHS,M-2068,grocery,pos,GH,C-10399,1164.0,35,24.04,0,14,0,card,DEV-25954,CLR,N,0
TXN-001216,2026-07-20T05:50:00,35.81,NGN,M-2015,electronics,web,Nigeria,C-10394,1305.0,39,47.54,3,4,0,momo,DEV-17409,CLR,Y,0
TXN-002434,2026-07-26T01:37:00,42.24,USD,M-2003,telecom,android,GH,C-10176,937.0,20,23.89,0,15,0,card,DEV-66598,CLR,N,0
TXN-002854,30/07/2026 02:31,22.54,GHS,M-2074,grocery,ussd,Kenya,C-10065,6.0,39,10.61,0,1,0,momo,DEV-92900,CLR,N,0
TXN-001516,09-03-2026,4.81 GHS,GHS,M-2046,travel,web,ng,C-10409,165.0,28,5.31,2,20,0,momo,DEV-16919,CLR,Y,0
TXN-002392,20/08/2026 16:41,42.27,GHS,M-2011,unk,android,Kenya,C-10129,,34,62.0,0,1,0,momo,DEV-67811,CLR,N,0
TXN-000770,2026-07-31 03:04:00,,GHS,M-2019,restaurants,android,GHA,C-10351,1079.0,29,15.81,0,9,0,card,DEV-19966,CLR,N,0
TXN-001686,2026-08-16T04:37:00,18.86,GHS,M-2040,,android,ke,C-10122,860.0,1,19.96,0,12,0,card,DEV-87921,CLR,Y,0
TXN-000131,2026-08-25 23:01:00,26.87,GHS,M-2074,Grocery,android,NG,C-10211,3.0,27,21.0,0,3,0,card,DEV-42067,CLR,N,0
TXN-002920,13/08/2026 21:14,21.55,GHS,M-2065,,android,Nigeria,C-10249,9.0,23,12.5,1,12,0,card,DEV-97725,CLR,N,0
TXN-003172,24/08/2026 01:19,15.20,GHS,M-2004,,android,GH,C-10188,1331.0,13,10.55,0,12,0,momo,DEV-70406,CLR,N,0
TXN-002136,10/08/2026 06:07,20.75,GHS,M-2039,restaurants,android,gh,C-10645,785.0,9,25.28,0,19,0,momo,DEV-11212,CNF,N,1
TXN-001483,2026-08-03T19:14:00,82.45,GHS,M-2016,restaurants,ussd,Ghana,C-10148,562.0,24,52.24,0,12,0,momo,DEV-17835,CLR,N,0
TXN-000331,2026-07-26T06:27:00,39.21,GHS,M-2064,,web,GHA,C-10374,815.0,18,50.75,0,9,0,momo,DEV-58426,ESC,N,0
TXN-001239,2026-08-04T03:51:00,7.87,GHS,M-2049,grocery,web,Ghana,C-10454,553.0,10,3.82,4,17,0,momo,DEV-61701,CLR,Y,0
TXN-000467,2026-09-04T08:38:00,73.88,GHS,M-2094,,ios,gh,C-10619,10.0,38,37.64,4,23,0,card,DEV-97508,CLR,Y,0
TXN-002170,07-20-2026,25.04,GHS,M-2024,telecom,web,GHA,C-10687,375.0,25,27.4,0,4,0,card,DEV-49589,CLR,N,0
TXN-001639,07-19-2026,9.05,GHS,M-2015,,android,Ghana,C-10031,359.0,4,12.73,4,23,0,card,DEV-78808,CNF,Y,1
TXN-003093,2026-07-17T22:48:00,44.09,GHS,M-2074,grocery,android,GHA,C-10017,169.0,0,33.69,0,19,1,momo,DEV-18005,CLR,Y,0
TXN-001096,2026-08-14T09:09:00,30.36,GHS,M-2075,electronics,web,GH,C-10393,916.0,21,19.58,3,10,0,momo,DEV-53058,CLR,Y,0
TXN-001131,21/07/2026 10:34,15.85,GHS,M-2054,telecom,ussd,NGA,C-10329,111.0,26,23.02,2,18,0,momo,DEV-60785,CLR,Y,0
TXN-001295,2026-07-20T07:17:00,,NGN,M-2046,travel,web,NG,C-10512,1140.0,38,1079.92,7,19,0,card,DEV-40256,CLR,Y,0
TXN-000861,11/08/2026 01:35,155.61,GHS,M-2085,grocery,web,Ghana,C-10429,1202.0,15,85.74,0,14,0,card,DEV-88801,CLR,N,0
TXN-003175,11/09/2026 05:20,82.12 GHS,GHS,M-2065,restaurants,web,NGA,C-10435,249.0,35,45.59,0,13,0,bank,DEV-30573,CLR,N,0
